id,name,city
0,Jasmine,Meyerview
1,Michael,New Ericside
2,Lisa,Foxstad
3,Cynthia,East Drew
4,Daniel,Port Darinchester
5,Jose,North Michelle
6,Erica,Lake Charles
7,Michael,Jonesland
8,Charles,Heathermouth
9,Kathleen,Rachelstad
10,Sherry,Robertsville
11,Jessica,Port Lisa
12,Tina,Davidfort
13,Tina,Port Catherine
14,Julia,Perkinsland
15,Michael,Paulaport
16,Robert,East Deborahton
17,Katherine,Rochabury
18,Morgan,Samuelchester
19,Adam,Schroederville
20,Colleen,Warrenland
21,Ronald,West Erica
22,Amy,Grantchester
23,Gina,Sarahfort
24,Nancy,Kayleeborough
25,Kristen,Johnnyport
26,Jerry,Brewerborough
27,Lisa,Tiffanyfort
28,Gina,Amandaburgh
29,Pamela,Jessicaberg
30,Sarah,New Justin
31,Samantha,Lake Annettemouth
32,Javier,Lake Kimberly
33,Catherine,Port Nicole
34,Joshua,Jamesstad
35,Seth,Joshuatown
36,Stephanie,East Christina
37,Shelia,Jonesside
38,Heather,Ramseytown
39,Anna,Lake Kimberly
40,Jason,Perezmouth
41,Barbara,Ballardberg
42,Rebecca,Gonzalezfurt
43,Kayla,Shannonside
44,Jamie,East Emilyborough
45,Robert,Gregoryton
46,Roger,North Alejandra
47,Christina,Port Robert
48,Amy,Wilsonberg
49,Sarah,Amybury
50,Richard,East Abigail
51,Michael,Walterberg
52,George,Catherinefurt
53,Vanessa,North Leonard
54,Aimee,Lake Thomasmouth
55,James,Bakerville
56,Nicholas,Wilsonstad
57,Richard,Williamsville
58,David,East Glendaton
59,Kristy,Dannychester
60,Connie,East Racheltown
61,Kristopher,West Susanbury
62,Pamela,Pruittborough
63,Mary,South Karenmouth
64,Cindy,South Michaelbury
65,Shannon,Bryantton
66,Timothy,East Jenniferburgh
67,Timothy,Lake Mariah
68,Donald,East Carrie
69,Edward,Crystalberg
70,Nancy,Lake William
71,John,Rebekahmouth
72,Lisa,Lake Shane
73,Steven,East Deborahbury
74,Suzanne,West Calebport
75,James,Amberfort
76,Jamie,Obrienport
77,Bryan,New Anthony
78,Kerri,North Williamview
79,Richard,Trujillohaven
80,John,Jeffreymouth
81,Lauren,North Frankfurt
82,Kenneth,South Jessicaburgh
83,Thomas,Carolton
84,Joseph,Cainbury
85,Sylvia,New Shawn
86,David,Robertchester
87,Mary,Lake Sandra
88,Mary,East Richard
89,Jose,North Alexisfort
90,Rodney,Lake Jeremy
91,Willie,East Richard
92,Erika,Kirbyberg
93,George,Rhodesstad
94,Debra,Johnsonborough
95,Angela,Lake Tiffanyhaven
96,Cody,East Randyburgh
97,Erik,Jessemouth
98,Michelle,North Donnastad
99,Jason,Morrowstad
100,Tiffany,New Justinview
101,James,Thomashaven
102,Sandra,Reeseberg
103,Samuel,Travisborough
104,Alison,North Michael
105,Matthew,Markfort
106,Dalton,West Erinshire
107,Mark,Andersonland
108,Amanda,New Donald
109,Logan,West Brandon
110,Wesley,Chadstad
111,Kevin,Danielbury
112,Karen,East Jessicashire
113,Brian,East Jessicaport
114,Vincent,Krauseland
115,Bridget,Hendersontown
116,Tina,West Robertview
117,Abigail,West Paulton
118,John,Jennaland
119,Judy,Lake Chase
120,David,Harmonmouth
121,Patrick,Beverlyside
122,Cindy,West Brianville
123,Keith,West Monicafurt
124,Melissa,Nancyshire
125,Lisa,Robertstad
126,Jorge,East Nancyland
127,Anthony,Rebeccamouth
128,Shawn,Port Scott
129,Elizabeth,West Suzanne
130,Lisa,South Jamie
131,Sarah,Walkerview
132,Amy,Atkinsview
133,Victor,North Matthew
134,April,South Joshua
135,Richard,Andersonland
136,Jason,Jamesbury
137,Pamela,Tylerfort
138,Amy,West Brad
139,Melissa,Lake Lori
140,Brandi,Lake Christinemouth
141,Christina,Port Troyland
142,Lisa,Harrisland
143,Robert,North Samuelton
144,Ronald,Port Justinburgh
145,Jessica,Stephanietown
146,Marie,West Lindaland
147,Brandi,Tonyachester
148,Dean,Charlesside
149,Joshua,West Vincentshire
150,Michael,West Deanna
151,Michael,Port David
152,Veronica,South James
153,Lindsay,Lindseyview
154,Chelsea,Aaronhaven
155,Steven,Christinaview
156,Nicole,West Glenda
157,Jake,North Donnamouth
158,Tyler,Ericfort
159,Courtney,East Jon
160,Jimmy,Silvabury
161,Francisco,Nicolastown
162,Mary,West Moniquehaven
163,Calvin,New Kevinfort
164,Sarah,Sandrastad
165,Michael,Port Michelle
166,Logan,West Amanda
167,Joel,Chavezbury
168,Lauren,Webbborough
169,Keith,West Charlesborough
170,Dustin,Lisaside
171,Amy,West Martha
172,Jean,Eatonstad
173,Paul,Lucashaven
174,Kimberly,Jessicaton
175,Jesus,West Maureen
176,Barbara,West Cynthia
177,Shawn,North Maria
178,Gregory,Walkerhaven
179,Brandon,South Emilyfurt
180,Dawn,North Marie
181,Cody,Evansstad
182,Denise,West Claireburgh
183,Daniel,Wilsonborough
184,Dennis,West Amyburgh
185,Anthony,West Paul
186,Yvonne,Adamport
187,Thomas,West Markburgh
188,Michael,Stevensmouth
189,Lauren,West Sergio
190,Samantha,Williamsbury
191,Christian,New Joseph
192,Dustin,Lake Dawn
193,Travis,East Charleshaven
194,Shannon,Crossborough
195,Anthony,Hannahport
196,Kristopher,Nelsonport
197,Dean,East Laura
198,Amber,Mathisport
199,Geoffrey,Jeffreyside
200,Amy,Port Cynthiatown
201,Leslie,Keyville
202,Cynthia,South Dorothyville
203,Maurice,New David
204,Chloe,Jeffton
205,Heather,Matthewside
206,Cheryl,Katherineborough
207,Brooke,New Joshua
208,Cole,New Eileen
209,Chad,Lake Samantha
210,Samuel,South Jamesmouth
211,William,Tamarafurt
212,Justin,Karenstad
213,Catherine,Mossside
214,Thomas,Campbellchester
215,Jose,Taylorbury
216,Adam,Lake Sherri
217,Colleen,North Laura
218,Jose,Brownburgh
219,Carol,Austinhaven
220,Megan,Seanside
221,Susan,North Tylerfurt
222,Rhonda,Port Joseside
223,Teresa,West Jessica
224,Jonathan,Anthonyview
225,Todd,Davidfurt
226,Steven,Port Jenniferhaven
227,Vanessa,North Mariaberg
228,Matthew,Caitlinton
229,Dawn,Lake Williamhaven
230,Crystal,East Michael
231,Keith,Danielshire
232,Anna,Lake Ashleymouth
233,Michele,Kimberlytown
234,Monica,Lake Patricia
235,Sophia,Port Tyler
236,Brittany,Brownfort
237,Heidi,East Kathy
238,Jamie,Waltonland
239,Melissa,Yangborough
240,Deborah,Tiffanyfort
241,Lisa,North Ellen
242,Beverly,New Kristi
243,Justin,Lake Keith
244,Angela,West Nicole
245,Carmen,Alyssaton
246,Renee,North Nancyport
247,Phillip,West Justinburgh
248,Justin,South Jamesbury
249,Stephanie,Lake Richard
250,April,West Debbieburgh
251,Angela,Michaelton
252,Karen,New Christinafurt
253,Jonathan,South Kendrabury
254,Nicole,East Jamesberg
255,James,Sarahaven
256,Jaime,Gregoryport
257,Allison,Port Paula
258,Amber,West Nicole
259,Kyle,Barnesmouth
260,Kirk,West Christopher
261,Emily,Port Kyle
262,Susan,West Susan
263,Mariah,Mooretown
264,Curtis,West Dannyside
265,Laura,Anntown
266,Linda,South Jeffrey
267,Melissa,North Douglasmouth
268,Taylor,Port Ricardoton
269,Sarah,North Matthew
270,Alexis,North Christopherburgh
271,Carla,Garciabury
272,Amanda,Smithmouth
273,Melissa,Troyland
274,David,Port Elizabethfurt
275,Haley,Gomezberg
276,Paige,Wrighttown
277,Rachel,Richardberg
278,Amy,Christopherbury
279,Kristin,West Kyle
280,Bobby,West Rhonda
281,Mike,Markhaven
282,Denise,West Kristenmouth
283,Paige,East Jessica
284,Micheal,East Peter
285,Brandon,North Katherinestad
286,Linda,Gardnermouth
287,Benjamin,West Ronald
288,Alan,Jeremiahchester
289,Stephanie,Jamieborough
290,Kimberly,Damonborough
291,Anthony,Joyfort
292,Nancy,Rodgershaven
293,Lori,Port Jesus
294,James,West Sierra
295,Victoria,Craigland
296,Anita,Ashleyborough
297,Robert,Wilsonstad
298,Karen,Lake Michael
299,Meghan,Nicholsberg
300,Derek,Shawnstad
301,Nicholas,Anthonyfort
302,Hannah,Matthewmouth
303,Jeffrey,Lutzbury
304,Laurie,Gibsonhaven
305,John,South Kelseybury
306,Keith,Monicaville
307,Edward,Adamschester
308,Angela,Taylorview
309,Maria,Dannyshire
310,Isabella,East Robert
311,Patricia,Lake Jodiberg
312,Julie,North Carriefort
313,Heather,South Rachel
314,Trevor,Lake Annettestad
315,Charles,East Jameshaven
316,Jonathan,Andreafurt
317,Ashley,South Tannerfurt
318,Michael,Moorebury
319,Alan,East Jeffreyland
320,Heather,Port Nicholasfort
321,Glenn,South Aaron
322,Jeanne,Barkerfurt
323,Emily,North Brandonfort
324,Benjamin,West Jeremyberg
325,Lindsey,West Judy
326,Christine,Benjaminstad
327,William,Thompsonfort
328,Christina,Davidfurt
329,Justin,Julieton
330,Danielle,Brianberg
331,Ashley,Lake Brianview
332,Sylvia,Watersfort
333,Matthew,North Nicoleburgh
334,Megan,New Theodoreville
335,Tommy,New Ashleyview
336,Karen,New Barryville
337,Mindy,East April
338,Kyle,Lynnmouth
339,Kevin,Lake Craig
340,Donna,North Timothyton
341,Emily,Port Ashley
342,Kelly,North Bridgetberg
343,George,Laurietown
344,Robert,South Ericburgh
345,Scott,Mcguirebury
346,Amber,Brentbury
347,Jeffery,Johntown
348,Jaime,South Josephview
349,Terri,Mcphersonville
350,Cameron,Johnstad
351,Ashley,South Peter
352,Karina,Crystalberg
353,Marilyn,Lake Aprilfurt
354,Isaac,Vincentton
355,Tiffany,Cartershire
356,Michael,Karlafort
357,Ryan,Andrewburgh
358,Melinda,North Jasonstad
359,Meredith,South Theresaland
360,Jennifer,Charleschester
361,Kelly,Barkerborough
362,Marie,West Michael
363,Barry,Cruzburgh
364,Julie,Robertbury
365,Chelsea,North Megan
366,Dustin,Jeffreymouth
367,Haley,Lopezland
368,Lucas,Walkerchester
369,Kelly,South Theodoremouth
370,Toni,Stevenston
371,Richard,West Danielview
372,Jillian,Port Joshua
373,Sandra,West Maryburgh
374,Brian,Christensenhaven
375,Adam,Port Miguelland
376,Samantha,Cassidyville
377,Robert,Port Johnland
378,Andrea,East Cameronview
379,Bailey,Elizabethshire
380,Reginald,Amymouth
381,Juan,Ryanstad
382,Jeffrey,New Christineport
383,Patrick,West Timothy
384,Angel,Jonesbury
385,Nicole,East Michael
386,Kathy,Port John
387,Jeremy,Simsfort
388,Denise,East Kristine
389,Sarah,Campbellchester
390,Cindy,Port Veronicaport
391,Sergio,Kellyshire
392,Cindy,West Ryanmouth
393,Ashley,East Natalie
394,Christopher,Timothyfort
395,Matthew,East Michele
396,Leslie,Williamsonport
397,Marc,Port Thomas
398,James,New Michaelland
399,Vicki,Hardingside
400,Justin,Port Joseph
401,Sara,Kimberlyville
402,Andrew,Stephanietown
403,Debra,Thompsonville
404,Mary,West Carlosfort
405,Martin,Powellbury
406,Renee,West Stephanieland
407,Tara,Danielport
408,Jeffery,Kennethmouth
409,Lacey,Lake Sarahfort
410,Michelle,East Lisafort
411,Joanna,North Allen
412,Sarah,East Bruceland
413,Adam,South Jessicastad
414,Jeremy,New Sonia
415,Nancy,Brettton
416,Michelle,West Henryshire
417,Gregory,Murrayfurt
418,Kaitlyn,Port Christopher
419,Daniel,South Jared
420,Robert,Millerport
421,Andre,South Robin
422,Angela,Lake Aaron
423,Marcus,Waltonborough
424,Stacie,East Kelly
425,Bryan,West Jodifurt
426,James,Port Shawnborough
427,Michael,New Steven
428,James,New Donaldside
429,Monica,Allisonside
430,Danny,Port Martin
431,Kathryn,Port Jennifershire
432,Scott,Lake Matthewhaven
433,Jennifer,East Zachary
434,Jason,South Eduardo
435,Julie,East Tammy
436,Barbara,Zacharyport
437,Janet,West Robertland
438,Donald,North Michael
439,Lisa,Matthewland
440,Eric,East Monica
441,Alexis,North Heatherchester
442,Joseph,West Josephview
443,Jeffrey,East Andrew
444,Kimberly,Reneemouth
445,Carol,East Andrea
446,Christopher,South Johnhaven
447,Christopher,Dixonton
448,Melissa,Jacquelineborough
449,Mark,North Wendyville
450,Cody,South David
451,Stephanie,Torresside
452,James,West Ryan
453,Candice,Velezfurt
454,Tamara,Millerton
455,Michael,New Willie
456,James,South Holly
457,Sarah,New Stacystad
458,Courtney,East Nicholas
459,Sandra,Port Rosston
460,Sarah,North Pamela
461,Crystal,Ryanton
462,Patrick,Christopherland
463,Daniel,East Mark
464,Jessica,Jenniferbury
465,Rachel,Woodton
466,Douglas,Sabrinabury
467,Victoria,Port Melissaport
468,James,Walterview
469,Patrick,Singhport
470,Shelby,East Amanda
471,Harry,Alvaradobury
472,Eric,Gomezton
473,Kara,Jeremyhaven
474,Spencer,Prattchester
475,Roberto,Port Richardtown
476,Amy,Potterchester
477,Jaclyn,Cassandraton
478,Steven,Knightport
479,Jake,Riveraside
480,Jason,South David
481,Jeremiah,North Peterfort
482,Philip,Davidstad
483,Dustin,Seanstad
484,Amanda,Russellbury
485,Nathan,Tammyberg
486,Julie,Shawnamouth
487,Jeffery,Lynnshire
488,Tracy,South Nicholas
489,Sarah,North Keithburgh
490,Jonathan,North Larry
491,Melanie,Johnmouth
492,Elizabeth,Thomasstad
493,Mary,Port William
494,Raymond,Bernardhaven
495,Samuel,Marissamouth
496,Joseph,Faulknerborough
497,Jonathan,Tinahaven
498,Nathan,Port Patriciaton
499,Ashley,East Alisonmouth
500,Henry,Brownside
501,Johnathan,West Thomasmouth
502,Melissa,Martinezmouth
503,Mikayla,Nathanside
504,Travis,Christinemouth
505,Jay,East Melaniefurt
506,Linda,Port Saratown
507,William,Port Bruceland
508,Clarence,East Juliebury
509,Justin,Lake Christopher
510,Tracey,Lowefurt
511,Bailey,Timothyfurt
512,Lauren,Port Grant
513,Frederick,West Kayleefort
514,Shelly,Richardmouth
515,Jeanne,West Michael
516,Kimberly,North Gordonside
517,Micheal,Port Margaretville
518,Anthony,West Kathrynmouth
519,Miguel,Port Anthonyfort
520,Albert,North Robert
521,Megan,Denisetown
522,Louis,Martinland
523,William,South Devinmouth
524,Patrick,Bassshire
525,Alexander,Lake Edgar
526,Janet,South Jeffreytown
527,Kristen,West Hunter
528,Aaron,West Robertside
529,Tanya,Elizabethfort
530,Michael,South Sherry
531,Jason,North Jacqueline
532,Carol,West Juliafurt
533,Patrick,New Michael
534,Joseph,New Craig
535,Michael,Port Rebecca
536,Brian,New Cynthiaview
537,Anne,North Peter
538,Wendy,Lake Paul
539,Angelica,Vazquezville
540,John,New Michaelfurt
541,Nichole,Lake Lindseyville
542,Elizabeth,New Ericastad
543,Elizabeth,North Brittany
544,Steven,New Christopher
545,John,Lake Ronaldtown
546,Lisa,Prestonmouth
547,Kenneth,New Elizabethfurt
548,Caroline,New Angelaview
549,Jesse,Thompsonstad
550,Nicholas,New Joshuaberg
551,Laura,New Nicholasstad
552,James,New Joshuatown
553,Kevin,North Stanley
554,Kyle,Justinton
555,Maureen,Greenmouth
556,Amanda,Port Laurenside
557,Donna,South Richard
558,John,Phillipsfort
559,Jeremy,Jessicatown
560,David,East Krystal
561,David,Lake Jenniferborough
562,David,Navarroport
563,Michael,Lake Blaketown
564,Amy,North Arthur
565,David,New Mikeport
566,Christy,New Paul
567,Brenda,East Jesseville
568,Jonathan,Lake Danielle
569,Tyler,Devonland
570,Brandon,North Dennis
571,Kevin,Bethanyhaven
572,Stacy,New Kenneth
573,Mary,Port Amberfort
574,Matthew,New Jason
575,Amanda,Port Christian
576,Kimberly,Jonesberg
577,Matthew,Craigport
578,Thomas,Port Norma
579,Jamie,Fullerside
580,George,Port Ashleyton
581,Kenneth,Samanthaville
582,David,West Beth
583,Melanie,Blakemouth
584,Nathan,New Brianna
585,Nancy,West Christinehaven
586,Bruce,New Christyhaven
587,Gail,Joannashire
588,Kelli,Edwardmouth
589,Mark,Andrechester
590,Tammy,Odonnellfurt
591,Alexis,South Johnville
592,Allison,West Jessicaview
593,Jason,North Thomas
594,Michael,West Joan
595,Jaime,North Christianland
596,Troy,Campbellside
597,Duane,North Melissatown
598,Michael,Heatherborough
599,Benjamin,Jaredville
600,Joe,Velasquezchester
601,Natasha,Ruizland
602,Amanda,New Kyleland
603,Mark,Port Nicolechester
604,Paul,West William
605,Mary,Ginaton
606,David,Kellyview
607,Mary,Johnhaven
608,Charles,Lake Kimmouth
609,Anthony,South Aaronhaven
610,Emily,Lake Matthewtown
611,Erica,New Elizabethberg
612,Allen,Port Theresa
613,Eric,Nathanielland
614,Michael,Ortegamouth
615,Zachary,Port Donna
616,Timothy,West Dawnhaven
617,Deborah,South Rodneystad
618,Tamara,Baxterside
619,Daniel,Michaelchester
620,Christie,Morrisonbury
621,Betty,South Saramouth
622,Dustin,Smithberg
623,Mason,Lukechester
624,Rhonda,Lake Marissa
625,Melissa,North Jennifer
626,Micheal,South Brandonburgh
627,Todd,Kennethfurt
628,Marie,Bennettside
629,Jennifer,East Heather
630,Joshua,West Karenmouth
631,Anthony,East Katherine
632,Kelly,North Ryan
633,Ashley,South Miranda
634,Joseph,Fisherport
635,Wanda,East Jamesshire
636,Lindsay,South Nicholasbury
637,Alexandra,Shelbyfort
638,Kevin,New Amberbury
639,Frank,Lake Joanne
640,Robert,North Michelle
641,Elizabeth,Shawshire
642,Mary,New Dustin
643,William,Millerstad
644,Jacob,Davidside
645,Brandon,West David
646,Mary,Mcdowellstad
647,Jonathan,South Ruthshire
648,Andrea,Lake Deborah
649,Daniel,West Ashleymouth
650,Andrew,South Lisaborough
651,Michelle,West Karen
652,Lori,Murphyport
653,Becky,Davidfort
654,Tricia,Benjaminland
655,Devon,New Christine
656,Danielle,Ericberg
657,Melissa,Delgadoberg
658,Katherine,West Kayla
659,John,South Manuel
660,Nancy,New Annastad
661,Daniel,North Charles
662,Natasha,Robbinsview
663,Christopher,Jamesberg
664,Kimberly,Port Monique
665,Jennifer,South Josephmouth
666,Steven,Josephtown
667,Randall,Hoffmanville
668,Thomas,South Matthewton
669,Warren,East Crystal
670,Yvonne,New Marco
671,Sandy,Colleenchester
672,John,Lake Travisland
673,Robin,North Beverlymouth
674,Kristin,North Ericside
675,Michael,Duncanberg
676,Robert,Port Brendantown
677,Brian,West Tara
678,Lisa,Millerside
679,Justin,Port Jessicafort
680,Steven,Port Jonathanton
681,Linda,Jessicastad
682,Lisa,Port Douglas
683,Melinda,Port Samanthamouth
684,Anna,East Ruth
685,Samantha,Danafort
686,Kari,North Mark
687,Melinda,Lake Colleen
688,Brian,Martinland
689,Brian,North Shaneborough
690,Alexandra,Williamland
691,John,Autumnton
692,Ann,Matthewshire
693,Melanie,New Taylorstad
694,Andre,Jonesstad
695,Michael,Brandifort
696,Angela,Laurenborough
697,Douglas,West Christianhaven
698,Brian,North Jasonhaven
699,Tara,Paultown
700,Jeffrey,Janechester
701,Kimberly,Andersonshire
702,Sharon,East Patricialand
703,Dennis,Duncanmouth
704,Michael,Mitchellhaven
705,Karen,New Steven
706,Gregory,West Christinafort
707,Karen,West Michaeltown
708,Paul,Jamesport
709,Danny,East Christina
710,Richard,South Darleneberg
711,Emily,West Kristinamouth
712,Jesse,West Kevin
713,Ronald,East Jeffrey
714,Yvonne,North Alexanderburgh
715,Brian,Lake Joshua
716,Jessica,West Julia
717,Adrian,West Melissa
718,Kimberly,Port Jasonside
719,Keith,South Brittneyburgh
720,Eric,Laurenstad
721,Traci,North Cindy
722,Patrick,Robertfurt
723,Phyllis,Andreaville
724,Kelly,Lake Austin
725,Natalie,East Christopher
726,Jeff,Port John
727,Robert,Jimmymouth
728,Dominique,Taylorshire
729,Tracy,Palmerport
730,Holly,East Brittanystad
731,Todd,East David
732,Dawn,Susanbury
733,Philip,New Jenniferhaven
734,Kimberly,South Bridget
735,Denise,Port Brian
736,Jill,East Donaldstad
737,Ronald,Port Grace
738,Andrea,Changmouth
739,Jose,Christopherview
740,Taylor,Lake Mike
741,Jason,Marymouth
742,Autumn,Donaldchester
743,Alison,Port Edwardport
744,Nicole,Smithview
745,Lori,Riceborough
746,Brandy,North Carolview
747,Lisa,Wutown
748,Jeffrey,Ginaview
749,Allison,Davidhaven
750,Kaitlyn,Williamsmouth
751,Mark,West Jenniferport
752,Brittany,Nicolasland
753,Yolanda,Christopherview
754,Ronald,Kyleburgh
755,Nathan,Dianeton
756,Andrew,Lake Alejandra
757,Daniel,Bondland
758,Sherry,Kyleville
759,Jason,Turnerburgh
760,Richard,West Andrewchester
761,Tiffany,Williamsborough
762,Anthony,North Jamesshire
763,Cameron,West Joshua
764,Michael,Lake Jessicaton
765,Patrick,West Lisa
766,Charles,Port Jamesborough
767,Jeremy,Port Joseph
768,Tracey,East Joshua
769,John,North Alisha
770,Robert,North Juliafort
771,Kimberly,Lake Sarah
772,Melanie,Laurenview
773,Pamela,East Jamesfurt
774,Mary,Combsview
775,Jessica,East Samantha
776,Brandon,Tylerhaven
777,Lisa,Jamesmouth
778,Alexis,North Lisa
779,Kristi,East Jeromemouth
780,Edward,Williamsmouth
781,Meredith,Tranview
782,Ashley,Martinshire
783,Douglas,Josetown
784,Patrick,Wrightview
785,Olivia,West Claire
786,Samantha,East Sara
787,Felicia,Sharonbury
788,John,Pattersonbury
789,Charles,Sarahland
790,Bruce,East Kevinton
791,Alejandro,Lake Willieburgh
792,Theresa,West Sandra
793,Anne,Williamsmouth
794,Krystal,North Timothy
795,Victor,Alfredside
796,Lauren,Gouldshire
797,Sarah,Wolfview
798,George,Kellyfurt
799,Robert,Taylorton
800,Wanda,Lindatown
801,Emily,East Jeremiah
802,Garrett,Erikatown
803,Lisa,Stephenschester
804,Robert,Kathleenhaven
805,Devin,Port Kelly
806,Virginia,Hillshire
807,Matthew,Gabrielchester
808,Erika,Lyonsburgh
809,Sarah,Harriston
810,Annette,South Timothy
811,David,Port Michael
812,Holly,East Rebeccaborough
813,Travis,Hunterview
814,Aaron,New Laura
815,Suzanne,Markstad
816,Patty,Port Anthonyfort
817,Marie,Butlerview
818,Natalie,Michelleberg
819,Stefanie,Garciaville
820,Tammy,Christopherbury
821,Caitlin,Jacksonborough
822,Spencer,North Samuel
823,Jonathon,Holderland
824,Nathan,Turnerstad
825,Jeffrey,Evanschester
826,Zachary,Allisonburgh
827,Jonathan,Emilyville
828,James,Stevenmouth
829,Ashley,Chapmanchester
830,Trevor,East Kelsey
831,James,Amandastad
832,Shelia,Port Kylechester
833,James,Newmanland
834,Curtis,Port Edwardfort
835,Linda,Pollardside
836,James,Hillland
837,Michelle,Anthonymouth
838,Tara,Port Sarahview
839,Jorge,Ballshire
840,Michael,New Dannyberg
841,Suzanne,West Jennifer
842,April,West Garrett
843,William,Harrisfort
844,Richard,Smithburgh
845,Matthew,Brianfort
846,Jeffrey,Lake Zachary
847,Erica,East Emilymouth
848,Brianna,Estradahaven
849,Helen,Victorview
850,Rachel,Caseyside
851,Amy,Campbellfurt
852,Kimberly,West Matthewbury
853,Dustin,South Allison
854,John,Melissaberg
855,Albert,New Aaron
856,Jasmine,Melissaberg
857,Cory,Benjaminberg
858,Anne,South Alexander
859,Erica,Lorettaville
860,Christine,Katherinechester
861,Michelle,North Timothyville
862,Kelli,Lake Nicoleland
863,Robert,East Kristinmouth
864,Kevin,East Johnnyborough
865,Aaron,South Jessicaville
866,Darrell,Jennifermouth
867,Bryan,New Jameschester
868,Grace,North Dominiquestad
869,Ronald,South Jennifer
870,James,Port Maria
871,Renee,North Lisa
872,Linda,Benjaminview
873,Cheryl,West Alex
874,Micheal,Lake Sallyborough
875,Bonnie,East Christopherport
876,Kevin,Lake Teresaberg
877,William,East Charlesfort
878,Steven,South Michelletown
879,Timothy,Victorton
880,Sheila,Port Maureen
881,Shirley,Gregoryview
882,Alicia,Normanside
883,Lisa,Kathleenfort
884,Benjamin,Toddville
885,Thomas,Josephstad
886,Katie,East James
887,Melinda,East Ryan
888,Brian,South Richardbury
889,Lindsay,Port Debrastad
890,Daryl,South Kathy
891,Jason,New Curtisshire
892,Heather,Howardmouth
893,James,New Larryland
894,Erin,North Billy
895,Alex,North Josephburgh
896,Lisa,Ryanhaven
897,Sonya,New Benjamin
898,Jose,Port Jose
899,Roy,West Tyrone
900,Jennifer,Lewisborough
901,Betty,Jessetown
902,Nicholas,Moraton
903,Dawn,South Edwardside
904,Catherine,Millerhaven
905,Derrick,New Jane
906,Lisa,Veronicaburgh
907,David,West Sherry
908,Susan,Bennettborough
909,James,West Maryport
910,Luis,Danielsmouth
911,Jessica,Richardtown
912,Nicholas,Obrientown
913,Nathan,Guerrerofort
914,Austin,East Oscarfurt
915,Veronica,East Laura
916,Cameron,Port Melissafort
917,Lucas,Lake Amanda
918,Alan,Jamesfort
919,Matthew,Floresburgh
920,Suzanne,New Samantha
921,Natalie,East Kimberlystad
922,Vanessa,Melissaton
923,John,Port Jacob
924,Bryan,Kennethstad
925,Samuel,Baileybury
926,Alexis,New Jonathanborough
927,Vincent,South Martha
928,Paula,Gayfort
929,Beverly,South Elizabethshire
930,Joseph,Heidimouth
931,Andrew,Connieborough
932,Richard,Harrisview
933,Theresa,South Donaldfort
934,Douglas,Victorville
935,Ryan,Meadowsshire
936,Jacob,Port Steven
937,Sean,Bruceland
938,Erika,Thompsonbury
939,Martha,Williamburgh
940,Sarah,South Phillipland
941,Bethany,North Adamburgh
942,Richard,West James
943,Kristen,Stephaniefort
944,Thomas,Lake Reginaldstad
945,Michelle,Millerview
946,Holly,Jonathanborough
947,Tabitha,West Matthewland
948,Cody,East Sarafort
949,Theresa,Loriside
950,Christopher,Ramseyborough
951,Robert,Port George
952,Chris,Port Darren
953,Amy,New Lee
954,Jessica,North Scotttown
955,Chelsea,Richardsonton
956,Dennis,Lake Sarah
957,Mary,Lake George
958,Evan,West Sandra
959,Brett,East Douglaschester
960,Jaime,South Eileenfort
961,Heather,West Rachel
962,Jack,Silvahaven
963,Elizabeth,Margaretshire
964,Daniel,Derekburgh
965,Eric,Andrewland
966,Brian,Youngbury
967,Suzanne,Amberstad
968,Alexandra,Petersonfort
969,Cory,Jarvisside
970,John,Chapmantown
971,Brandi,Dunlapfort
972,Angela,Summerschester
973,Karen,Stephaniemouth
974,Crystal,Port Francisborough
975,Mikayla,Turnerport
976,Donald,Port Kellyfurt
977,Eric,Michaelshire
978,Michael,North Wayneton
979,Matthew,Codytown
980,Melissa,New George
981,Cynthia,Howardport
982,Michelle,Mariahland
983,Lisa,Cranefurt
984,Jessica,Stephaniefurt
985,Garrett,South William
986,Tristan,Kristinberg
987,Dawn,Williamsmouth
988,Craig,Tranview
989,Matthew,South Jennifer
990,Christine,Robertmouth
991,Carmen,Pattyview
992,Morgan,Alvareztown
993,Eric,West Garymouth
994,Joanne,East Daryl
995,Ralph,Harperport
996,Nicholas,Port Jorge
997,Tina,Rothbury
998,Jessica,New Josephland
999,Rachel,Walkerchester
1000,Brandon,Sandrahaven
1001,Adam,Perezville
1002,Chad,West Brianfurt
1003,David,West Jessicaport
1004,Henry,Kimberlyland
1005,David,Port Paultown
1006,Jeremy,Port Vickistad
1007,James,North Jamie
1008,Vanessa,Port Robertfurt
1009,Robert,South Kelsey
1010,Jimmy,East Ericafurt
1011,Helen,West Kimberly
1012,Debra,West Johnton
1013,Robert,East Tina
1014,Kathryn,North Kristenshire
1015,Timothy,Pinedachester
1016,Kimberly,Foxmouth
1017,Melissa,South Mary
1018,John,Christophermouth
1019,Daniel,Shelbyview
1020,Glenda,West Georgefurt
1021,Jeffrey,South Shannon
1022,Pamela,Jefferyview
1023,Jeffrey,West Rachael
1024,Carrie,Dominiquefort
1025,Bianca,South Michaeltown
1026,Charles,Ellenmouth
1027,Stacey,Joshuaton
1028,Aaron,Davisville
1029,Dana,East Thomasmouth
1030,Erica,Chrisshire
1031,Ryan,Joneschester
1032,Rhonda,North John
1033,Julie,Lake Leah
1034,Stacy,Brauntown
1035,Richard,South Wandamouth
1036,Matthew,Greenmouth
1037,John,Ethanburgh
1038,Aaron,Websterberg
1039,Teresa,West Thomas
1040,Donald,Blanchardtown
1041,Janice,Christinemouth
1042,Jason,Port Cody
1043,Steven,North Leon
1044,Krista,South Andreberg
1045,Brittany,Mollyfort
1046,David,Shaneside
1047,Diane,North Moniquechester
1048,Jessica,North Taylortown
1049,Jason,Rossfort
1050,Alexander,North Donaldchester
1051,Paula,Port Michelle
1052,Cynthia,Chadland
1053,Brad,East Jonathan
1054,Jennifer,Carpenterhaven
1055,Jerry,North Gary
1056,Andrew,Jessicastad
1057,Michael,South Johnny
1058,Allison,Dukeville
1059,Virginia,South Nancy
1060,Mike,Lesliehaven
1061,Melissa,East Brittany
1062,Joseph,Denisehaven
1063,Victoria,East Nathanielland
1064,Lisa,Karenstad
1065,Anthony,Johnsonland
1066,Darlene,Elliottfort
1067,Joshua,Millstown
1068,Katherine,South Kathy
1069,Jason,South Marytown
1070,Amanda,North Catherine
1071,Kathy,South Kimberlyfurt
1072,Eric,South Becky
1073,Gilbert,Natashaton
1074,Arthur,West Jenniferhaven
1075,Anthony,East Ericborough
1076,Michael,North John
1077,Rebecca,Annafort
1078,Julie,Davidtown
1079,Colton,Port Jasonshire
1080,Jose,Frankbury
1081,Suzanne,Jenniferfurt
1082,Ashley,Martinfurt
1083,Peter,Olsonburgh
1084,Mark,East Maryborough
1085,Lauren,Michaelburgh
1086,Paul,Masseyport
1087,Joanna,North Jeffery
1088,Anna,Lake Heatherberg
1089,Chad,South Ernest
1090,Joseph,Bautistabury
1091,Ashley,West Kevinstad
1092,Nathaniel,Lake Yvonne
1093,John,West Rachelland
1094,Jesse,Elizabethchester
1095,Stephanie,Klineberg
1096,William,Christinemouth
1097,Dylan,South Kimberlyport
1098,Brittany,Lake Rebeccaburgh
1099,Yvonne,Kellieshire
1100,Kelly,West Deanna
1101,Todd,East Phillipfurt
1102,Michael,Michaelside
1103,Teresa,Jerrystad
1104,Mary,South Charleneshire
1105,Kristine,Jenniferland
1106,Jesus,New Kelly
1107,Brooke,Michaelport
1108,Rachel,East Kathleen
1109,Donald,West Reginaside
1110,Margaret,North Brian
1111,David,West Marieville
1112,Marie,Lake Steven
1113,Katherine,New Randall
1114,Suzanne,Lake Madison
1115,Jon,Jacobside
1116,Kimberly,Murphyshire
1117,James,West Davidshire
1118,Michael,Fosterton
1119,Victoria,Traceybury
1120,Brandy,North Jameston
1121,Adam,Port Benjamin
1122,Travis,Candicemouth
1123,William,Castilloside
1124,Nicholas,Leachville
1125,James,Alvarezland
1126,Brianna,Port Victoriafurt
1127,Cody,Perryside
1128,Brian,Daviesberg
1129,Michael,New Alexander
1130,Heather,Richardsonfort
1131,Patrick,West Anthonytown
1132,Kristina,South Michaelview
1133,Jeremy,South Eric
1134,Brian,Lake Nathanfurt
1135,Justin,Perrystad
1136,Gary,Robertsmouth
1137,Jose,Cameronton
1138,Latasha,New Anthony
1139,Susan,New Annfurt
1140,Anthony,New Kevin
1141,Leonard,East Brian
1142,Cesar,Port Christopherchester
1143,George,Stevenbury
1144,Frances,South Jeremybury
1145,Charles,New Bobby
1146,Jennifer,Penafort
1147,Justin,New Karen
1148,Calvin,West Anthony
1149,William,South Dianemouth
1150,Antonio,Johnfort
1151,Richard,Port Paigeborough
1152,Erik,New Ana
1153,Jeffrey,Mariaborough
1154,Walter,Sonyatown
1155,Ryan,Lake Jonathan
1156,Scott,Angelamouth
1157,Douglas,Cabreraberg
1158,Matthew,Anthonychester
1159,Melissa,New Charles
1160,Christopher,Baileyton
1161,Cheryl,Lake Matthew
1162,Jared,Danielbury
1163,Valerie,South Toddberg
1164,Cassandra,New Dawnberg
1165,Jacqueline,New Brandonville
1166,Melissa,Davidbury
1167,Jessica,Abbottbury
1168,Cynthia,Lake Julian
1169,Anthony,Murphyton
1170,Ryan,Ryanbury
1171,Tony,Lake Anthony
1172,Stephanie,New Henryport
1173,Gary,East Julie
1174,Kristen,East Rachelfort
1175,Ashley,West Rebecca
1176,Tiffany,Port Kelly
1177,Rachel,East Jessica
1178,Keith,Calvinview
1179,Melinda,New Sandrachester
1180,Elizabeth,Millermouth
1181,Christina,Fryemouth
1182,Mia,Mariahburgh
1183,Juan,Jorgeland
1184,Michael,East Crystalstad
1185,Melanie,Brendachester
1186,Lee,Lake Zacharyfurt
1187,Christopher,Robinsonstad
1188,Tammy,Williambury
1189,Frank,Bradyshire
1190,Erin,North Douglasland
1191,Michael,Port Graceborough
1192,Robert,South Hannahland
1193,Nicolas,Stevenbury
1194,Veronica,Kyleburgh
1195,Henry,Toddstad
1196,Marie,Mooreberg
1197,Eric,Atkinsonborough
1198,Frank,North Chadview
1199,Stephanie,Manningbury
1200,Holly,Leemouth
1201,David,New Brookemouth
1202,Jesse,Petersview
1203,Tina,New Calvinfurt
1204,Amanda,North Karastad
1205,Thomas,Port Reginaldville
1206,Brenda,North Elizabethmouth
1207,Andrew,Greenbury
1208,Derrick,Simmonsborough
1209,Linda,Danielletown
1210,John,East Katie
1211,Adrian,Port Jonathan
1212,Derrick,Lake Gregory
1213,Robert,Richardsonshire
1214,Nicole,Markmouth
1215,Vincent,West Jonathan
1216,Sarah,Port Davidland
1217,Thomas,Christyport
1218,Logan,South Samantha
1219,Alisha,New Brettmouth
1220,Rachael,Mariahaven
1221,Jamie,North Kimberg
1222,Elizabeth,Bryanton
1223,Renee,Crystalchester
1224,Dustin,West Nathan
1225,Lisa,Howardbury
1226,Sarah,New Kyle
1227,John,East Daltonstad
1228,Wendy,Jacksonbury
1229,Anna,North Theresaborough
1230,Alexander,Hallchester
1231,Alexis,East Alex
1232,Leslie,Hallhaven
1233,Amanda,Spencerfurt
1234,Stephanie,Sherryfort
1235,Paula,Hamptonfurt
1236,Christopher,Calebtown
1237,Jesse,West Desireemouth
1238,Vincent,Lake Danielle
1239,Curtis,West Danielview
1240,Travis,Duaneville
1241,Stacey,Port Travis
1242,Gina,North Susanberg
1243,Anthony,Autumnville
1244,Ryan,Jerrychester
1245,Ruth,Port Tracyberg
1246,Angela,Travischester
1247,Craig,Smithland
1248,Lindsay,Port Emilyshire
1249,Jamie,Johnstonstad
1250,Gregory,New Martintown
1251,Laura,Jonathanland
1252,Christopher,Stephaniechester
1253,Margaret,West Tyler
1254,Alexis,West Johnland
1255,Robert,Rebeccaville
1256,Brian,South Annettechester
1257,Anne,New Lorifort
1258,Jacqueline,Andrealand
1259,Tiffany,New Judithhaven
1260,Jeffery,New Laurieton
1261,Brittany,Rebeccaview
1262,Reginald,South Kristin
1263,William,Chenfurt
1264,Shaun,East Rachelview
1265,Gregory,Sanchezshire
1266,Crystal,Hoffmanshire
1267,Michael,Christopherstad
1268,Douglas,Taraview
1269,Sara,South Lisaton
1270,Savannah,New Juliebury
1271,William,Reginatown
1272,Alexander,East Christian
1273,Patrick,Nguyenfurt
1274,Kristina,Lake Nicolestad
1275,Brett,East Davidstad
1276,Matthew,South Dawn
1277,Wesley,West Carrieberg
1278,Jordan,Schneiderview
1279,Tyrone,Brandonland
1280,Ana,New Stuart
1281,Michelle,South Andrewfort
1282,Carrie,East Troyshire
1283,Jason,Dannyhaven
1284,Keith,Kingburgh
1285,Elizabeth,Jonathanland
1286,Claire,Mullinsmouth
1287,Nathan,South Patricia
1288,Michael,New Makaylafurt
1289,Amber,North Jesse
1290,Duane,Larrymouth
1291,Jessica,Christinefort
1292,Julie,Lake Kaylafort
1293,Brent,Kimberlystad
1294,Sara,Port Joseph
1295,Sherri,East Elizabeth
1296,Sonya,New Dawnland
1297,Scott,South Ashley
1298,Joseph,Hornetown
1299,Kaylee,Theresamouth
1300,Mary,Mariastad
1301,Heather,Wesleyborough
1302,Maria,Edwardland
1303,Timothy,South Michael
1304,Sandra,Tiffanyburgh
1305,Michael,Lake Benjamintown
1306,Ryan,New Rogertown
1307,Charles,Lake Christopherport
1308,Rachel,Saraton
1309,Julie,Karenfurt
1310,Perry,Lake Daniel
1311,Shelby,North Daniel
1312,David,Patriciachester
1313,Steven,Cooperton
1314,Michael,North Samuel
1315,Robert,New Stephanieside
1316,David,Port Bradley
1317,Joseph,Brandybury
1318,Randy,Gonzalestown
1319,Edwin,North Dannyborough
1320,Caleb,New Amymouth
1321,Stephen,Port Eddieland
1322,Cameron,Jonesburgh
1323,Cindy,Marthaport
1324,Matthew,Michelleborough
1325,William,West Susan
1326,Suzanne,New Victor
1327,Chad,Donaldton
1328,Catherine,East Kyleshire
1329,Sarah,Ortizview
1330,Alex,Jeffreyberg
1331,Terri,Robertton
1332,Leslie,East Stevenmouth
1333,Brandon,Johnsview
1334,Jamie,Port John
1335,Stacy,Emilyview
1336,James,Williamchester
1337,Michelle,New Todd
1338,Rebecca,South Kristen
1339,Nicholas,West Jennaview
1340,Joshua,South Manuelview
1341,Nicole,North Henrystad
1342,Andrew,Adamsmouth
1343,Pamela,West Philip
1344,James,West Juliefurt
1345,Brian,Lake Andrewtown
1346,Zachary,South Josephland
1347,Alec,Port Markshire
1348,Melinda,Lake Mary
1349,Jeffrey,Lewistown
1350,Janet,South Ray
1351,Edward,South Margaretmouth
1352,Teresa,Robertshaven
1353,Richard,Lake Erin
1354,Adam,New Gregory
1355,Juan,Marksborough
1356,Martha,South Chloeshire
1357,Brian,Port Courtney
1358,Melinda,South Nancy
1359,Teresa,Lake Brenda
1360,Mark,Samanthaborough
1361,Thomas,Matthewburgh
1362,Christine,Lake Michele
1363,Anna,Gonzalesfurt
1364,Deanna,Port Cindy
1365,Michelle,East Jeffery
1366,Danielle,East Stephen
1367,Angela,West John
1368,Christopher,Phamtown
1369,Jennifer,South Travis
1370,Erika,South Erica
1371,Jeanette,Nicholasbury
1372,Danielle,Edwintown
1373,Maria,East Richard
1374,Taylor,West Mariaburgh
1375,Erica,Christianhaven
1376,Cody,Kelseyshire
1377,Sarah,Terribury
1378,Brittany,Joshuabury
1379,Elizabeth,Heidiborough
1380,Jermaine,Luisberg
1381,Joseph,Chelseashire
1382,Ann,Gregorychester
1383,Christopher,Port Amyside
1384,Veronica,Lake John
1385,Albert,South Lisa
1386,Teresa,Moorebury
1387,Carl,West Thomas
1388,Derek,Jonesside
1389,Leah,Amandaton
1390,Michael,Lynnborough
1391,James,East Keithview
1392,Justin,Tuckerview
1393,Dwayne,Sullivanland
1394,Stanley,Sheltonchester
1395,Troy,Vincentfurt
1396,Nicole,Lake Camerontown
1397,Carrie,South Jennaborough
1398,John,Obrienberg
1399,Meghan,Robinsonview
1400,Mary,Roblesville
1401,Desiree,Lake Mathew
1402,Linda,New Tracychester
1403,Elizabeth,Lake Carmen
1404,Jason,West Samanthaview
1405,Veronica,North Markport
1406,Lisa,New Hector
1407,Robert,Justinbury
1408,William,Allenberg
1409,Angela,Stevenburgh
1410,Connie,Guerrerohaven
1411,Keith,North Craigtown
1412,Elizabeth,Marshalltown
1413,Jacob,Lake Tarafort
1414,Harold,Beltranmouth
1415,Melissa,East Patrickview
1416,Andrea,Medinaborough
1417,Robert,Staceybury
1418,Tyler,West Jennifer
1419,William,Port Mark
1420,Billy,Amandaburgh
1421,Steven,Bensonbury
1422,Cheryl,Lake Tammy
1423,Ashley,Riosmouth
1424,Whitney,Lake Michael
1425,Jacob,Kendraside
1426,Jacob,Thomasbury
1427,Russell,New Amyland
1428,Jacqueline,Owenfurt
1429,Sherry,Amberfurt
1430,Ricky,South Jay
1431,David,West Paulstad
1432,Randy,Wrightfurt
1433,Whitney,Kimberlybury
1434,Alexander,West Dakotamouth
1435,Tara,New Carl
1436,James,Port Tracychester
1437,Michael,Wardmouth
1438,Jim,Aliland
1439,Kyle,Lake Kevin
1440,Heidi,West Georgeshire
1441,Kimberly,Albertmouth
1442,Shannon,Hayeshaven
1443,Tom,Troyshire
1444,Michael,Rosetown
1445,Marvin,East Shelia
1446,Franklin,Clementsborough
1447,Sabrina,South Katie
1448,Gregory,West Erika
1449,Meghan,Tiffanystad
1450,Jacob,East Amyhaven
1451,Dylan,Washingtonstad
1452,Ronald,South Sabrina
1453,Benjamin,Pierceland
1454,Raymond,Mercertown
1455,Carla,South Pamelafurt
1456,Erika,Pattonview
1457,Molly,East Edward
1458,Brianna,Morrisonmouth
1459,David,East Brianborough
1460,Katie,West Daleport
1461,Debra,North Katherine
1462,Francisco,Tuckerfurt
1463,Joshua,Lake Michellemouth
1464,John,Martinberg
1465,Deborah,Port Casey
1466,Juan,South Mark
1467,James,East Cindyshire
1468,Alexandra,West Edgarstad
1469,Mackenzie,Lake Jessica
1470,Brandi,East Dawnmouth
1471,Anthony,Reyesshire
1472,David,Port Victoria
1473,Megan,Langland
1474,Patricia,Port Daleside
1475,Denise,Myersbury
1476,Steve,West Richardshire
1477,Andrew,New Kenneth
1478,Anthony,Matthewview
1479,Amber,North Peterview
1480,Richard,East Loriton
1481,Matthew,New Bonniechester
1482,Brian,Samanthatown
1483,Mark,Millerburgh
1484,Johnny,Christopherburgh
1485,Jonathan,New Michelleland
1486,Brooke,New Nicholasberg
1487,Benjamin,South Terriport
1488,Danielle,Timothymouth
1489,Derrick,Howellstad
1490,Vincent,Longhaven
1491,Brian,Samanthaberg
1492,Nicole,South Michelleburgh
1493,John,West Matthew
1494,Pamela,Port Derek
1495,Jason,South Cynthiabury
1496,Mallory,South Robert
1497,Michael,Sanchezfort
1498,Ryan,Port Karenbury
1499,Jeremy,North Brianna
1500,Jermaine,Alanberg
1501,Alexandra,Laurenchester
1502,Kelsey,Martinezland
1503,Matthew,Elizabethbury
1504,Casey,East Dustin
1505,Brittany,West Annaberg
1506,Roger,Jessicafurt
1507,Kristy,Younghaven
1508,John,Alexandraburgh
1509,Cynthia,Bryanberg
1510,Jennifer,Dawnport
1511,Holly,South Michaelburgh
1512,Tyler,West Melaniestad
1513,Matthew,New Daniel
1514,Daniel,Debraburgh
1515,Sarah,Carrollchester
1516,Mark,New Austinmouth
1517,Thomas,Lake Tonyaton
1518,Arthur,East Antonio
1519,Jordan,East Mark
1520,Joseph,Davidfurt
1521,Michael,Phillipsfort
1522,Erika,Brownland
1523,Norma,North Meganmouth
1524,Sean,South Lauren
1525,Betty,Bellfurt
1526,Robert,Brownburgh
1527,Rachel,North Johnmouth
1528,Michael,Lawrenceton
1529,Laura,North Thomas
1530,Mark,Lake Alfredchester
1531,Adam,East Angel
1532,Chad,North Stephen
1533,Jacqueline,West Alison
1534,Katherine,Kellybury
1535,Eddie,New Sethport
1536,Kim,North Daniel
1537,Aaron,East Ernestchester
1538,Kevin,Christopherview
1539,Sandra,Lake Jameschester
1540,Keith,North Tracy
1541,Brian,East Robert
1542,Jessica,Port Justin
1543,Dennis,Jacksonview
1544,Emily,South Chelsea
1545,Lisa,Greeneberg
1546,Sara,Jacksonborough
1547,Tyler,East Carol
1548,Michael,New Kellyhaven
1549,Jennifer,Williamview
1550,Larry,West Jose
1551,John,Lynchview
1552,Kelly,Alyssashire
1553,Jorge,New Timothy
1554,David,Kemphaven
1555,Veronica,Marymouth
1556,Erica,Jamesview
1557,Sabrina,North Tanya
1558,Sherri,Howellberg
1559,Frank,Jamesshire
1560,Olivia,Lake Patricia
1561,Daniel,West Todd
1562,Nicole,Deborahville
1563,Jennifer,Chandlerview
1564,Breanna,New Amanda
1565,Rebecca,Hammondshire
1566,Chad,Robinberg
1567,Joseph,Lake Kimberly
1568,Monica,Raymondton
1569,Joseph,Savannahport
1570,John,North George
1571,Mario,Lake Tyroneside
1572,John,Port Aaronhaven
1573,Aaron,Davidborough
1574,Travis,South Jonathan
1575,Michele,New Thomaschester
1576,Elizabeth,Jonesfurt
1577,Jane,Johnshire
1578,Alejandro,Figueroatown
1579,Paula,West Joshua
1580,Shawn,Beltranton
1581,Misty,Gregoryfurt
1582,Thomas,Lake Michael
1583,Michelle,Joneston
1584,Audrey,Lauramouth
1585,Aaron,Ericaville
1586,Diana,South Rodney
1587,Allen,West Nancystad
1588,Jeff,New Frances
1589,Danielle,Jameschester
1590,Bryan,Aaronview
1591,Abigail,Port Cynthiaburgh
1592,Karen,Martinchester
1593,Michael,West Lindachester
1594,Lynn,North Rachaelfort
1595,Jeffrey,South Sophiaburgh
1596,Sabrina,Shannonton
1597,Benjamin,Zacharychester
1598,Lisa,Camachoport
1599,Joseph,Sextonmouth
1600,Mark,North Charles
1601,Daniel,North Kristen
1602,David,East Matthew
1603,Alexis,Sherryton
1604,Christina,Lake Christopher
1605,Meghan,Marymouth
1606,Cynthia,South Richardville
1607,Craig,Dominicbury
1608,Joanna,Lindsayborough
1609,Rebecca,Hofort
1610,Amber,New Jerome
1611,Kyle,East Gracebury
1612,Cheryl,Michellebury
1613,Thomas,Port Thomaston
1614,Jonathan,Lake Stevemouth
1615,Lisa,Ericborough
1616,Trevor,Porterfurt
1617,Michelle,Lake Stacie
1618,Lisa,West Amanda
1619,Sara,South Gregoryland
1620,Joshua,South Janice
1621,Franklin,Lake Kathleen
1622,Morgan,Port Karenland
1623,Gabrielle,Lake Alexaberg
1624,Heather,New Karenburgh
1625,Michael,Andrewmouth
1626,Robert,New Juliafort
1627,Jillian,Jasonport
1628,Eric,West David
1629,Julie,North Dustin
1630,Anthony,New Lisa
1631,Courtney,Lake Markside
1632,Nicole,Jacksonberg
1633,Kayla,Medinaville
1634,Mandy,Thomasborough
1635,Stephanie,Heathmouth
1636,Scott,Lake Gregory
1637,Amber,West Kelsey
1638,Michael,East Rachel
1639,Claire,Matthewfort
1640,Andrew,Elijahport
1641,Jeremiah,East Stephenburgh
1642,Chad,North Jennifer
1643,Natasha,East Robertborough
1644,Jessica,Davischester
1645,Jeffrey,East Angelaport
1646,Micheal,Romerobury
1647,Brenda,Rodriguezville
1648,Andre,Mcdanielshire
1649,Dennis,Youngburgh
1650,Peter,Stoneville
1651,Paul,Lake Sarahport
1652,Amy,Lisamouth
1653,Ryan,Spencerhaven
1654,Rachel,New Debraton
1655,Gloria,East Tanyamouth
1656,Alfred,Michaelfort
1657,William,Moyerfort
1658,Vincent,North Brianchester
1659,Matthew,Henryborough
1660,Robin,Robinsonshire
1661,Gary,North Brian
1662,Cheryl,North James
1663,Elizabeth,Port David
1664,Robin,East Mitchellstad
1665,Joshua,West Tylertown
1666,Albert,Deanhaven
1667,Randy,Lake Christinaville
1668,Christopher,Smithside
1669,Johnathan,West Jessicamouth
1670,Daniel,Port Laura
1671,Kimberly,New Bryan
1672,Jane,Danaburgh
1673,Bradley,Shortville
1674,Gregory,Kathrynville
1675,Tyler,Jenningston
1676,Chase,Port Bruce
1677,Brianna,Mooremouth
1678,Shane,South John
1679,Alejandro,New Susanshire
1680,Samuel,South Lisashire
1681,Eric,Craigton
1682,Chloe,Joshuafort
1683,Daniel,West Angie
1684,Katrina,South Codyside
1685,Brian,Jasonhaven
1686,James,Kingshire
1687,Sarah,Shepherdburgh
1688,Candice,New Annfurt
1689,Kathleen,Jessicaland
1690,Samuel,Ortizburgh
1691,Jennifer,North Edward
1692,Amanda,Beverlyhaven
1693,Kristin,East Cassidyfort
1694,Mason,Hayesmouth
1695,Brandi,Harrisonside
1696,Shirley,Lake Johnathan
1697,Kelly,East Michael
1698,Robin,Williamtown
1699,Brenda,North Brooke
1700,Steven,Kristinton
1701,Erica,Lake Candaceside
1702,Angela,Kellyfort
1703,Mandy,Lake Melissa
1704,Danny,Turnerberg
1705,Angel,Samanthahaven
1706,Melissa,Fishermouth
1707,William,Lake Crystalstad
1708,Jason,West Daniel
1709,Laura,Edwardston
1710,Joe,Michaelshire
1711,Angela,Port Maryland
1712,Erika,Amandaville
1713,Collin,Daniellefurt
1714,Douglas,Boyerstad
1715,Christina,Bryanland
1716,Marco,West Denise
1717,Christopher,Teresaburgh
1718,Dana,Marymouth
1719,Maria,Evelyntown
1720,John,South Lisa
1721,Brian,West James
1722,Hannah,Roberttown
1723,Susan,Hannahhaven
1724,Lisa,Padillafurt
1725,Christina,Castillofurt
1726,Elizabeth,Jordanton
1727,Daniel,New Sarah
1728,David,South Kaylee
1729,Matthew,Austinberg
1730,Michelle,Port Linda
1731,Sandra,South Samantha
1732,Sean,West Roberttown
1733,Steve,Blairland
1734,Daniel,Port David
1735,Chris,South Michael
1736,Katherine,West Joanne
1737,Angela,Hardyborough
1738,Nicholas,Angelaville
1739,Danielle,Davidfurt
1740,Anna,Lake Michael
1741,Catherine,Amandatown
1742,Brian,East Karen
1743,Jennifer,South Heather
1744,Kristine,Joshuabury
1745,Zachary,New Tricia
1746,Andrew,Hallbury
1747,Christopher,Franklinchester
1748,Ashley,Diamondmouth
1749,James,Christophermouth
1750,Tracie,Taylorstad
1751,Meghan,New Stevenborough
1752,Heather,Elijahburgh
1753,Rebecca,Port Colleenton
1754,Robert,South Michelleside
1755,Sarah,Marissashire
1756,Patrick,Lake Megan
1757,Regina,Walterborough
1758,Shawna,Hornside
1759,Alexander,Lake Lukehaven
1760,Matthew,Jordanland
1761,Joshua,Espinozaview
1762,Mallory,Lake Kimberlystad
1763,Connor,Stacyfurt
1764,Tara,New Maria
1765,Joe,Garrisonborough
1766,Matthew,Mcgeeburgh
1767,Nathaniel,Lake Jonathanbury
1768,Jennifer,North Jameshaven
1769,Heather,Thomasshire
1770,Amy,New Maryside
1771,Michelle,East Stephenburgh
1772,Kimberly,Lake Krystalview
1773,April,South Amanda
1774,Jennifer,Aaronbury
1775,Benjamin,Jodyberg
1776,Robert,Cuevasborough
1777,Sherry,East Karla
1778,Alexander,Port Darrell
1779,Monique,Richardville
1780,Laura,West Briannaborough
1781,Robert,Lewisville
1782,Craig,New Jason
1783,Sandra,Williamsfurt
1784,Chad,Nicoleside
1785,Stephen,Johnstad
1786,Jessica,Robertsland
1787,Melinda,Sosamouth
1788,Ashley,Kelleyport
1789,Brian,Caseyborough
1790,Amanda,North Johntown
1791,Billy,East Paige
1792,Cynthia,Port Katelyn
1793,Kimberly,Garciastad
1794,Kelsey,Saraborough
1795,Gregory,Gomezport
1796,Robert,New Lisa
1797,Amanda,West Nathan
1798,James,South Hollymouth
1799,Beverly,Lake Jacob
1800,Reginald,South Jennifer
1801,Judith,Zacharybury
1802,William,North William
1803,Jessica,Williamsbury
1804,Randy,South Barbara
1805,Drew,Stephenstad
1806,Lisa,Westfort
1807,Mark,New Maria
1808,Megan,Joshuafurt
1809,Thomas,East Oliviaport
1810,Robert,Kelseymouth
1811,Tony,Normashire
1812,Elizabeth,Richardmouth
1813,Andrew,Jonesberg
1814,Jason,Walkerland
1815,Justin,Ericamouth
1816,Tina,Terrihaven
1817,Howard,Lake Jamesfurt
1818,William,Deleonchester
1819,Dana,Port Morgan
1820,Mitchell,North Richardport
1821,Stephanie,Thompsonland
1822,Jennifer,Roberthaven
1823,Katrina,New Stephaniestad
1824,Erin,North James
1825,Frank,Anthonyville
1826,Craig,West Robertview
1827,Karen,New Thomas
1828,Jane,North Alyssa
1829,Rebecca,South Andrewchester
1830,Charles,Kristinland
1831,Tyler,North Wendy
1832,Alyssa,West Jamie
1833,Destiny,Nicoleberg
1834,Tamara,Erinport
1835,Stanley,South Shannonfort
1836,Theresa,Rogersside
1837,Michael,West Bradley
1838,Makayla,North Pam
1839,Heather,South Caseyfurt
1840,Heather,West Yolandaberg
1841,Katie,South Susan
1842,Kimberly,New Dana
1843,Shawn,East Jose
1844,Kenneth,Tuckerview
1845,Cameron,Parksburgh
1846,Jonathan,Mendozahaven
1847,Robert,Pachecobury
1848,Robert,Armstrongside
1849,Angela,Lake Karenside
1850,Brent,Josephmouth
1851,Jeanette,South Shelly
1852,Deanna,Stephenmouth
1853,Maria,Andersonshire
1854,Crystal,Lake Kenneth
1855,Nicole,Lake Micheal
1856,Annette,West Michaelborough
1857,Dean,Lake Thomas
1858,James,North Caleb
1859,Linda,Matthewport
1860,Andrea,Port Julie
1861,Michael,Guerrerobury
1862,Edwin,Lake Nicholasmouth
1863,Darryl,Amandaton
1864,John,South Cynthiaview
1865,Holly,Lake Bradley
1866,Raymond,Lauraton
1867,Kelly,Lake Connor
1868,Lisa,South Jamesfort
1869,Vanessa,Josephmouth
1870,Justin,Jamesstad
1871,Courtney,Nataliehaven
1872,Ellen,West Kimberlymouth
1873,Eric,Knightberg
1874,Taylor,South Wendyland
1875,Megan,Stephaniemouth
1876,Kyle,Lake Ericaborough
1877,Beth,New Renee
1878,Ashley,Fergusonport
1879,Katherine,Davisfurt
1880,Robert,Zimmermanmouth
1881,Jonathan,Lake Kathryn
1882,Andrea,Ericabury
1883,Janice,Littlefurt
1884,Lisa,New Christopherberg
1885,Laura,South Stephanie
1886,John,Lake Mark
1887,Kellie,Lake Melissaville
1888,Jennifer,Nortonberg
1889,Kimberly,Port Josephfort
1890,Rebekah,West Jessica
1891,Daniel,Randallbury
1892,David,New Michael
1893,Brad,Tarafort
1894,Carla,South Anthonyton
1895,Christopher,Wangmouth
1896,Michael,Hinesbury
1897,Todd,Lake Samantha
1898,Kristina,West Kristina
1899,Devin,Barberville
1900,Rebecca,Craigville
1901,Katherine,North Lisa
1902,Wendy,Gregoryport
1903,Jennifer,Port Jocelynville
1904,Jenny,Martinland
1905,Bryan,South Sarahberg
1906,Kevin,West Wendy
1907,Emily,East Stephanieside
1908,Mary,Lake James
1909,Jessica,South Krystal
1910,Nicholas,Port Timothyshire
1911,Amanda,South Angelaberg
1912,Jacqueline,Bakerborough
1913,Erica,Port Jenniferchester
1914,Melinda,North Rossfurt
1915,Jacob,Markport
1916,Amanda,West Jade
1917,Ashley,Markside
1918,Emily,East Cathyborough
1919,Eric,Lake Cynthiachester
1920,Shelby,Luisport
1921,William,Whitefort
1922,Sierra,East Erin
1923,Carolyn,South Darin
1924,Brian,Port Lisa
1925,Gary,South Phillipview
1926,Tami,East Nathan
1927,Michael,Clarkmouth
1928,Ana,New Ryan
1929,Sheryl,New Stephenhaven
1930,Erica,Terriburgh
1931,Brandon,Lake Josephstad
1932,James,Loriview
1933,Teresa,New Travis
1934,David,West Darrellchester
1935,Keith,Jonesshire
1936,Jennifer,Jessicachester
1937,Edward,East Melissatown
1938,John,Cliffordchester
1939,Amy,New Kristin
1940,Matthew,Katrinatown
1941,Joshua,Lynchport
1942,Robin,Vanessafurt
1943,Scott,Samuelborough
1944,Lisa,South Andreaberg
1945,Sherry,Danielfort
1946,John,Edwardsborough
1947,Stephanie,Kaylaburgh
1948,Paul,Lake Richardberg
1949,Krystal,Port Elizabethshire
1950,Teresa,Anthonyburgh
1951,Megan,Larryhaven
1952,Shannon,North Brianborough
1953,Corey,Rodriguezberg
1954,Jeremy,Staceyfurt
1955,Jennifer,Lake Frederickville
1956,Crystal,South Melissatown
1957,Rebecca,Quinnberg
1958,Crystal,Cookview
1959,Susan,Terrimouth
1960,James,West Danaborough
1961,Sara,South Sylviafurt
1962,Krista,Lake Sandrashire
1963,Casey,Medinaborough
1964,Bruce,New Michael
1965,Gina,Lake Jessicafurt
1966,Tom,South Chad
1967,Parker,Cookeberg
1968,Jason,Bergerberg
1969,Maurice,Lake Rachelbury
1970,Megan,Olsonside
1971,Anthony,Timothymouth
1972,Tracey,West Emily
1973,Karen,West Erin
1974,Thomas,West Glennmouth
1975,Lisa,New Danny
1976,James,Alishire
1977,Kaitlin,North Charles
1978,Joshua,Allentown
1979,Rhonda,Leontown
1980,Julie,Josephfort
1981,Nicolas,New Andrea
1982,Joshua,South Ivanview
1983,Jason,East Jamesside
1984,Jill,Lake Anne
1985,Cameron,Lorimouth
1986,Melissa,Cherylburgh
1987,Bryce,North Andrew
1988,Christine,East Antonio
1989,Aaron,Boltontown
1990,James,West Danielmouth
1991,Sherri,West Carlos
1992,Jason,Fernandezview
1993,Darrell,Thomasberg
1994,Rebecca,Harrisonchester
1995,Jerry,West Nicolefort
1996,Alexis,South Jeremy
1997,Theresa,North Emilymouth
1998,Tammie,Port Ross
1999,Ashley,New James
2000,April,Port Whitney
2001,Taylor,Moorestad
2002,Felicia,West Jeremyside
2003,Rhonda,Murphyhaven
2004,Christopher,New Markville
2005,Rachel,Harrisside
2006,Jose,Melaniebury
2007,Gene,Annaville
2008,Joshua,New Lisafort
2009,Leah,West Diane
2010,Harry,North Daniel
2011,Miguel,Lewisburgh
2012,Michael,Cooperfort
2013,Terrence,Lake Margaretbury
2014,Gregory,East Christine
2015,Kim,Crawfordton
2016,Mary,Morenoview
2017,Timothy,Lake Brittany
2018,Katherine,Hobbsbury
2019,Amy,West William
2020,Alyssa,East Megan
2021,Jennifer,Cunninghamburgh
2022,Christopher,Port Meghan
2023,Diane,New Christineton
2024,Michael,Alexanderview
2025,John,South George
2026,Jermaine,East Jasonmouth
2027,Harry,Port Hannah
2028,Christopher,Annaland
2029,Joel,North Michaelburgh
2030,Joshua,Richville
2031,Tracey,Port Tammy
2032,Randall,Farmerville
2033,Sara,Amandaborough
2034,James,Richardmouth
2035,Justin,Barrettview
2036,Julie,South Austinshire
2037,William,Lake Stacy
2038,James,Janetland
2039,Dana,New Wendy
2040,John,West Josephmouth
2041,Jane,West Sabrina
2042,Sarah,Mitchellside
2043,Samuel,South Michael
2044,Diane,Port Derekstad
2045,Nathan,Adamsfort
2046,Joel,East Daniel
2047,Katrina,New Allison
2048,Carolyn,Stephaniemouth
2049,Andrew,Ronaldport
2050,Patricia,East Angela
2051,Erin,Lake Davidhaven
2052,Kathleen,Lynnhaven
2053,Jennifer,West Joshua
2054,Lisa,Millerhaven
2055,Christopher,Port Ericport
2056,Edwin,Jamesfort
2057,Theresa,Lake Sherri
2058,Jennifer,North Thomas
2059,Ashley,North Elizabeth
2060,William,Adkinsshire
2061,Shelley,Port Brittanybury
2062,Lisa,West Larryborough
2063,Nicole,Richardstad
2064,Karen,West Shawn
2065,Suzanne,Steeleland
2066,Jessica,East Marcus
2067,Ashley,Scottview
2068,Jenna,Gonzalezside
2069,Roger,East Amanda
2070,Ashley,Port Nicolasfurt
2071,John,West Monica
2072,Andrea,North Aaron
2073,Angela,New Jamesview
2074,Adam,Lake Janet
2075,Ellen,Ferrellton
2076,Levi,Jenniferburgh
2077,Stephanie,South Alexis
2078,Breanna,North Chad
2079,Craig,Simpsonchester
2080,Nicholas,Fitzgeraldborough
2081,Sandra,Crystalland
2082,Jeremy,Patriciabury
2083,Riley,South Carrie
2084,Devin,North Alexander
2085,Ann,New Jeromeville
2086,Matthew,South Scott
2087,Kendra,Monicaburgh
2088,Terry,Jenniferville
2089,Michele,Laurentown
2090,Edward,West Micheal
2091,Carl,Derrickview
2092,Melanie,North Danielfurt
2093,Sean,South Briannaberg
2094,Douglas,Lake Jimmymouth
2095,William,Levychester
2096,Sarah,Lake Mario
2097,Cassandra,South Scott
2098,Sandra,Adamberg
2099,Jon,Henrymouth
2100,Mikayla,Donaldtown
2101,William,West Andrealand
2102,Tammy,West Jameston
2103,Jacqueline,Melissaside
2104,Heather,East Sergiobury
2105,Jamie,Tylerland
2106,Mary,Lorettaborough
2107,Kurt,Port Melanie
2108,Matthew,Port Lori
2109,Gloria,West Andrew
2110,Jean,East Kristin
2111,Travis,Port Markstad
2112,Thomas,South Brianville
2113,Katherine,Kiaraberg
2114,Wayne,Port Kathleen
2115,Carol,Reedmouth
2116,Robin,East Andrew
2117,Jeremy,Williammouth
2118,Scott,North Valerie
2119,Lisa,Randolphland
2120,Jonathan,West Selenafurt
2121,Carla,New Billy
2122,Alexa,Mercadohaven
2123,Michael,East Michelle
2124,Daniel,Smithmouth
2125,Francis,New Jon
2126,Tracy,Brentmouth
2127,Matthew,Port Seanmouth
2128,Michael,East Joseph
2129,Sharon,Singletonberg
2130,Heather,West Amandachester
2131,Molly,Brittanychester
2132,Lauren,Douglasfort
2133,Jessica,South Sarah
2134,Jennifer,East Katherine
2135,Alyssa,South Arthurmouth
2136,Frances,Port Sabrinamouth
2137,Sierra,Port Davidmouth
2138,Anna,Justinmouth
2139,Monica,East Zoe
2140,Alex,Brownburgh
2141,Todd,Serranobury
2142,Cameron,Westport
2143,Valerie,Sextonfort
2144,Caitlin,New Shellyland
2145,Lori,South Michele
2146,Anna,East Mary
2147,Johnny,Littlemouth
2148,George,Lake Ethan
2149,Alicia,South Kimview
2150,Shannon,Jacksonbury
2151,Vanessa,East Jaredhaven
2152,Amanda,Jamesbury
2153,Darren,Katherinemouth
2154,Marcus,Port Sharontown
2155,Eddie,Barrymouth
2156,William,Derrickborough
2157,David,Lake Sheristad
2158,Hunter,Derekstad
2159,Sydney,West Rebecca
2160,Justin,Thompsonshire
2161,Donald,Cynthiashire
2162,Dean,Blackwellton
2163,Ashlee,Lake Michaelhaven
2164,Rachel,Thomasbury
2165,Tammy,Saraburgh
2166,James,New Amandamouth
2167,Michael,Rebeccaside
2168,Margaret,Port Danielletown
2169,Mckenzie,Grahamville
2170,Paul,Janetland
2171,Christine,Port Douglasside
2172,Brandy,Lake Terrihaven
2173,Madison,New Jennifermouth
2174,Lauren,New Amy
2175,Devon,Lopezberg
2176,Jamie,East Renee
2177,Christian,Watsonburgh
2178,John,Michaelton
2179,David,East Thomas
2180,George,Jessicashire
2181,Kevin,Kellystad
2182,Michael,North Johnnyland
2183,Rebecca,South Alexis
2184,Natasha,Ashleyside
2185,Tracy,Kellyland
2186,Ashley,West Joshua
2187,James,Eddiemouth
2188,Patricia,Lake Kimberlyburgh
2189,Michael,Lake Seanfurt
2190,Jaclyn,Brooksburgh
2191,Travis,Brownview
2192,Kathleen,Francischester
2193,Nicholas,Lopezborough
2194,Rebecca,South Nathanielshire
2195,Timothy,Woodsmouth
2196,Sandra,Nathanfurt
2197,Joshua,Gonzalezburgh
2198,Michele,Martinezstad
2199,Michael,Reedchester
2200,Jeffrey,North Jamesland
2201,Felicia,Melissafurt
2202,John,Lake Erin
2203,Angelica,Lake Richardmouth
2204,Charlotte,East Samanthaside
2205,Jessica,Deborahshire
2206,Thomas,Port Christinafurt
2207,Allen,Lake David
2208,Kristie,West Laurabury
2209,Danielle,East Michael
2210,Bruce,North Rebekah
2211,Julia,Lake Jimmymouth
2212,Michael,Jerryport
2213,Russell,West Michael
2214,Shawn,East Gregory
2215,Leah,Port Desireeville
2216,Thomas,Montoyaland
2217,Heather,East Maryfurt
2218,Chelsey,Lake Joe
2219,Megan,Matthewstad
2220,Monica,Deanberg
2221,Anthony,Romeroshire
2222,Charlotte,East Curtistown
2223,Brittney,Robertschester
2224,Richard,Woodardfurt
2225,Christine,Jacobview
2226,Randy,West John
2227,Daniel,Port Darlene
2228,Willie,Harveytown
2229,Stephanie,Richardsonville
2230,Jessica,South Danielmouth
2231,Stephanie,North Jasonmouth
2232,Catherine,New John
2233,Thomas,East Shawna
2234,Kathryn,East Gregory
2235,Nancy,Reillyberg
2236,Donald,South Christopher
2237,Joshua,East Traceyton
2238,Anna,Beckerville
2239,Scott,Lake Rebeccafort
2240,Emily,Boothborough
2241,Michele,New Janiceshire
2242,Michael,West Dale
2243,David,East Danielfort
2244,Patrick,North Craig
2245,Felicia,Williamsfort
2246,Brian,Port Margaret
2247,Matthew,Caseyberg
2248,Holly,East Brookeside
2249,Sarah,Vargasburgh
2250,Zachary,North Mary
2251,Donna,West Tammy
2252,Dylan,Lopezville
2253,Victoria,West Dwayne
2254,Cassandra,Crystaltown
2255,Jennifer,Crystalton
2256,Lisa,Erikaside
2257,Kevin,North Jasmineside
2258,Brian,Lake Jessicaborough
2259,Kristin,West Joseph
2260,Thomas,West Melissafort
2261,Nathaniel,New Patricia
2262,James,Allisonstad
2263,Sara,Chavezfurt
2264,Darren,East Sabrina
2265,Brian,West Lindafurt
2266,Justin,Kennethborough
2267,Ryan,New Franciscobury
2268,Alexis,Antonioberg
2269,Holly,East Eileenchester
2270,Roberta,South Bruce
2271,Crystal,Natashaside
2272,Samantha,South Stevenchester
2273,Michael,Jameschester
2274,Michelle,West Elizabethberg
2275,Andrew,New Justinchester
2276,Patty,Lake Angela
2277,Bianca,Lake David
2278,Danielle,Lake Robertmouth
2279,Kim,New Rubenville
2280,Lisa,South Pamport
2281,Sara,Port Tammyville
2282,Matthew,Wagnermouth
2283,Anthony,Coxview
2284,Carrie,Port Audreyview
2285,Robert,Webbview
2286,David,Starkburgh
2287,Heather,Christophermouth
2288,Rhonda,East Timothyfurt
2289,William,East Randy
2290,Julia,Allenland
2291,Francisco,Paulamouth
2292,Bobby,Sharonville
2293,Ashley,Lake Danielchester
2294,Elizabeth,Jeffreytown
2295,Patrick,Matthewstad
2296,Brandon,Olsenstad
2297,Larry,New Zachary
2298,Sue,Lake Suzannehaven
2299,David,Port Kevinton
2300,Brian,East Nicholas
2301,Shannon,East Jessicamouth
2302,Rodney,Josephburgh
2303,William,North Cheryl
2304,Joseph,Andrewville
2305,Garrett,Tylerhaven
2306,John,East Cheyenne
2307,Jeff,Houstonchester
2308,Susan,Lesterside
2309,Daniel,North Larrystad
2310,Matthew,Ochoahaven
2311,Nicholas,Kruegermouth
2312,Joshua,Lake Robert
2313,Joshua,Port Josephshire
2314,Jose,New Dan
2315,Ronald,Lake Stanley
2316,Jessica,Andrewstown
2317,Rhonda,North Rogertown
2318,Samantha,Lake Leslie
2319,Kenneth,Alanberg
2320,Linda,Ashleyfort
2321,Christopher,Angelaland
2322,Melanie,Port Nicoleland
2323,Jeanne,Bernardstad
2324,Justin,Kaylamouth
2325,Peter,Hannahstad
2326,Yolanda,Cliffordchester
2327,Jocelyn,Cassandrabury
2328,Nathan,Russellport
2329,Mary,Patriciafurt
2330,Carla,Nathanielton
2331,Tabitha,Andrewshaven
2332,Matthew,Port Travis
2333,Tiffany,Lake Henrytown
2334,Mitchell,Adamview
2335,Erik,Hartfort
2336,Judith,Olsonport
2337,Thomas,Lake Michael
2338,Karen,Smithfurt
2339,Michael,Garciaville
2340,Timothy,Burnsville
2341,Seth,North Joemouth
2342,Taylor,Wesleyland
2343,Gary,Branchburgh
2344,Russell,Williamsshire
2345,Melody,Howellshire
2346,Joshua,Lake Alisonmouth
2347,Clifford,Proctorburgh
2348,Dave,Jefferyfurt
2349,Michael,Troyfurt
2350,Emily,East Brandon
2351,Christina,North Jesse
2352,Ralph,Port Jay
2353,Shannon,Richardsonborough
2354,Sherri,Lake Russellport
2355,Kimberly,West Kevinton
2356,Richard,Lake Margaretshire
2357,Dylan,Brendaville
2358,Michelle,Lake Kristy
2359,Robert,Donaldfort
2360,Samuel,Lake Andreafort
2361,Tracy,Barnettshire
2362,Erika,Hudsonberg
2363,Ashley,Lake Alejandro
2364,Amy,Chavezville
2365,Austin,Colemantown
2366,Gerald,Reedland
2367,Barry,South Samantha
2368,Laura,West Paulside
2369,Tiffany,Anthonyside
2370,Norman,Boydchester
2371,Christina,East Pamelahaven
2372,Michelle,New Shannon
2373,Morgan,Evanburgh
2374,Kelly,North Brentside
2375,Lisa,East Brianland
2376,David,North Joshuamouth
2377,Tyler,East Angelicamouth
2378,Sherry,Cynthiafurt
2379,Karen,West Robert
2380,Jared,Scottfort
2381,Dylan,New Adamshire
2382,Samuel,North Daniel
2383,Barbara,Mollymouth
2384,Danielle,East Anthonytown
2385,Russell,South Anne
2386,Joseph,Port Kendra
2387,Cody,Nicholsfort
2388,Sharon,Turnerborough
2389,Michael,Barrhaven
2390,Riley,Jerometon
2391,Elizabeth,East Emilyburgh
2392,Michele,Nataliefort
2393,Cynthia,Cooperview
2394,James,New Melissa
2395,Brianna,West Michelle
2396,Bradley,Hodgesbury
2397,Adrienne,Joseville
2398,Andrew,South William
2399,Jenna,Lawrencechester
2400,Nathaniel,Christopherchester
2401,Joseph,West Michael
2402,Christina,Andrewbury
2403,Cheryl,West Kenneth
2404,Nicole,Lake Daniel
2405,Mary,New Darrellborough
2406,Nathan,New Scott
2407,Erin,Sarahborough
2408,Stacey,West Johnny
2409,Robert,Williamview
2410,Crystal,West Jasonland
2411,Shawn,Port Samuel
2412,Anne,Bernardview
2413,Jose,Lake Stephanie
2414,Ronnie,Isabelton
2415,Victor,New Justin
2416,Melissa,East Daniel
2417,Gloria,Port Jeffreyland
2418,Teresa,South Wesleyberg
2419,Jamie,New Lance
2420,Joe,Kendramouth
2421,Kathleen,Whiteview
2422,Brian,Michealhaven
2423,Nicole,West Melvin
2424,Shane,Flemingville
2425,Ryan,South Brian
2426,Jesse,Carriebury
2427,Stephanie,North Rebecca
2428,Haley,Lake Kellyburgh
2429,Jamie,South Jacqueline
2430,Michael,Michaelshire
2431,Suzanne,Port Robertbury
2432,Jill,Bushport
2433,David,Williamsview
2434,Kevin,Port Raymond
2435,Julie,Lisahaven
2436,Julia,Olsonside
2437,Melinda,West Erinland
2438,Edward,Aliceshire
2439,Shelby,South Autumnburgh
2440,Alicia,East Erin
2441,Amy,Lake Cindyshire
2442,Aaron,West Jaredfort
2443,Andrew,East Annahaven
2444,Ronald,Shannonview
2445,Brandon,Jasonchester
2446,Matthew,Justinbury
2447,Lisa,East Michael
2448,Shane,Brianland
2449,Sandra,New Josephchester
2450,Tyler,Jonathanborough
2451,Jordan,South Gregory
2452,Laura,Zoestad
2453,Rebekah,Fernandofort
2454,Michelle,East Ashleyview
2455,John,Lake Jefferyberg
2456,Tonya,West Jacob
2457,Steven,Clarkland
2458,Jessica,North Zachary
2459,Brandon,Lake Danielmouth
2460,Michael,North Tracey
2461,Paul,Meyerston
2462,Cheryl,Thomasside
2463,Arthur,New Joseph
2464,James,Port Arthurburgh
2465,Angel,Port Stephanieville
2466,Mary,Fitzgeraldshire
2467,Michael,Port Garrettport
2468,Amanda,Lindsayfurt
2469,Stephanie,Jamesburgh
2470,Deborah,East Melvin
2471,Nancy,Cassandrachester
2472,Victoria,Briannamouth
2473,Deanna,North Meganburgh
2474,Sherry,Gonzalezshire
2475,Kara,West Georgeville
2476,Derrick,Lake Jonathan
2477,Tammy,Arnoldton
2478,Christopher,Schmidtside
2479,Jesus,South Meganfurt
2480,Brandon,Palmerside
2481,Kelly,Townsendburgh
2482,Kimberly,Obrienmouth
2483,Jill,Lake Christopherside
2484,Ronald,North Kara
2485,Raymond,Port Stephanieside
2486,Patricia,Davidland
2487,Lisa,Port Ariana
2488,Brandon,Ronaldshire
2489,Vernon,Kristinfurt
2490,Connie,Skinnerbury
2491,Erika,Murphyport
2492,Jeremy,New Phillipberg
2493,Matthew,Port Mario
2494,David,West Bridgetshire
2495,Chad,West Barbaraborough
2496,Barbara,Jamiemouth
2497,Thomas,Martinstad
2498,Kimberly,Hayesfort
2499,Sarah,Nielsenmouth
2500,Kendra,Schroederstad
2501,James,Jesseland
2502,Michelle,Sandraland
2503,Jessica,Port Nicholas
2504,Anthony,South Jack
2505,George,East Paul
2506,Daniel,Sharphaven
2507,Kevin,South Maryburgh
2508,Sara,Port Ryan
2509,John,New Markstad
2510,Holly,South Donaldmouth
2511,James,Lake Stefanie
2512,George,New Daniel
2513,Nathaniel,New Patrickmouth
2514,Dustin,East Cindyfort
2515,Kristine,Floresside
2516,Matthew,Johnview
2517,Frederick,Lake Stephanieberg
2518,Robert,North Kimberly
2519,Kyle,Lindaburgh
2520,Amanda,East Ivanview
2521,Gary,Fryebury
2522,Linda,Lake Julian
2523,Tracy,Dannyview
2524,Steve,South Deniseberg
2525,Keith,North Dawn
2526,Tyler,New Matthewburgh
2527,Troy,New Anthony
2528,Dennis,Pamelaburgh
2529,Angela,West Vanessamouth
2530,Christopher,South Susan
2531,Paula,Erinberg
2532,Stephanie,Millerfort
2533,Anthony,New Sharon
2534,Travis,Baileymouth
2535,Jacqueline,Markberg
2536,Terri,Port Ronaldville
2537,Charles,Lake Williamland
2538,Kimberly,Vanghaven
2539,John,East Amanda
2540,James,Joneschester
2541,Amanda,Porterville
2542,Kayla,East Crystalmouth
2543,William,Owentown
2544,Joseph,New Mariamouth
2545,Leslie,Christinefort
2546,Blake,Erikaberg
2547,Christopher,Ramseyfort
2548,James,East Ericashire
2549,David,Davidfurt
2550,Andrea,Port Christopherborough
2551,Jennifer,Ruizside
2552,Kyle,Lake Howardton
2553,Leah,Gibsonburgh
2554,Brandi,Christopherberg
2555,Shannon,Butlerhaven
2556,Ian,West Christinaland
2557,David,Wilsonfurt
2558,Edward,Maryberg
2559,Christopher,Lake Charles
2560,Paul,Nathanielton
2561,Kimberly,New Stevenbury
2562,William,Lake Michael
2563,Brian,Barbaraport
2564,Bradley,West Craigport
2565,Donald,Larsonport
2566,Sean,Brianhaven
2567,Robert,South Jeffrey
2568,Maria,Port Sierra
2569,Sabrina,Lake Paul
2570,Kathy,West Rachelberg
2571,Martin,New Lindsey
2572,Darlene,Rodrigueztown
2573,Sarah,East Steve
2574,Rachel,Petersonchester
2575,Sheila,New Davidfort
2576,Dennis,South Rachel
2577,Sarah,Deborahmouth
2578,Timothy,Kellyview
2579,Robert,Stewartfort
2580,Karen,Port Nicholas
2581,Justin,Thomasview
2582,Benjamin,Navarroshire
2583,Peter,Timothybury
2584,Peter,Lake Susan
2585,Joseph,West Lisabury
2586,Jackie,New Nicolestad
2587,Ralph,West Vanessa
2588,Patricia,North Keith
2589,Paul,West Austinchester
2590,Ellen,South Michaelmouth
2591,Jay,Port Gina
2592,Marcus,Sandraville
2593,Harold,Victoriaport
2594,Bradley,New Ericaborough
2595,Ryan,Coxburgh
2596,Thomas,Haroldfort
2597,Dylan,Lake Markland
2598,Yvonne,Robertstad
2599,Wendy,North Nicole
2600,Michael,South Brittany
2601,Evelyn,West Markview
2602,Benjamin,North Michaelmouth
2603,Dorothy,Greenmouth
2604,Janet,Robinsonborough
2605,Brandon,Donovanmouth
2606,William,Jesseberg
2607,Amanda,Patriciaberg
2608,Dalton,Lake Christopher
2609,Misty,West David
2610,Donna,Berryport
2611,Larry,East Michael
2612,Hannah,New Oliviahaven
2613,Christine,Mooreborough
2614,Dawn,Gregoryfurt
2615,Jason,Katrinaview
2616,James,Kimfort
2617,Kristen,West Johnny
2618,Karen,South Mistyfurt
2619,Judy,Ricardoside
2620,Matthew,Bestville
2621,Jerry,Lake Suzanne
2622,Catherine,Chanchester
2623,Kathleen,North Jamieburgh
2624,Brandon,East Ashleyton
2625,Theresa,West Marymouth
2626,Dawn,North Christopher
2627,Robert,Lake Maria
2628,Erik,Jonathanbury
2629,Charles,Mendezberg
2630,Peter,Lake Shannon
2631,Gina,South Justinhaven
2632,Angela,South Lori
2633,Jennifer,Lake Moniqueton
2634,Sandra,South Lukestad
2635,Brenda,Port Brianshire
2636,Anthony,Lake Johnfurt
2637,Hannah,East Lisamouth
2638,Lisa,East Crystal
2639,Brian,Blevinsmouth
2640,Daniel,North Kevinborough
2641,Kimberly,North Elizabeth
2642,Margaret,Port Marcus
2643,Eric,Lake Jacob
2644,Anthony,North Michelle
2645,Kim,Odomshire
2646,Kimberly,Juliamouth
2647,Thomas,Miguelfurt
2648,Shannon,Amandastad
2649,Joseph,West Christopherland
2650,Shannon,Lake Pamela
2651,Brian,North Justinburgh
2652,Anthony,Kristamouth
2653,Gregory,Clarkfort
2654,Melanie,East Jessicaton
2655,Leslie,East Michaelhaven
2656,Hector,Margaretland
2657,Cassandra,Port Heather
2658,Julie,Orozcostad
2659,Raymond,North Michael
2660,Tara,Graytown
2661,Joshua,Tonymouth
2662,Matthew,New Marytown
2663,Craig,West Kimberlyborough
2664,Kristi,New Danielfort
2665,Christopher,New Kellymouth
2666,Rachel,New Kimberly
2667,David,Waterstown
2668,Diana,Port Amanda
2669,April,Grayfort
2670,Stacey,West Sophia
2671,William,Julianville
2672,Robert,Michaelfort
2673,Sandra,Port Logan
2674,Robert,Williamston
2675,Miranda,Steeleberg
2676,Michael,New Timothyborough
2677,Levi,Sheriville
2678,Nicholas,New Theresa
2679,Daniel,Port Kellymouth
2680,Todd,Lake Matthewburgh
2681,Cathy,Bowenview
2682,Desiree,East Pamela
2683,Gregory,Taylormouth
2684,Justin,West Carol
2685,Autumn,Gilbertberg
2686,Shannon,Foleyport
2687,Kevin,North Charles
2688,Melissa,Thomasport
2689,Patricia,Ashleyhaven
2690,Daniel,East Joelville
2691,Mitchell,Nicolestad
2692,Frank,South Thomas
2693,Kayla,Veronicaport
2694,Bradley,North Steven
2695,Thomas,Samanthaland
2696,Travis,Christinebury
2697,Scott,Elizabethberg
2698,Nathan,East Rodneyberg
2699,Greg,New Kristenhaven
2700,Bobby,Wagnerton
2701,Nicole,Port Megan
2702,Shannon,New Jeremyside
2703,Brittany,Nelsonfort
2704,Erin,Contrerasfort
2705,Scott,East James
2706,Morgan,Stevensstad
2707,Ashley,Shieldstown
2708,Alexandria,Jamesshire
2709,Jose,South Amandafurt
2710,Paula,West Veronicaburgh
2711,Charles,Cynthiaville
2712,Richard,Deanport
2713,Ronald,Johnbury
2714,Wesley,Simmonston
2715,Michael,Lake Ericbury
2716,Dominic,Johnhaven
2717,Amber,Carpentermouth
2718,Thomas,South Richardfort
2719,Kaitlin,Elizabethburgh
2720,Eric,Erikashire
2721,April,New Michaelfort
2722,David,Alexaborough
2723,Anthony,Petersport
2724,David,Hillstad
2725,Tina,East Vanessa
2726,Meghan,Lake Brittanyberg
2727,Jon,Briantown
2728,Christopher,Caseychester
2729,Randy,East Lorraineborough
2730,Jessica,Billmouth
2731,Scott,West Robertbury
2732,Jay,Welchside
2733,Felicia,Port Ashley
2734,Zachary,Morenochester
2735,Stephen,Jamestown
2736,Mary,North Steven
2737,Catherine,Vincentstad
2738,Christopher,East Karen
2739,Jennifer,Myerston
2740,Christine,New Teresa
2741,Jon,Taylorburgh
2742,Scott,South Pennytown
2743,Charles,Lake Michael
2744,Susan,Harrisonstad
2745,Andrew,East David
2746,Tina,Port Keithbury
2747,Jacob,North Stephenbury
2748,Eric,South Lisatown
2749,Virginia,Sanchezport
2750,Kim,North Eric
2751,Jeffrey,South Sarah
2752,Kristopher,South Kimberly
2753,Peggy,Barrerafort
2754,Tracy,Rebeccatown
2755,Nicholas,Bernardton
2756,Nicholas,Hawkinsmouth
2757,Gary,Michaelberg
2758,Monica,Rogersfort
2759,Tiffany,South Erin
2760,David,Torresville
2761,Jeanette,Port Jesse
2762,John,Melissaland
2763,Daniel,West Josephland
2764,Manuel,Youngshire
2765,Amanda,Tonyaburgh
2766,Kevin,Michaelchester
2767,Jacqueline,Beckymouth
2768,Scott,Odommouth
2769,Kerry,South Chad
2770,Whitney,South Kellyview
2771,Stephen,Port Samantha
2772,Daniel,Morganberg
2773,Alexis,South Jacob
2774,Melissa,Paynefort
2775,Jenna,Lake Kathleentown
2776,Angel,New Jennifer
2777,Lindsey,Gregoryhaven
2778,Jennifer,Mcclainhaven
2779,Catherine,Debrachester
2780,Alexandra,West Stacey
2781,Joshua,Morganland
2782,Amber,Jillburgh
2783,Peter,New Andreaton
2784,Thomas,Coleborough
2785,Andrew,South Rachelfort
2786,Amy,Melissabury
2787,Lindsey,Port Heathermouth
2788,Melanie,Alejandraburgh
2789,Kathryn,Debrachester
2790,Juan,Danielshaven
2791,Angela,South Joshuaville
2792,Bailey,Susanbury
2793,Virginia,Jeffersonstad
2794,Elizabeth,Smithport
2795,Gregory,West Benjamin
2796,Anthony,Port Jameschester
2797,Tammy,Jenniferberg
2798,Monique,Lake Lisaborough
2799,Regina,New Deannastad
2800,Jennifer,East Christopher
2801,Diana,Campbellfurt
2802,Robert,Davisborough
2803,Elizabeth,Evansmouth
2804,Jessica,South Chelseaburgh
2805,Wayne,Lake Christine
2806,Christopher,Lisaville
2807,Theresa,Kimberlyshire
2808,John,Mckinneyborough
2809,Joseph,West Jessica
2810,Rhonda,Brandonmouth
2811,Rick,Mathewsmouth
2812,Kirk,Port Brittany
2813,Christine,East Antonio
2814,Jacob,Peterview
2815,Michael,Munozburgh
2816,Ronald,New Ashleyborough
2817,Jeffrey,East Christinafurt
2818,Jonathan,Davidburgh
2819,Sandra,Lake Clinton
2820,John,Port Maria
2821,Stephen,Mooreville
2822,Jason,New Joannechester
2823,Daniel,North Meganton
2824,Tiffany,Lake Daltonside
2825,David,North Ana
2826,Denise,Martinberg
2827,Mariah,North Lisa
2828,Timothy,Wardberg
2829,Michelle,Blankenshipstad
2830,Christina,North Jessicahaven
2831,Michael,East Tammyland
2832,Laura,Smithville
2833,Gregory,East Theresa
2834,Tamara,Mendozaville
2835,Melanie,East Lisa
2836,Sean,Lisafort
2837,Fernando,Kellyville
2838,Annette,South Dalton
2839,Jennifer,Port Stevenview
2840,Jay,Lake Anthony
2841,Haley,Glassfurt
2842,Nathaniel,Josephhaven
2843,Marcus,Rickbury
2844,Diane,Manuelfurt
2845,Jesus,New Michael
2846,Adam,Kaitlyntown
2847,Nicholas,West Jerry
2848,Sarah,Jacobshire
2849,Steven,West Sharonberg
2850,Jason,North Luishaven
2851,Paul,Traviston
2852,Julian,East Veronica
2853,Manuel,Lake Susan
2854,Daniel,South Michael
2855,Rachel,Hoffmanfort
2856,Sheila,Mitchelltown
2857,Lauren,North Christopher
2858,Richard,Katrinaport
2859,Katherine,Port Kellyview
2860,Shelia,Michaelview
2861,Daniel,New Benjamin
2862,Paul,New Sarah
2863,Sara,Davisborough
2864,Carla,Port Donna
2865,Michelle,South Juan
2866,Julie,Port Crystal
2867,Natasha,South Johnstad
2868,John,Port Laurietown
2869,Wayne,Courtneyview
2870,Barbara,New Gailhaven
2871,Steven,Port Jimmy
2872,Danny,Davisburgh
2873,Jonathan,Lake Randyfurt
2874,Dillon,Lake Jonathanberg
2875,Heidi,East Scott
2876,Emily,East Melissa
2877,Paula,Hardytown
2878,Robert,Lake Gary
2879,Tara,Lake Gregoryland
2880,Jason,Gutierrezshire
2881,James,South Angelaberg
2882,Maria,East Thomasport
2883,Joseph,Jacksonview
2884,Steven,Richardchester
2885,Mariah,Steinville
2886,Susan,Douglasfurt
2887,Spencer,North Johntown
2888,Natalie,Lake Robertfurt
2889,Aaron,West Jessicaberg
2890,Virginia,Cookville
2891,Rachael,New Lisa
2892,Linda,West Angela
2893,Denise,Lake Shane
2894,Sandra,Caseyland
2895,Joel,East Samantha
2896,Alexis,Chenberg
2897,Patricia,North Jasmineshire
2898,David,Lake Mike
2899,Clinton,West Jamieborough
2900,Karen,Hesschester
2901,Vanessa,Youngstad
2902,Robert,West Deanna
2903,Janice,Deleonberg
2904,Alexander,Cohenland
2905,Caitlin,Michaelstad
2906,Cory,Peckmouth
2907,Rachel,Antonioville
2908,Scott,Kimberlyville
2909,Elizabeth,North Brittanyborough
2910,Manuel,Edwardsmouth
2911,Caleb,Lake Summerview
2912,Daniel,Markland
2913,Linda,Stephanieland
2914,Joanne,New Howard
2915,William,New Martinhaven
2916,Michael,West Howardhaven
2917,Craig,East Erin
2918,Felicia,Lake Christopherville
2919,Stephanie,South Scottborough
2920,Katherine,New Anthony
2921,Andrew,West David
2922,Alexis,North Tracytown
2923,Mark,Hollandside
2924,Rachel,East Sharifort
2925,Jason,West Jessicaview
2926,Aaron,Sarahmouth
2927,Stephen,New Charles
2928,Lisa,Kelseymouth
2929,Allen,Port Cherylside
2930,Brandon,West Evelynstad
2931,Robin,East Michaelmouth
2932,Kimberly,South Marissa
2933,Dana,Starkfurt
2934,Patrick,East Craig
2935,Stephen,South Shannon
2936,Stanley,North Tammy
2937,Robert,Lake Heatherfort
2938,Ariel,Port Emilyhaven
2939,Sonya,Deborahbury
2940,Cheryl,Yangchester
2941,Sharon,East Keith
2942,Shelby,Floydfort
2943,Amy,Nguyenberg
2944,Kathleen,Hendersonville
2945,Carrie,Paigestad
2946,Joshua,Lake Joseside
2947,Sheryl,East Veronica
2948,Jonathan,South Danielberg
2949,Colleen,Arthurchester
2950,Kimberly,Jackhaven
2951,Michael,New Jill
2952,Nicholas,Angelashire
2953,Jay,South Michaelton
2954,Nathan,Lisatown
2955,Taylor,Karenfurt
2956,Stephen,Williamschester
2957,James,Dillonshire
2958,Zachary,New Kelli
2959,Paul,Lake Connieton
2960,Janet,Hectorton
2961,Jessica,East Andrewchester
2962,Michael,Joshuahaven
2963,Darrell,South Dawn
2964,Haley,Johnsonview
2965,William,Thompsonville
2966,Crystal,Raymondchester
2967,Jamie,Danielport
2968,Jason,Kennethbury
2969,Lisa,South Mark
2970,Jeffrey,Kentstad
2971,Tina,East Terri
2972,Chelsea,Jamesville
2973,Keith,New Jessicaborough
2974,Janice,Michelleport
2975,Chase,South Tara
2976,William,Greershire
2977,Julie,Michaelport
2978,Christopher,Warrenport
2979,Jane,Ellisonbury
2980,Douglas,Warrentown
2981,Curtis,Matthewsmouth
2982,Christopher,Pricestad
2983,Patrick,Lake Kristin
2984,Natalie,South Kyle
2985,Zachary,North Juliebury
2986,Laura,Jamesmouth
2987,Michelle,West Nicole
2988,Daniel,Lopezhaven
2989,Robert,Sanchezborough
2990,Wesley,Lake Eric
2991,Amanda,East Jeffreymouth
2992,James,Lake Chad
2993,Felicia,Elizabethstad
2994,Stephanie,Smithstad
2995,Shannon,Tuckerfurt
2996,Danielle,Robinmouth
2997,Michelle,East Rhondafort
2998,David,Jerrytown
2999,Erik,Muellerville
3000,Patrick,Lake Kimberlyburgh
3001,Tyler,Bradyshire
3002,Tonya,Fisherville
3003,Gina,Port Erinland
3004,Patrick,West Dominiqueville
3005,Steve,Fishershire
3006,Michael,Nathanview
3007,Christian,New Gregory
3008,Lori,New Kenneth
3009,Lacey,Westport
3010,Tyler,East Michael
3011,Chelsea,New Michael
3012,John,East Jacobmouth
3013,Connie,Ryanview
3014,Rebecca,Port Sherri
3015,Andrew,Jasonside
3016,Cynthia,North James
3017,Kristen,Lake Bruce
3018,Christopher,West Harryborough
3019,Stephanie,Port Stevenland
3020,Michelle,Angelastad
3021,Patrick,Jenniferhaven
3022,Chelsea,West Sheri
3023,Thomas,Shannonmouth
3024,Dennis,New Danaburgh
3025,Tiffany,North Mariafort
3026,Billy,Steveville
3027,Mitchell,Lake Joshua
3028,Vicki,Madelinetown
3029,Arthur,East David
3030,Sandra,East John
3031,Michelle,East Timothyhaven
3032,Michael,Johnstad
3033,Kimberly,South Christinaview
3034,Julie,New David
3035,Amanda,Debrafurt
3036,Tracy,Hopkinsland
3037,David,Lake Jonathanchester
3038,Jessica,Lake Donald
3039,Jared,Debbieshire
3040,Christopher,Averyberg
3041,Diane,Nguyenton
3042,David,South Breanna
3043,Tiffany,Santiagohaven
3044,Randy,Lake Deborahfurt
3045,Ann,South Cassandramouth
3046,Micheal,Port Toddmouth
3047,Tiffany,Donaldmouth
3048,Brandon,Lake Susanside
3049,Tammy,Kellyside
3050,Savannah,Port Meganburgh
3051,Joshua,Mcintyrefort
3052,Tom,Robertstad
3053,Kimberly,Williamston
3054,Ashley,Dennishaven
3055,Samantha,Griffithland
3056,Christopher,West Tiffanyville
3057,Angela,West Christinashire
3058,Sherry,North Kimberly
3059,Kathryn,New Sandra
3060,Scott,North Robert
3061,Tina,Jasminefurt
3062,Susan,Richardshire
3063,Patrick,North Mariah
3064,Sue,Eugeneville
3065,Sarah,East Kaitlyn
3066,Adam,East Samantha
3067,Robin,Lake Amberfurt
3068,Miguel,South Lisaland
3069,Caroline,Port Ericport
3070,Walter,New Dawnstad
3071,Michael,North Kaitlyn
3072,Brian,Port Jessica
3073,Steven,Williamston
3074,David,Lake Coreybury
3075,Amber,Lake John
3076,Jonathan,Lake Joefort
3077,Jamie,Port Patriciafurt
3078,Stefanie,East Stevenchester
3079,Sabrina,New Haley
3080,Crystal,Danielfort
3081,William,Port Darinville
3082,Lisa,Port Charles
3083,Elizabeth,Lake Clintonhaven
3084,Katherine,Lake Jonathanmouth
3085,Molly,Donaldfort
3086,Kendra,North Joseph
3087,Brittany,Lake Johnathanbury
3088,Ricardo,West Daniel
3089,Christine,Blakefort
3090,Todd,Rochahaven
3091,Lori,Tammychester
3092,Andrew,Hendersonport
3093,Raven,South Thomasmouth
3094,David,Ashleeville
3095,Corey,South Melinda
3096,Lori,Clarkview
3097,Wendy,Hoganchester
3098,Teresa,Smithview
3099,Shawna,Tiffanyfurt
3100,Timothy,Wilkinsonfurt
3101,Juan,Baldwinberg
3102,Steven,Michaelshire
3103,Felicia,Taylorville
3104,Jason,New Paige
3105,Kathryn,New Ryan
3106,Tammy,Port Marymouth
3107,Heather,East Jessicaside
3108,Derrick,Madisonville
3109,Samantha,West Bonnie
3110,Heather,Port Melanie
3111,Michael,Lake Noah
3112,Michael,West Terriborough
3113,Michael,Lake Christinaview
3114,Karla,Matthewmouth
3115,Robert,East Markborough
3116,Jennifer,Navarrohaven
3117,Lisa,Andersontown
3118,Brandon,East Jeremyville
3119,Ann,Port Jamesshire
3120,Derrick,Reneechester
3121,David,Amybury
3122,Ashley,Port Patriciaburgh
3123,Daniel,North Barry
3124,Vanessa,Kevinhaven
3125,Cynthia,East Christophermouth
3126,Randall,Lake Rebecca
3127,Bobby,West Eric
3128,Douglas,Deannafort
3129,Danielle,Port Cathy
3130,Sara,Lake Kathleenborough
3131,Andrew,Campbellbury
3132,Andrew,Haydenhaven
3133,Monique,Lisaland
3134,Linda,East Joshua
3135,Angela,Mccormickbury
3136,Christine,North Nicoletown
3137,Jack,East Cassie
3138,Margaret,South William
3139,Anthony,South Tina
3140,Roy,Port Mistyland
3141,Morgan,New Gregory
3142,April,South Brandonchester
3143,Tina,Williamsshire
3144,Gail,Frederickmouth
3145,Christine,Bennettbury
3146,Anita,Carterland
3147,Shelley,Coltonmouth
3148,Rebekah,Timothystad
3149,Jeffrey,Thomasport
3150,Kevin,Lake Cathy
3151,Keith,Howardmouth
3152,Philip,Jeanview
3153,Vanessa,West Michael
3154,Peter,West Jermaine
3155,Blake,Marcusville
3156,Michael,Owenston
3157,Jessica,Port Tamarafort
3158,Lindsey,Lake Davidshire
3159,Clayton,Port Robertberg
3160,Katie,North Alicia
3161,Kathleen,Padillafort
3162,Jonathan,Port Ashley
3163,Miranda,Port Davidtown
3164,Heather,North Kurt
3165,Shelley,West Vernonmouth
3166,Whitney,Martineztown
3167,Jennifer,Paulhaven
3168,Thomas,Griffithshire
3169,Richard,Longborough
3170,Jennifer,South Anthony
3171,Matthew,South Kellystad
3172,Felicia,North Kathleenmouth
3173,Deborah,West Carl
3174,Kenneth,Brandiberg
3175,Laura,New Jacob
3176,Loretta,Lake Ericstad
3177,Dennis,Calderonside
3178,Matthew,Karaberg
3179,Sara,Lake Daniel
3180,Ashley,East Oliviachester
3181,Maria,Ericview
3182,Daniel,East Maria
3183,Heather,Lake Amandaberg
3184,Jeremy,Haleport
3185,Cynthia,Graymouth
3186,David,Meyerview
3187,Meghan,Gonzalezside
3188,Christopher,East Taraberg
3189,Brian,North Jacobborough
3190,Angela,West Wendy
3191,Christina,Brownmouth
3192,Glenn,Donnaberg
3193,Ana,Port Thomasside
3194,Emily,North Zacharychester
3195,Monica,West John
3196,Susan,West Shawn
3197,Shannon,South Sherri
3198,Thomas,Diazville
3199,Cheryl,West Tanya
3200,Kenneth,East Joshua
3201,Zachary,Reynoldsstad
3202,Jessica,West Anna
3203,Jason,Lake Ricardoview
3204,Robert,Lake Jeffreyville
3205,Judy,Port Joseph
3206,Matthew,Wernerhaven
3207,Lynn,Longport
3208,Kevin,New Manuelstad
3209,Robert,Jamesberg
3210,Douglas,Mccarthybury
3211,Casey,Lake Ryan
3212,Kristin,North Vanessaville
3213,Ana,Port Lisaburgh
3214,Michelle,North Edwardshire
3215,Bryan,Jamesburgh
3216,Steve,Millerton
3217,Robin,Laurenbury
3218,Andrea,Lindseyburgh
3219,Robert,Jonesstad
3220,Elizabeth,North Arthurshire
3221,Pamela,West Tombury
3222,William,North Garrettstad
3223,Bryan,Port Sarah
3224,Elizabeth,East Anthony
3225,Dean,New Debra
3226,Angela,New Albert
3227,Mark,Danielland
3228,Jason,West Stephaniefort
3229,Marissa,Nicoletown
3230,Gabriella,South Christine
3231,Ricardo,Phelpsmouth
3232,Russell,Craigport
3233,Katherine,West Melissastad
3234,Katherine,Lake Laura
3235,Michael,Lisaland
3236,Nicole,Rossside
3237,Teresa,New Adamside
3238,Mary,Drewtown
3239,Amanda,South Erin
3240,Larry,North Morgan
3241,Brett,Larryfort
3242,Kelsey,Tonyland
3243,Daniel,Port Justin
3244,Christopher,Port Monica
3245,Stacy,Tracyhaven
3246,Melody,Lake Adam
3247,Brenda,Deborahport
3248,Kevin,East Hannah
3249,Matthew,Jordanberg
3250,Jennifer,West Rebeccachester
3251,Patrick,Emilyview
3252,Hailey,Patrickborough
3253,Alec,New Chelsealand
3254,Christina,Port Bryan
3255,Scott,West Ianmouth
3256,Joseph,Jodiberg
3257,Pamela,New Jamesborough
3258,Russell,New Alexis
3259,Connie,Durhamstad
3260,Luis,Reginachester
3261,Jay,Cookeville
3262,Kelly,Port Albertport
3263,Timothy,Chrismouth
3264,Kyle,Hallchester
3265,Christy,South Tanyabury
3266,Angela,West Jenna
3267,Christina,Alexanderton
3268,Molly,West Larry
3269,Madison,Lake Gina
3270,Natalie,Leefort
3271,John,Whiteheadtown
3272,Andrew,Suarezview
3273,Rebecca,West Danielbury
3274,Chad,Lake Jerryberg
3275,Linda,North Aaronport
3276,Tracy,Heatherfurt
3277,Amy,Barkerchester
3278,Ian,West Angela
3279,Kevin,Leslieside
3280,Brenda,New Thomasland
3281,Timothy,North Thomas
3282,Justin,North Matthew
3283,Victoria,Johnberg
3284,Jorge,Jonesborough
3285,Mitchell,New Shaneborough
3286,Scott,Solisville
3287,Brittany,Harrisberg
3288,Jessica,Olsontown
3289,Trevor,Jonathanland
3290,Robyn,Christopherton
3291,Emily,Danaport
3292,Jessica,Lake Carlos
3293,Clifford,Allisonborough
3294,Tanner,New Jenniferfort
3295,Susan,East Claireborough
3296,Hector,Wallaceside
3297,Jennifer,Andrewville
3298,Valerie,Gabriellefort
3299,Sarah,Ericborough
3300,David,Melissachester
3301,Richard,Ayalaland
3302,Michael,New Justin
3303,Angela,New Martin
3304,Laura,New Timothy
3305,Lisa,Port Kelly
3306,Chad,Ramirezburgh
3307,Shannon,East Candaceborough
3308,Brian,West Josephhaven
3309,Carlos,Port Lindsayburgh
3310,Leslie,Karenburgh
3311,Kelly,Lake Kristen
3312,Alicia,Susanland
3313,Dennis,North Sierraburgh
3314,Russell,Jefferybury
3315,Eugene,Port Danielle
3316,Mark,West Henry
3317,Todd,Josephtown
3318,Tracy,South Josephmouth
3319,Heather,Williamsfurt
3320,Angela,Lake Elizabeth
3321,Ronald,East Stephen
3322,Melissa,Tonibury
3323,James,West Dianeport
3324,Rachel,Jenkinsport
3325,Elizabeth,Lake Jaime
3326,William,Deborahhaven
3327,Laurie,Brooksshire
3328,Chris,Amyfurt
3329,Dana,Gregorychester
3330,Colleen,Lawsonborough
3331,Jennifer,Lake Nathan
3332,Leah,Lake Jacquelineland
3333,Scott,Gordonshire
3334,John,West Nicholaston
3335,Wendy,Port Brianfort
3336,Rose,Youngmouth
3337,Joseph,Port Dylanport
3338,Patrick,Robinsonchester
3339,Sandra,Andreafort
3340,Samuel,Lake Heatherchester
3341,Kimberly,East Edwin
3342,Victoria,Rodriguezchester
3343,Elizabeth,New Kaylamouth
3344,Tim,Lake Robert
3345,Timothy,South Seth
3346,John,Kellyburgh
3347,Ashley,West Benjamin
3348,Crystal,Elizabethside
3349,James,Peterville
3350,Ronald,Steinmouth
3351,Lori,South Sean
3352,Jeffery,Pricechester
3353,Stanley,West Gene
3354,Norman,Holmesview
3355,Billy,Jayborough
3356,Kathryn,East Paul
3357,Kathleen,East Kristenland
3358,Lauren,West Ashley
3359,Diane,Rebekahhaven
3360,Harold,Jamesfort
3361,Melvin,Lake Cheyenne
3362,Sharon,Port Sarahborough
3363,Lindsay,Smithhaven
3364,Marie,Phillipsfort
3365,James,Mathisport
3366,Erika,Port Samuel
3367,Jackson,Port Robert
3368,Kendra,Lake Cheyenneview
3369,Eric,Holmesside
3370,Ian,Derrickfort
3371,Daniel,Angelafort
3372,Ricky,Port Evanton
3373,Tiffany,South James
3374,Miguel,New Meganstad
3375,Scott,Kimberlyfort
3376,Anthony,Port Stevenville
3377,Edward,Port Matthewborough
3378,Gabriel,Michaelmouth
3379,Ashley,Jenniferhaven
3380,Leslie,New Josephport
3381,Deanna,East Rhonda
3382,Erin,North Paulmouth
3383,Fernando,Lake Michelle
3384,Laura,Griffinshire
3385,Chelsey,Elizabethbury
3386,Michael,West Tanyashire
3387,Michael,Jillmouth
3388,Alan,East Lindamouth
3389,Stephanie,West Stevenstad
3390,Lawrence,West Robin
3391,Mark,West Sandra
3392,Monica,Lake Joycehaven
3393,Amanda,North Jasonberg
3394,Erik,Jesusview
3395,Penny,North William
3396,Sierra,Marshallmouth
3397,Jesse,West Brianberg
3398,Gary,South Daniel
3399,Justin,Blakeport
3400,Alexander,Jacksonfurt
3401,Todd,South Gregory
3402,Courtney,New Bethchester
3403,James,West Jeffery
3404,Jennifer,Millerberg
3405,Steven,Anthonybury
3406,Tracy,East Tarafort
3407,Thomas,Johnland
3408,Keith,Andreamouth
3409,Desiree,North Kelly
3410,Linda,West Benjamin
3411,Mark,Phillipsfurt
3412,Monique,South Amanda
3413,Dustin,New Jacob
3414,Jill,South Denisebury
3415,Stacy,Lake Gary
3416,Christy,New Judy
3417,Jennifer,North Nicholasshire
3418,Patricia,Gloriamouth
3419,Gregory,Westmouth
3420,Oscar,Janetview
3421,Ashley,Greenbury
3422,Deborah,Lake Natalieville
3423,Lisa,Seanport
3424,Edward,Brittanyview
3425,Raymond,Alejandratown
3426,Jonathan,Cuevasburgh
3427,Robert,Patrickshire
3428,Ashley,Lake Johnshire
3429,Joanna,South Johnview
3430,Edward,West Josephchester
3431,Patricia,New Erik
3432,Alan,Evansmouth
3433,Kimberly,New Charleschester
3434,Megan,Gabrielmouth
3435,Derek,Collinsmouth
3436,Julia,Port Scott
3437,Michael,Hernandeztown
3438,Patrick,Simmonsberg
3439,Gene,South Erika
3440,Alan,Kimberlytown
3441,Tyler,Taraton
3442,Sandra,New Kenneth
3443,Jessica,New Belinda
3444,Mary,Scottport
3445,Rachel,North Cindyton
3446,Veronica,Garyshire
3447,Scott,Martinezfurt
3448,Marc,Port Tiffany
3449,Matthew,Owensside
3450,Francisco,Jeffreyberg
3451,Anne,Petershaven
3452,Daniel,Scottbury
3453,Matthew,New Tamara
3454,Tonya,East Julianchester
3455,Sherri,Port Aliciaside
3456,Robert,New Sergioport
3457,Tina,Lopezview
3458,Travis,South Carolyn
3459,Amanda,South Kristy
3460,Kevin,Longberg
3461,Jessica,Danielhaven
3462,Caleb,Karenshire
3463,Devon,South Scott
3464,Jason,Lake Kevin
3465,Stephanie,Tinaview
3466,Maria,Port Jason
3467,Anna,Johnsontown
3468,Elizabeth,North Robinland
3469,Michelle,Alanberg
3470,Wendy,Reyesborough
3471,Julie,Maryville
3472,Jennifer,East Mary
3473,Jennifer,Whiteport
3474,Jade,Hollymouth
3475,Ellen,Coffeytown
3476,Marissa,East Joseph
3477,Shawn,Lake Rebecca
3478,Nicole,Meganshire
3479,Vanessa,New Julia
3480,Colton,Bradshire
3481,Kaitlin,Kristenburgh
3482,John,New Curtis
3483,Thomas,Catherineport
3484,Renee,West Kevinstad
3485,Lance,New Jamesfurt
3486,Daniel,Terrellstad
3487,Victoria,Lake Markfurt
3488,Tiffany,Kristaborough
3489,Beth,New Matthewland
3490,Alexander,Port Thomas
3491,Elijah,Kingstad
3492,Wanda,Lake Clairefort
3493,Ashley,South Lori
3494,Keith,Dayland
3495,Abigail,South Kristen
3496,Victoria,Walkerberg
3497,Michael,Lake Tyler
3498,Amber,South Markmouth
3499,Paul,East Kathy
3500,Karen,Reidstad
3501,Benjamin,Hayesshire
3502,Peter,South Jessica
3503,Jeffrey,Warnerfort
3504,Molly,Port Angelaland
3505,Benjamin,Riveraland
3506,Rhonda,Pittsbury
3507,Tamara,Brownview
3508,Martha,Beckyview
3509,Jeffrey,Johnsonview
3510,Alicia,Jonesview
3511,Michael,Port Jerry
3512,Anthony,West Emilyville
3513,Christina,Martinview
3514,Richard,Veronicachester
3515,Megan,West Brianna
3516,Jose,West Matthew
3517,Benjamin,Tommyport
3518,Mark,Elizabethton
3519,Kathryn,Hollystad
3520,Jennifer,Annaville
3521,Paul,New Nicholas
3522,Matthew,Danielmouth
3523,Linda,Port Kristen
3524,John,Gilbertmouth
3525,Lisa,Lake Daniel
3526,Stacey,Ramirezton
3527,Wendy,Sheliaview
3528,Ashley,South Dennisland
3529,Jennifer,Port Robinville
3530,Nicole,West Tyler
3531,Carlos,Mcclureland
3532,Stephen,Martinezborough
3533,Katelyn,West Michael
3534,Christopher,Johnsonmouth
3535,Jason,South Michael
3536,Timothy,Tracyport
3537,Mario,Lake Melissa
3538,Hunter,Port Jamesstad
3539,Michael,Jeffreyberg
3540,Eric,South Brittany
3541,Xavier,West Joseph
3542,Kathryn,East Susan
3543,Steven,Blakeberg
3544,Gregory,Lindsayton
3545,Wanda,Gayport
3546,Victoria,Zacharyton
3547,Jenna,West Michaelborough
3548,Jackson,South Rileyport
3549,Catherine,Julieberg
3550,Brittany,Bryanttown
3551,Cheyenne,South Patricia
3552,Kristin,Bettyburgh
3553,William,Lewisview
3554,Tristan,Rogersview
3555,James,Mooneyfort
3556,Jennifer,Port Edwin
3557,Laura,New Fernandoshire
3558,Peter,North Jamesberg
3559,Lisa,North Amyfurt
3560,Catherine,South Lisaland
3561,Tammy,Garrettfort
3562,Robin,Timothyport
3563,Jesus,South Jonathon
3564,Jennifer,Smithshire
3565,Benjamin,Cameronport
3566,Ashley,Tarafort
3567,Daniel,North Karen
3568,Krista,Breannamouth
3569,Deborah,Port Mauriceburgh
3570,Edward,Pittmanburgh
3571,Robert,North Michellemouth
3572,Fred,Linport
3573,Ryan,Perezfurt
3574,Joe,Paulhaven
3575,Adam,Kellytown
3576,Stephanie,Schmidtbury
3577,Tracy,Danielletown
3578,Jillian,Thompsonmouth
3579,Meagan,East Carrie
3580,Diane,Proctorshire
3581,Brett,Tylerport
3582,Rebecca,West Anthonychester
3583,Amanda,Lake Georgeton
3584,Megan,East Jose
3585,Emily,New Danielstad
3586,Rose,Haasbury
3587,Vicki,Coxmouth
3588,Lori,Geraldshire
3589,Barbara,Seanberg
3590,David,Schultzberg
3591,Jeffrey,Courtneyton
3592,Matthew,Brewerbury
3593,Jose,Beckyfort
3594,Gary,Port Spencer
3595,Caroline,Josephchester
3596,Jenna,East Steven
3597,Justin,Williamsberg
3598,Jason,Holtburgh
3599,Cynthia,East Jeanette
3600,Ann,Ramirezburgh
3601,David,Wagnerside
3602,John,Josephport
3603,Adam,Lake Mary
3604,Robert,West Peterstad
3605,Beverly,Ericland
3606,Kenneth,New Darrellville
3607,Alex,Dunnborough
3608,Heather,Port Johnberg
3609,Kayla,West Thomasport
3610,Ann,New Luke
3611,Joseph,South Vernon
3612,Monica,Harmonhaven
3613,William,Jamesview
3614,Jo,Heatherfort
3615,Karen,East Maria
3616,Joseph,North Kevinstad
3617,Jessica,Robertsonhaven
3618,Tiffany,North Troy
3619,Carla,East Troyborough
3620,Brandon,East Ryanport
3621,Jacob,North Renee
3622,Justin,Josetown
3623,Kenneth,Newmanfort
3624,Tina,Port Garybury
3625,Jennifer,Port Tracey
3626,Barry,Gordonstad
3627,Luke,South Kimberlyhaven
3628,Barbara,West Ana
3629,John,East Madisonborough
3630,Tonya,West Justinland
3631,Kelly,East Angelaview
3632,John,New Sheriland
3633,Tina,Diazberg
3634,Heather,East Scott
3635,Mark,Port John
3636,Christine,Flowersborough
3637,Sarah,North Rickey
3638,Jason,East Kimberly
3639,Justin,East Annaport
3640,Richard,Brownmouth
3641,Anna,New Robertmouth
3642,Ashley,Clarkmouth
3643,Kimberly,South Bryan
3644,Carrie,Hansonbury
3645,Derrick,Lake Vanessafurt
3646,Lindsey,Meganview
3647,Brooke,Kimberlyburgh
3648,Sara,Deborahview
3649,Tina,Colleenfurt
3650,Michael,Hartton
3651,Nicole,Lake Cody
3652,Heather,Martineztown
3653,Rachel,New Arthur
3654,Heather,West Kelly
3655,Lisa,Andersonfurt
3656,Sandra,South Louischester
3657,Stacey,North Ronald
3658,David,Hardyland
3659,Christopher,Blakeland
3660,Brady,Lopezville
3661,Lauren,Lake Alexanderville
3662,Jessica,Michellefurt
3663,John,Port Maryshire
3664,Amanda,West Mark
3665,Kenneth,East Mistyburgh
3666,Roberta,Jacquelineland
3667,Donna,Myersmouth
3668,John,Lake Autumnville
3669,Amanda,West Michael
3670,Kristin,New Jesus
3671,Emily,East Michaelfurt
3672,Allen,Jamestown
3673,Maurice,West Anneshire
3674,Judy,New Meganside
3675,John,Chelseafurt
3676,Lisa,Marcoborough
3677,Chad,Danielsfort
3678,Michael,Jenniferland
3679,Mary,West Josephbury
3680,James,Hortonville
3681,Renee,Watkinshaven
3682,Sara,South Davidfort
3683,Donald,Helenhaven
3684,Kelsey,Loganland
3685,Frederick,Karenton
3686,Brooke,Lake Christineville
3687,Michael,West Phillip
3688,Kelly,Kimberlyfort
3689,Marcus,East Mariaport
3690,Edwin,West Shannonburgh
3691,Tasha,Robertchester
3692,Abigail,East Shelleyfort
3693,Rick,Jacquelinemouth
3694,Richard,Cuevasfurt
3695,Isaac,Lake Willie
3696,Donna,Santosfort
3697,Linda,North Jennifer
3698,Austin,Davidport
3699,Mark,North Danielberg
3700,Amy,Jaredport
3701,Christian,Stuartberg
3702,Kristina,West Brittany
3703,Elizabeth,Chandlerfurt
3704,Brad,Barnesside
3705,Krystal,Harrisville
3706,Heather,Port Josefort
3707,Rebecca,Jamesshire
3708,James,New Patriciaville
3709,Robert,Port Eric
3710,Michael,New Victorbury
3711,Brittany,Lake Linda
3712,David,North Donald
3713,Dennis,Robinsonburgh
3714,Rodney,West Nicholasside
3715,Heather,Port Pamela
3716,Thomas,New Tony
3717,Kevin,West Dawnport
3718,Cathy,Vanessamouth
3719,Brandon,South Kennethchester
3720,Patrick,West Katie
3721,Dawn,Cameronhaven
3722,Christopher,Leonardville
3723,Nathan,Port Bob
3724,Joseph,New Anna
3725,Ryan,Brownborough
3726,Jade,New Robertside
3727,Daniel,Haasstad
3728,Jessica,New Dustinchester
3729,Craig,Nielsenview
3730,Rebecca,New Christyland
3731,Katie,South Brandonmouth
3732,Steven,Port Cindyberg
3733,Brittany,West Alexander
3734,Vincent,Gonzalezburgh
3735,Miguel,Cannonfurt
3736,John,Olsonhaven
3737,Annette,New Jose
3738,Christine,South Annetteville
3739,Matthew,South Manueltown
3740,Aaron,North Monicaport
3741,Lauren,Port Steven
3742,Bradley,Lake Anthonyburgh
3743,Gregory,South Sandra
3744,Lawrence,East Carolynberg
3745,Jessica,Owensland
3746,Mary,Bethanyland
3747,Elizabeth,New Michael
3748,John,Maddoxburgh
3749,Jacqueline,Allisonfort
3750,Kevin,East Luischester
3751,Barbara,Christinaland
3752,Madison,Loweville
3753,Megan,Port Melaniemouth
3754,Cassandra,East Timothy
3755,Matthew,Morafurt
3756,Donna,South Monicaton
3757,Elizabeth,Lisafort
3758,Sarah,Howellmouth
3759,Gregory,Nataliefort
3760,Michelle,Kiaraborough
3761,Bonnie,Reynoldsborough
3762,Emily,North William
3763,Alicia,Gutierrezview
3764,Denise,East Dennisville
3765,Robin,Lake Lisa
3766,Alex,Kaiserton
3767,Keith,Michaelview
3768,Krista,North Annehaven
3769,Kaitlyn,South Frank
3770,John,Markville
3771,James,West Kristenhaven
3772,Amy,East Marcland
3773,Patrick,Ryanmouth
3774,Jacob,North Angela
3775,Sharon,Stacyburgh
3776,Omar,Michealmouth
3777,Douglas,Dawnview
3778,Susan,North Jennifer
3779,Juan,Port Austin
3780,Tyler,Port Joanna
3781,Susan,Saraport
3782,April,East Jonathanview
3783,Brandon,North Candaceshire
3784,Kathleen,New Megan
3785,Rhonda,Santosside
3786,Madison,Lorifurt
3787,Anne,South Angie
3788,Heather,Timothyburgh
3789,Katherine,New Faithhaven
3790,Rachel,Cookbury
3791,Eddie,East Christopher
3792,Alan,Ashleyside
3793,Victoria,Debbieshire
3794,Robin,East Jason
3795,Daniel,Leonardshire
3796,Robin,Port Robertmouth
3797,John,East John
3798,Lawrence,North Christopher
3799,Joseph,Melindaborough
3800,George,East Annaberg
3801,Kyle,South Natalie
3802,Nicholas,New Jeanneview
3803,Aaron,South Jamesfort
3804,Andrew,Marktown
3805,Kimberly,Brookechester
3806,Michelle,Anthonyburgh
3807,Susan,South Williamshire
3808,Shannon,Sueland
3809,Daniel,South Melvin
3810,Stacey,Pattonmouth
3811,Christian,Stephenland
3812,Jerry,Darinmouth
3813,Joseph,East Keithhaven
3814,Luis,Rodriguezborough
3815,Dakota,Brandonfurt
3816,Daniel,Glassstad
3817,Michael,Alejandraland
3818,Robert,Port Rebekah
3819,Robert,New Lauraton
3820,Perry,South Mark
3821,John,Johnmouth
3822,Lorraine,New Catherine
3823,Michael,Amandaside
3824,Cynthia,South Albert
3825,Evelyn,Curtismouth
3826,Alison,Port Wendyhaven
3827,Jonathan,Williamsmouth
3828,Jacob,Port Lauriestad
3829,Mark,Lake Victoria
3830,Edward,Port Colleenhaven
3831,Richard,Port Samuelfort
3832,Natalie,Lisafurt
3833,Dana,Hopkinsland
3834,Timothy,Caseyborough
3835,Perry,West James
3836,Eric,Thomasview
3837,Alexis,Emmaside
3838,Michelle,Keithland
3839,Jessica,Murphyville
3840,Christopher,South Christopher
3841,Adrian,Port Paul
3842,Daniel,Port Elizabeth
3843,Caitlyn,Glassview
3844,Paul,Bishopport
3845,Keith,New Jamesshire
3846,Heather,Smithstad
3847,Megan,South Justin
3848,Donald,New Amandaborough
3849,Patricia,North Lindafurt
3850,Carla,Bergmouth
3851,Isaac,Powerston
3852,David,Rojastown
3853,John,Melissaside
3854,Anthony,Brittanyshire
3855,Lynn,Port Gregoryborough
3856,Michelle,Marymouth
3857,Teresa,Gallegosburgh
3858,Michelle,West Austinberg
3859,Lawrence,Lake Chadport
3860,Sherry,Joyfurt
3861,Greg,Jonathanfurt
3862,Makayla,Hernandeztown
3863,Kenneth,Andreaborough
3864,Erika,East Michael
3865,Jodi,West Danielfurt
3866,Joseph,Wilkinsport
3867,Amy,Michaelstad
3868,Garrett,Caitlynstad
3869,Michele,Port Richardport
3870,David,South Julialand
3871,Michelle,West Stephanie
3872,Annette,Dannyfurt
3873,Terri,Meganhaven
3874,Linda,East Sharon
3875,Frank,Lopezton
3876,Mark,South Julieland
3877,Amanda,Emilyside
3878,Timothy,Lake Olivia
3879,Anna,New Joshua
3880,Scott,Simmonsport
3881,Kara,South Williambury
3882,Michael,Lake Bradley
3883,Faith,Natalieview
3884,Edward,Smithport
3885,Faith,Port Joseph
3886,Edward,North Catherine
3887,Stephanie,New Nicole
3888,Mary,Port Kayla
3889,Patrick,Dylanfurt
3890,Kenneth,South Amanda
3891,Sherry,Lake Normastad
3892,Jasmine,East Nicholas
3893,Mark,West Ryan
3894,Thomas,Levinetown
3895,Jason,Woodardstad
3896,Maria,Sylviashire
3897,Lauren,Jenniferton
3898,Austin,Millerfort
3899,Christopher,Lake Leahmouth
3900,Caroline,Colemouth
3901,Paul,Willisside
3902,Jason,Bettychester
3903,Jesse,Lyonstown
3904,Kimberly,Julietown
3905,Tracy,Port Ryanport
3906,Jim,Williamsville
3907,Jose,Lake Phyllis
3908,Angela,Kathleenburgh
3909,Nancy,Port Jessestad
3910,Stephanie,Kristinaborough
3911,Ashley,North Tara
3912,Michelle,Jacquelineburgh
3913,Matthew,Courtneyshire
3914,Tina,Port Garyberg
3915,Austin,North Stacey
3916,Mary,East Douglasburgh
3917,Timothy,Jesustown
3918,Stacey,New Roseton
3919,Catherine,Millerland
3920,Brandon,Jeffreyberg
3921,Thomas,Watsonchester
3922,Kathleen,Christinamouth
3923,Nicholas,Kristenton
3924,Catherine,Lake Jacob
3925,Nathan,West Bonnie
3926,Adriana,South Eric
3927,Kelly,East Johnfurt
3928,Lisa,East Kellyberg
3929,Brian,New Joshuaside
3930,Mark,North Gary
3931,Marie,Williamchester
3932,Keith,West Jennifer
3933,Martha,Coltonport
3934,Becky,East Jasonfort
3935,Jessica,Chadland
3936,Kelly,East Ashleymouth
3937,Emily,West Aprilfort
3938,Joseph,West Anthony
3939,Joseph,North Jocelynchester
3940,Bryan,Vincenthaven
3941,Mark,East Danachester
3942,Tyler,Port Katherinetown
3943,Ryan,North Reginafort
3944,Miguel,Ellismouth
3945,Angela,West Lisa
3946,Zachary,East Carly
3947,Kim,New Chad
3948,Christina,Katiefurt
3949,Michael,Geraldland
3950,Jeffery,Port Crystal
3951,Karl,Thomasville
3952,Lisa,Charlesview
3953,Megan,Port Robertshire
3954,Alexander,Whiteview
3955,Carol,Alexisport
3956,Melissa,Jamesshire
3957,Rebecca,North Brenda
3958,Janet,Joshuahaven
3959,Kim,Mitchellton
3960,Gregory,Washingtonberg
3961,Kelly,Ryanberg
3962,William,South Johnview
3963,Brian,East Sharon
3964,Brian,West Linda
3965,Jennifer,Mcintoshmouth
3966,Susan,East Patriciaberg
3967,Samantha,Lake Kaitlynview
3968,Jeffery,West Deborahborough
3969,Emily,Pachecobury
3970,Kurt,Lake Mckenziebury
3971,Jose,Baileyborough
3972,Victoria,Kellystad
3973,Robert,Jennifermouth
3974,Stephanie,Lake Donald
3975,Jackie,Port Karen
3976,Wayne,Sheliafort
3977,Joseph,West Jeffrey
3978,Katrina,Port Laurenhaven
3979,Brenda,Kennethville
3980,Brian,Annaton
3981,Nicole,Scottland
3982,Richard,East Andrew
3983,Randy,Hollybury
3984,James,Danashire
3985,Timothy,Lauraport
3986,Edward,Danielsborough
3987,Austin,Hawkinsfurt
3988,Cynthia,Annberg
3989,Michael,North Gabrielfurt
3990,Timothy,Goodmanstad
3991,Christopher,Vaughnland
3992,Stephen,East Victormouth
3993,Christian,Port Mark
3994,Cindy,East Tina
3995,Rachel,East Stephaniebury
3996,Renee,Laurenfort
3997,David,New Tracey
3998,Charlotte,Port Lesliechester
3999,Kelly,South Michaelchester
4000,Desiree,South Dennisland
4001,Alexander,North Brandon
4002,Gabrielle,Brandonmouth
4003,Victor,Lake Garrett
4004,David,North Stephanieburgh
4005,Aaron,Wendymouth
4006,Nicole,Reedburgh
4007,Robert,Carrollmouth
4008,Keith,Angelahaven
4009,Matthew,Whitneymouth
4010,Patricia,Allenton
4011,Gabriel,Johnsonborough
4012,Tyler,Richardsonmouth
4013,Adam,Belindaville
4014,Stephen,Lewisfort
4015,Katrina,Port Anthonymouth
4016,Betty,Daniellefurt
4017,Joshua,Adamsland
4018,Jacob,North Beverlytown
4019,Daniel,Halltown
4020,Mark,North Brendachester
4021,Matthew,Brittneymouth
4022,Michelle,Perezborough
4023,Molly,West Vincent
4024,Norma,Brandonstad
4025,Janet,Gabrielahaven
4026,Erica,Vanceborough
4027,Emily,West Antonioport
4028,Harold,Stephaniefurt
4029,Thomas,New Coryberg
4030,Lisa,Chavezshire
4031,John,Bethfurt
4032,Erin,East Nicholas
4033,Patricia,Heidiberg
4034,Brenda,Lake Jessicaberg
4035,Alexandria,Thomasfort
4036,Adam,Mckinneyfort
4037,Mark,Lake Kennethfort
4038,Mark,Laurentown
4039,Zachary,Michaelland
4040,Veronica,Colleenberg
4041,Nichole,Marytown
4042,Ronald,Lake John
4043,Jasmine,East Jerrychester
4044,Kerri,North Mary
4045,Andrew,Fischerville
4046,Nicole,Heatherton
4047,Cheyenne,New Sarah
4048,Michele,East Timothy
4049,Corey,Davidton
4050,Michele,Lake Jessicahaven
4051,Steven,Lake Jennifer
4052,Jennifer,Richardsonbury
4053,Mark,Port Kennethview
4054,Craig,North Christietown
4055,Carlos,Ginastad
4056,Brandy,North Jamesville
4057,Kimberly,Port Chadburgh
4058,Austin,Kennethmouth
4059,Kristina,Lake Walter
4060,John,Smithfurt
4061,Bethany,New Michaelhaven
4062,Andrea,Martinville
4063,Mary,Perezchester
4064,Michael,South Davidland
4065,Devon,East Jennifer
4066,Stephanie,Danastad
4067,Jason,South Angelchester
4068,Holly,Clarkhaven
4069,Andrea,Martinstad
4070,Kim,Vangton
4071,Nicholas,Carmenland
4072,Jesse,Williammouth
4073,Jeffrey,Mcclainfort
4074,Cheryl,South Shawnchester
4075,James,South Michellestad
4076,Richard,Masonside
4077,Laurie,Keithview
4078,Ana,East Christopher
4079,Adam,Clinebury
4080,Dawn,Murphychester
4081,Jeffrey,Port Danny
4082,Misty,Donnahaven
4083,Todd,West Rhondaton
4084,Laura,Port Brenda
4085,Melissa,North Charles
4086,Gary,West Ashley
4087,Henry,New Andreafurt
4088,Melissa,Heatherland
4089,Joel,Smithfurt
4090,Kristopher,Jameston
4091,Keith,Brendatown
4092,Jason,West Carmen
4093,Tiffany,Hernandezborough
4094,Michael,Tiffanyton
4095,Timothy,Michaelborough
4096,Rachel,West Destiny
4097,William,Murphyshire
4098,Jason,Leonardville
4099,Cynthia,Wallsview
4100,Jason,Lake Garrett
4101,Carlos,Henryfort
4102,William,Lake Michael
4103,Dana,Johnsonview
4104,Jennifer,Jonesmouth
4105,Michael,Nataliestad
4106,Bonnie,Brownfort
4107,Corey,West Hannah
4108,Sabrina,Johnsonberg
4109,Todd,South Jenniferhaven
4110,Jacqueline,New Emily
4111,Sandra,New Kathryn
4112,Kelsey,Davidview
4113,Colleen,Port Patrick
4114,Tyler,Carrollville
4115,Jonathan,South Joeville
4116,Jessica,Mariatown
4117,Jonathan,South David
4118,Timothy,South Jessica
4119,Alex,West Brandonstad
4120,Amy,Anthonyton
4121,Brittany,Bowersborough
4122,William,Port Jennifer
4123,Ronald,Doylefurt
4124,Leonard,Gonzaleztown
4125,Joseph,Marymouth
4126,Daisy,North Mary
4127,Regina,Andreaborough
4128,Kevin,Johnborough
4129,Preston,South Christopher
4130,William,Susanborough
4131,Molly,Brightside
4132,Savannah,New Frank
4133,Emily,New James
4134,Mary,Shelleyside
4135,Jesse,West Anita
4136,Rachel,Leahborough
4137,Manuel,West James
4138,Henry,Lake Tiffanyshire
4139,Brooke,Walkerfurt
4140,James,West Clintonport
4141,Kevin,North Katherine
4142,Billy,Christopherchester
4143,Susan,Tonyaside
4144,Johnathan,South Robertborough
4145,Lynn,Charlesfurt
4146,Keith,Port Haleychester
4147,Brian,New Shannonville
4148,Samuel,Erikabury
4149,Marie,New Tina
4150,Ronald,West Herbert
4151,Evan,North Nicole
4152,Natalie,Davidshire
4153,Jerry,Sandraside
4154,Adam,New Kristi
4155,Matthew,East Grace
4156,Stephanie,Brandonbury
4157,Paula,New Calebshire
4158,Dana,South Samanthabury
4159,Caitlyn,Port Ericmouth
4160,Charles,Amandastad
4161,Sarah,South Stephenchester
4162,Whitney,Moniquehaven
4163,Shannon,West Daniellehaven
4164,Alan,Christopherfurt
4165,Kevin,North Jeffreytown
4166,Sean,Ewingchester
4167,Jose,New Loriport
4168,Michael,Lozanomouth
4169,Mary,Campbellport
4170,Jamie,Lake Danielbury
4171,Denise,Salazarchester
4172,Cassandra,South Lisa
4173,Dana,Sandersfort
4174,Timothy,Port Kyle
4175,Ana,East Natasha
4176,Cindy,North Darylport
4177,Mary,Lake Maryfurt
4178,Rebecca,South Seanville
4179,Sharon,Colemouth
4180,Ryan,Ashleyside
4181,Mathew,Gutierrezton
4182,Matthew,Roberthaven
4183,David,East Julie
4184,Monica,Darrellchester
4185,Claire,New Garymouth
4186,Michael,North Melissaland
4187,Douglas,Amyberg
4188,John,New Codybury
4189,Brenda,New Thomas
4190,Jessica,Joshuashire
4191,Ruth,Moorebury
4192,Richard,Port Andrew
4193,Dawn,Vickiton
4194,Benjamin,New Meredithshire
4195,David,Simpsonville
4196,Robert,Lake Tannermouth
4197,Donna,West Michael
4198,Erika,New Luisside
4199,Daniel,New David
4200,Ryan,Harrisborough
4201,Allison,South Melissaberg
4202,Shelia,North Ashleyland
4203,Kimberly,Lake Kim
4204,Patricia,West Vincentview
4205,Anna,Melissahaven
4206,Kevin,Josephport
4207,Christina,North Brendanburgh
4208,Jasmine,Port Seanbury
4209,Austin,West Kristin
4210,Sharon,Montgomerymouth
4211,Phillip,East Sara
4212,Raymond,North Travisfurt
4213,Lisa,West Heatherstad
4214,Steven,Lake Jill
4215,Tony,Williamsborough
4216,Blake,Elliotthaven
4217,Eric,Port Rebekah
4218,Aaron,Port Jesusstad
4219,Kelsey,Scottland
4220,Walter,West Brandyside
4221,Tracy,North Lawrence
4222,Audrey,East Peter
4223,John,Aaronview
4224,Lisa,Pinedaport
4225,Logan,New Jennifer
4226,Maria,Port Angela
4227,Chad,Reedmouth
4228,Andrew,East Davidbury
4229,Thomas,Lawrenceburgh
4230,Amber,North Donaldmouth
4231,Steven,Michelleville
4232,Marvin,Harriston
4233,Philip,West Sonya
4234,Heather,Moralesfurt
4235,William,North Rebeccabury
4236,Wendy,North Claire
4237,Victoria,New Shawn
4238,Jennifer,Moniquetown
4239,Janice,Hernandezton
4240,Cody,Jonathanburgh
4241,Jessica,South Lisahaven
4242,Victoria,Trujilloton
4243,Ronald,Elizabethburgh
4244,David,West Ginahaven
4245,Craig,North Kaylee
4246,Yvonne,Munozton
4247,Natasha,Rickyburgh
4248,Joshua,North Kevin
4249,Jennifer,Richardville
4250,James,Lake Stephaniemouth
4251,Amy,Joemouth
4252,Todd,Donnaton
4253,Kathy,New Briannabury
4254,Robert,Lake Jason
4255,Martin,South Michaeltown
4256,Kelly,South Daltonstad
4257,Nathan,West Kyle
4258,Anna,South Mary
4259,Erin,Jennifershire
4260,Michael,Torresville
4261,Lisa,East Amandabury
4262,Travis,Howardberg
4263,Mitchell,East Garrett
4264,Andrew,Schaefertown
4265,Derrick,North Samantha
4266,Maureen,West Victorburgh
4267,Mark,West Sheri
4268,Christopher,New Michellebury
4269,Jennifer,Pottermouth
4270,Charles,South Timothy
4271,Thomas,Thomasfurt
4272,Brenda,Port Barbaramouth
4273,Glenn,Edwinside
4274,Deborah,Lake Christinaborough
4275,Martha,Hectorberg
4276,Krista,West Michellefurt
4277,Catherine,New Debraport
4278,Stephanie,Port Robin
4279,Frank,Veronicaland
4280,Jennifer,Lewisview
4281,Sheryl,Paulview
4282,Kevin,North Daniellefurt
4283,Brandon,South Davidshire
4284,Anthony,Mannington
4285,Anna,Edwardsborough
4286,Andrew,Wrightview
4287,Richard,Perezmouth
4288,Erika,Stevenshaven
4289,Samuel,West Alanview
4290,Erin,Mitchellton
4291,Russell,South Eduardofort
4292,Sarah,New Kennethfurt
4293,Stephanie,Port Michaelberg
4294,Roy,Wallaceview
4295,Joshua,Mcdonaldmouth
4296,Laura,South Deanna
4297,Craig,Serranochester
4298,Becky,Lake Tiffanymouth
4299,Walter,Joeburgh
4300,Debbie,Coreyhaven
4301,William,Lake Tammy
4302,Pamela,Perezview
4303,Michael,Liufort
4304,Charles,New Brian
4305,Austin,Petersonbury
4306,Eric,Ianmouth
4307,Kim,Robertton
4308,Richard,Lake Natalie
4309,Jesse,Port Dianatown
4310,Lisa,South Aaron
4311,Keith,South Stephenfort
4312,Roberto,South Taylorland
4313,Andrea,South Paula
4314,Cole,New Jason
4315,Stephanie,Stokesview
4316,Jeremy,Timothyfort
4317,Ann,Jilltown
4318,Janet,Mcdanielshire
4319,Tina,Smithtown
4320,Paige,Scottshire
4321,Donna,Travishaven
4322,Brandon,Robertville
4323,John,Taylorview
4324,Darrell,Martinmouth
4325,Chelsea,Amberview
4326,Julia,Lake Jorgeview
4327,Wendy,North Raymondborough
4328,John,Foxhaven
4329,Yolanda,Mitchellport
4330,Daniel,Port Natalie
4331,James,Alexanderport
4332,Makayla,Markville
4333,Brianna,Robertmouth
4334,Jackie,West Gregoryview
4335,Donna,Port Carmen
4336,Jackson,West Heather
4337,Christopher,West Maryside
4338,Brad,Hansenfurt
4339,Mary,Williamsonborough
4340,Maria,East Jeffreyfurt
4341,Andrea,West Debrashire
4342,Mary,West Tiffanyland
4343,Jeffrey,West Glenn
4344,Michelle,North Nancyport
4345,Bridget,West Daniel
4346,Hailey,Bowmanmouth
4347,James,Valeriestad
4348,Stephanie,Kayleeside
4349,Ashley,Johnville
4350,Margaret,West Erin
4351,Robin,Porterberg
4352,Johnny,Miguelshire
4353,Lance,Vazquezfort
4354,Laurie,North Lindseyborough
4355,Jason,Jamesport
4356,Cole,West Erika
4357,Todd,New Johnhaven
4358,David,Hawkinsburgh
4359,Joseph,Jeremiahhaven
4360,Jamie,Danielborough
4361,Christopher,Markfort
4362,Amber,Cainfurt
4363,Craig,Timton
4364,Matthew,Port Ryanshire
4365,Robert,Smithbury
4366,Thomas,Joelmouth
4367,Stephanie,Blakemouth
4368,Lisa,North Jesse
4369,Regina,North Toddfort
4370,Ana,Robertburgh
4371,Shannon,Margaretborough
4372,Alexis,Brownshire
4373,Ashley,East Keith
4374,Allen,South Jeff
4375,Alice,Briggsfurt
4376,Sean,Arnoldmouth
4377,Melissa,Owenston
4378,Laura,Port Christinamouth
4379,Jeffery,West Jamesland
4380,Pamela,Nelsonshire
4381,Evan,North Nicoleburgh
4382,Ryan,Port Keith
4383,Mallory,West Desiree
4384,Jared,Barrbury
4385,Keith,West Patriciamouth
4386,Stephen,Oscarbury
4387,Noah,West Brittany
4388,Brian,Michellemouth
4389,Dustin,Caitlynchester
4390,Lisa,Port Edward
4391,Richard,Jessicaland
4392,Christina,Matthewport
4393,Angela,Michaelstad
4394,Brian,Ryanton
4395,Kristin,Jefferybury
4396,Nathaniel,Lake Rachelborough
4397,Billy,North Sean
4398,Michael,Walkerhaven
4399,Kevin,South Davidland
4400,Rhonda,Josephfurt
4401,Karina,Belindaton
4402,Alfred,North Bradley
4403,Nathan,West Tommymouth
4404,Megan,West Ericfort
4405,Ashley,Lauraburgh
4406,Thomas,North Paul
4407,Michael,West Phillip
4408,Austin,Port Nathanielton
4409,Kathryn,Port Nathaniel
4410,Victoria,Port Lisaburgh
4411,Jennifer,North Stephanieshire
4412,Mike,Alexismouth
4413,Tracey,Danafort
4414,Donald,West Jamesville
4415,Ariana,South Michaelberg
4416,Michael,North Adambury
4417,Richard,South Mark
4418,Kevin,Rickybury
4419,Nancy,West Brendabury
4420,Jonathan,Port Whitney
4421,Austin,New Claytontown
4422,Timothy,North Jeffrey
4423,Christopher,Port Barbara
4424,Denise,South Lisa
4425,Ryan,Mitchellville
4426,Laura,West Todd
4427,Nathaniel,Katherinemouth
4428,John,Reyesbury
4429,Felicia,Heathside
4430,Ellen,New Lori
4431,Michael,Williamborough
4432,James,Port Allisonmouth
4433,Christopher,North Davidfurt
4434,Scott,South Rachelfort
4435,Mark,Jamesville
4436,Sophia,Port Michael
4437,Richard,New Richard
4438,Rachel,New Jon
4439,Sandra,Fieldsview
4440,Brian,Port Jennifer
4441,Ryan,Pattersonton
4442,Nicole,Lopezchester
4443,Steven,West April
4444,Matthew,North Karen
4445,Cody,South John
4446,John,Andersonmouth
4447,Kenneth,Port Angel
4448,Michael,Robertbury
4449,Barry,Mollyfurt
4450,Jose,Hannahborough
4451,Joseph,West Pennyshire
4452,Grant,Brandonbury
4453,Ernest,Jerryhaven
4454,Michael,Deborahbury
4455,Charles,North Amanda
4456,Michelle,South Pamela
4457,Sheila,West John
4458,Stephanie,Port Billytown
4459,Nicholas,Nancyburgh
4460,Victor,New Marieshire
4461,Kelly,West Samuel
4462,Javier,Kennedyton
4463,Jorge,East Michelleview
4464,Katherine,North Nicole
4465,Steven,New Rebekah
4466,Diane,East Kaylafurt
4467,Adrian,Shellystad
4468,Angela,Kentville
4469,Christine,Mendozachester
4470,Jamie,Jamesmouth
4471,Jessica,New Jared
4472,David,Christopherborough
4473,Jaclyn,Lisaview
4474,Ashlee,West Caitlinville
4475,Amy,West Kristiside
4476,Jonathan,Palmerville
4477,Nicole,New Ericview
4478,Rachel,South Christinaview
4479,Michael,New Jennifer
4480,Kevin,East Lisa
4481,Sarah,Allentown
4482,Daniel,Port Lauraton
4483,Shelly,North Rodneyport
4484,Roy,Port Joshuaside
4485,Mary,Troybury
4486,Joseph,Pamelabury
4487,Sandra,Harrisfurt
4488,Marissa,North Jeffreyfurt
4489,Katrina,Bradbury
4490,Erica,Edwardville
4491,Jennifer,South Tonyport
4492,Gloria,Mcculloughton
4493,Michael,Obrienmouth
4494,Ian,New Amber
4495,Heather,New Jonathanfort
4496,Brian,Porterburgh
4497,Melissa,Scottburgh
4498,Theresa,Jeffreyport
4499,Lisa,Jonesbury
4500,Nicolas,West Benjamin
4501,Stephanie,Jonesport
4502,Teresa,New Shaneshire
4503,Angela,Fosterville
4504,Barry,East Lorimouth
4505,Christina,Lake Whitneyland
4506,Rodney,Lindafurt
4507,James,Bradyside
4508,Bonnie,New Alexis
4509,Lori,Bautistahaven
4510,Jessica,New Travisville
4511,Amy,Porterfurt
4512,Christopher,Amandaview
4513,Andrea,Josephtown
4514,Samantha,Port Jane
4515,Amy,Michaelton
4516,Jonathan,Davidside
4517,Justin,Port Jillville
4518,Craig,Angelamouth
4519,Sarah,Jonesside
4520,Annette,South Haroldstad
4521,Ashley,Amyland
4522,Robert,North Robertport
4523,Kevin,Patriciachester
4524,Jenna,Port Todd
4525,Ashlee,Port Brandonshire
4526,Sabrina,Lake Williamberg
4527,William,Robertfort
4528,Michelle,West Jeremymouth
4529,Danielle,Timothychester
4530,James,Lake Sandra
4531,Tammy,Markshire
4532,Sarah,Lake Latoya
4533,Morgan,New Ryan
4534,Amber,East Brianmouth
4535,Tyler,East Alisonshire
4536,Charles,East Adam
4537,Jonathan,West Jeffreyborough
4538,Jacqueline,Lake Kelly
4539,Kimberly,Cummingston
4540,Christine,Port Jason
4541,Katelyn,West Brendaville
4542,Patricia,Newmanland
4543,Phillip,Crystaltown
4544,Mariah,Port Michael
4545,Tammy,Lake Linda
4546,Michael,Lake Brianport
4547,Julie,South Kimberlyfurt
4548,Jessica,Seanchester
4549,Martin,South Sandraberg
4550,Patricia,Kellyville
4551,Sarah,Michelleview
4552,Leah,Grayshire
4553,Hannah,Christopherport
4554,Jorge,Deniseberg
4555,Kayla,Danielview
4556,Katherine,Frostburgh
4557,Barbara,Patriciaview
4558,Jennifer,Mcphersonport
4559,Daniel,North David
4560,Todd,West Kenneth
4561,David,Michaelland
4562,Alec,Jacquelinefort
4563,Daniel,Ethanside
4564,Kevin,East Hannah
4565,Jeffrey,Russelltown
4566,Karen,North Briantown
4567,Melissa,Jasonfort
4568,Joseph,Douglasstad
4569,Shelly,West Stephanie
4570,Veronica,Martinton
4571,Suzanne,Perryburgh
4572,Brian,Johnville
4573,Angela,South Angelica
4574,Rachel,Leonardview
4575,Jay,Harrisonland
4576,David,Garciaview
4577,Kenneth,Jonesview
4578,Deborah,Port Amy
4579,Robert,Lawrenceshire
4580,Christina,Dustinchester
4581,Gloria,Lake Danielleville
4582,Stacy,East Davidmouth
4583,Ashley,New Kimberly
4584,Katelyn,Burnsland
4585,Nancy,North Edward
4586,Rodney,New Erinmouth
4587,Heather,Clineland
4588,Steven,Meyershire
4589,Jason,Dunnland
4590,Juan,East Jessica
4591,Thomas,North Kelseymouth
4592,Sean,West Jo
4593,Willie,Michaelchester
4594,Stephen,Vegabury
4595,Lauren,Stevensbury
4596,Carly,Cynthiamouth
4597,Jeremy,West Brenthaven
4598,John,Karenberg
4599,Patrick,Sanfordfurt
4600,Aaron,Lake Jill
4601,Christina,West Peterville
4602,Katie,South Amberview
4603,Stephanie,Port Stephenside
4604,Timothy,East Brucefurt
4605,Mallory,South Karen
4606,Tiffany,North Sarah
4607,Maurice,Robertsland
4608,Alexandra,New Joseph
4609,Terry,Margaretborough
4610,Ralph,North April
4611,Tanya,Wheelerfurt
4612,Mark,South Joseph
4613,Devin,West Markfort
4614,Anthony,Milesburgh
4615,Angela,Timothyport
4616,Nathan,North Christina
4617,Kimberly,Ramosburgh
4618,Kimberly,Marshallburgh
4619,Frank,Bondhaven
4620,Amy,Port Alyssaberg
4621,William,Riveraland
4622,Michael,Garrisonstad
4623,Jonathan,Richardsonland
4624,Andrew,West Monique
4625,Mark,Heatherfort
4626,Marilyn,Port Richard
4627,Daniel,Danielleborough
4628,Andrea,Alexandriafurt
4629,Brian,North Cassandra
4630,Russell,Danielmouth
4631,Carrie,Port Jeffrey
4632,Victoria,North Crystal
4633,David,New David
4634,Jeremiah,Boyerton
4635,Katherine,Nathanville
4636,Cameron,New Timothyfort
4637,Ronald,New Jamesview
4638,Jacob,South Shannonshire
4639,Jennifer,East Trevor
4640,Audrey,Williamsburgh
4641,Bryce,North Michael
4642,Shannon,North Brittany
4643,Jasmin,East Christinashire
4644,Donna,Lorifort
4645,Krystal,Diazville
4646,Jessica,Allenview
4647,Jacqueline,Laurachester
4648,Kristy,Port James
4649,Jill,South Michaelville
4650,Zachary,Torresport
4651,Larry,Bensonfort
4652,Crystal,Haynesfurt
4653,Glenn,Mccoyview
4654,Elizabeth,East Erin
4655,Erica,Port Brittanyberg
4656,Hannah,Aguirreburgh
4657,Andrea,Gutierrezberg
4658,Justin,Carolynberg
4659,Richard,New Kennethstad
4660,Heather,South Lesliechester
4661,Ryan,Olsonhaven
4662,Michael,Lake Georgehaven
4663,Melissa,Bradview
4664,David,East Jeffrey
4665,Amanda,East Brandonview
4666,Kathleen,Ramosside
4667,Nicole,South Hunterside
4668,Tommy,Samanthaside
4669,Christopher,Lopezmouth
4670,Thomas,Dianeshire
4671,Amanda,Aliborough
4672,Catherine,Steelebury
4673,Susan,Youngfort
4674,Kerry,Lake Nathan
4675,Grace,South Craig
4676,Ann,Williamhaven
4677,Barry,East Meghanmouth
4678,Holly,New Traci
4679,Joseph,Aimeeton
4680,Crystal,New Yvonnefort
4681,John,West Dennisside
4682,Thomas,New Samuelmouth
4683,Nancy,New Mary
4684,Darlene,Thomasberg
4685,Bradley,Lake Donna
4686,Jack,Tannerchester
4687,Lynn,Lewisport
4688,Christine,North Carol
4689,Stephen,East Jeffreymouth
4690,Penny,Smithchester
4691,John,North Willieview
4692,Steven,Joannton
4693,Shirley,Lake Andrea
4694,Mark,Velezton
4695,Kathryn,Ashleyhaven
4696,Cory,Port Caitlyn
4697,Collin,Anitaton
4698,Raymond,Mcmahonmouth
4699,James,Port Matthew
4700,Dennis,North Lauren
4701,Timothy,Levineville
4702,Kathryn,Melissabury
4703,Michael,West Juliebury
4704,Robert,Christinafort
4705,Heather,Port Jose
4706,Ashley,Ronniechester
4707,Mario,Garciafort
4708,Erika,Lake Ethanland
4709,Daniel,Mckinneyborough
4710,Teresa,Jacobbury
4711,Michael,Sarahshire
4712,Heidi,New Williammouth
4713,Jessica,North Roberto
4714,Daniel,Jacobville
4715,Joanna,New Matthewtown
4716,Linda,South David
4717,Jimmy,Lake Michellestad
4718,Jeffrey,South Jessica
4719,Justin,New Scottville
4720,Kyle,Nathanielshire
4721,Joseph,Port Brandonshire
4722,Ruth,Zacharyville
4723,Monica,New Amberton
4724,Eric,Annemouth
4725,Bobby,Richardton
4726,Candice,Stephanieview
4727,Daniel,Lake Jason
4728,Mary,Robertmouth
4729,Stephanie,Camposberg
4730,Brian,New Dean
4731,Daniel,Serranoside
4732,Patricia,North Ronniemouth
4733,Travis,Lake Dianechester
4734,Rebecca,East Beverlyshire
4735,Amanda,Taylormouth
4736,Alison,Seanfort
4737,Stephanie,Estradatown
4738,Andrew,South Melissa
4739,Mary,Thomasborough
4740,Kimberly,Thorntonfurt
4741,Margaret,East Joehaven
4742,Gregory,Cisnerosfurt
4743,David,Ryanfort
4744,Steve,Coleton
4745,Donald,South Adam
4746,Joseph,Lake Annaburgh
4747,Luis,Lake Jennifer
4748,Michelle,North Christopherchester
4749,Robert,Marieton
4750,David,North Taylorchester
4751,Stephen,West Stephenmouth
4752,Andrew,Vickifort
4753,Cindy,North Todd
4754,Charles,Matthewsfort
4755,Virginia,South Jennifer
4756,Vanessa,Donnaton
4757,Kaitlin,New Rebecca
4758,Linda,Oneillburgh
4759,Daniel,West Royton
4760,Andrew,New Matthew
4761,Joseph,Romerofurt
4762,Steven,East Brianbury
4763,Mary,West Kimberlyland
4764,Renee,Austintown
4765,Nicholas,Jamesport
4766,Alyssa,Lake Cory
4767,Elizabeth,Campbellville
4768,Lisa,Woodbury
4769,Kathy,Lewisbury
4770,Lance,New Janetmouth
4771,Ryan,West Robertton
4772,William,Port Maria
4773,Heather,Franciscoton
4774,Eugene,Lake Paula
4775,Christina,Thompsonchester
4776,William,West Christopher
4777,Alicia,Davidville
4778,Sara,Stantonstad
4779,Thomas,West Susan
4780,George,New Paula
4781,Jack,Hillville
4782,Erin,Hannahland
4783,Dawn,Shawnberg
4784,John,Harrisonton
4785,James,Lake Mary
4786,Heather,Brandonport
4787,Chad,Shaneton
4788,Christina,Mcculloughstad
4789,Olivia,Lake Loriville
4790,Megan,Teresaberg
4791,Dillon,Diazberg
4792,Jean,Williamsburgh
4793,Dennis,New Sarahborough
4794,Keith,Mccarthyville
4795,Jacob,South Sandrabury
4796,Angela,Williamborough
4797,Carrie,Lake Rebeccaton
4798,Thomas,Paulside
4799,David,West Brittney
4800,David,Dorothyview
4801,Devin,North Alicia
4802,Lisa,South Rhondabury
4803,Jaime,Haynesstad
4804,Rebecca,Lake Carolborough
4805,Nathaniel,Danielberg
4806,Ricky,Webbfurt
4807,William,Carolinebury
4808,Christina,Patrickchester
4809,Kimberly,Christopherborough
4810,Heather,South Lucas
4811,Johnny,West Aprilmouth
4812,Michael,South Sandrastad
4813,Stephanie,Mcmahonfort
4814,Natasha,West Timothy
4815,Rodney,Justinmouth
4816,Samantha,Hernandezport
4817,Mary,Meredithville
4818,Kevin,North Christopherside
4819,James,West Karenmouth
4820,William,North Tanya
4821,Kimberly,Christophershire
4822,Juan,Stephaniechester
4823,William,South Michaelberg
4824,Robert,Lake Deannahaven
4825,Julie,Robertborough
4826,David,West Tom
4827,Chelsea,Robertsfort
4828,Brooke,North Scott
4829,Katie,Adamschester
4830,Katherine,West Danielfort
4831,Monica,Port Trevorberg
4832,Michael,Johnsonmouth
4833,Paul,Karenland
4834,Jason,Carlaberg
4835,Anna,West Yvonne
4836,Daniel,North Susanchester
4837,Dylan,Deborahtown
4838,Jacob,Caldwelltown
4839,Lisa,Millerfort
4840,Thomas,West Kerry
4841,Thomas,South Abigail
4842,Justin,Lake Joannside
4843,Nicole,East Kevinville
4844,Lynn,Elizabethside
4845,Stephen,Woodside
4846,Lori,Hughesmouth
4847,Shannon,Port Tamara
4848,Bryan,Meganton
4849,Brandon,Mcgeeside
4850,Michael,Port Steven
4851,Larry,New Louis
4852,Brandon,Tinaburgh
4853,Hector,East Timothy
4854,Joseph,Jackburgh
4855,Jason,West Kurt
4856,Steven,Carlybury
4857,Leslie,South Brookehaven
4858,Martin,Ballardside
4859,Carol,Timothyhaven
4860,Stacey,East Williamland
4861,Julia,Smithview
4862,Nicole,West Kelly
4863,Daniel,Smithbury
4864,Spencer,Medinamouth
4865,Mary,Kirbyview
4866,Dawn,Lake Lauren
4867,Zachary,North Josephview
4868,Patrick,New Reneeberg
4869,Amy,East Gina
4870,Heather,North Charleschester
4871,Julie,West Angelamouth
4872,Phillip,South Kimberly
4873,Michael,Lake Sarahland
4874,Donna,East Jamesfort
4875,Derek,Lake Joseph
4876,James,Andreafort
4877,Mark,West Gabriel
4878,Gabriel,Longmouth
4879,David,South Garyfurt
4880,Monica,Christianville
4881,Willie,East Deniseland
4882,Richard,Harveystad
4883,Patricia,North Sabrina
4884,Kevin,West Rickyburgh
4885,Courtney,Christyfurt
4886,Ralph,Port Michael
4887,Amanda,South Thomashaven
4888,Vanessa,Boydfurt
4889,Paula,Matthewmouth
4890,Patricia,South Tonymouth
4891,April,Buchananfort
4892,Kelly,Lake Jennifer
4893,Shelia,Whiteberg
4894,Bailey,Lawsonshire
4895,Sherry,Chavezstad
4896,Barbara,Stevenberg
4897,Erin,Cunninghamland
4898,Thomas,Port Janiceborough
4899,Diane,Lake Raymondfort
4900,Michael,South Maureen
4901,Sara,West Brianbury
4902,Steven,Port Angelastad
4903,Russell,West Ambertown
4904,Nicholas,Jenniferbury
4905,Kelly,Port Cory
4906,Jay,Evansmouth
4907,Brian,Bartonhaven
4908,Michael,South Amy
4909,Christine,Aguirreside
4910,Michele,Caldwellmouth
4911,Elizabeth,Lake Gina
4912,Logan,Ronaldport
4913,Lisa,Porterstad
4914,John,Martinville
4915,Connie,Harmonside
4916,Cole,East Scott
4917,Teresa,Prattland
4918,Joel,Port David
4919,Nicholas,East Nathanielborough
4920,Carla,Collinsmouth
4921,Shannon,New Brandonfort
4922,Lisa,Port Lisa
4923,Alyssa,Robertshire
4924,Chase,Lake Megan
4925,Stephanie,Frankfurt
4926,Jessica,Lopezchester
4927,Suzanne,East Tina
4928,Justin,Lake Curtistown
4929,Margaret,Denisehaven
4930,Martin,North Jonathan
4931,Brittany,New Josephbury
4932,Allison,Port Jay
4933,David,Marilynbury
4934,Michael,Lake Stephenfort
4935,James,Hernandezview
4936,Andrew,New Denise
4937,Debbie,Davidchester
4938,Douglas,South Nicoleville
4939,Elizabeth,Castillochester
4940,Daniel,North Charlotteborough
4941,Sarah,East Michael
4942,Kristen,West Meredith
4943,Patricia,Port Rhonda
4944,Melanie,Lake Bonniefurt
4945,Madison,West Judyfort
4946,Claudia,Michaelfort
4947,Shannon,Lewisside
4948,Brooke,West Nathaniel
4949,Megan,West Mathewbury
4950,Lindsay,East Carolynfort
4951,John,South Maryland
4952,Angela,South Jonathanton
4953,Danielle,Ramirezhaven
4954,Michael,Youngstad
4955,Jennifer,Jackiemouth
4956,Michelle,Ryanfurt
4957,Miguel,New Matthew
4958,Christina,Bauerport
4959,Drew,Lake Susan
4960,Steven,South Teresabury
4961,Joe,East Billyburgh
4962,Nina,East Coreymouth
4963,Julian,Lake Jamesberg
4964,Stephanie,Jenniferfurt
4965,William,West Jenny
4966,Bryan,East Jared
4967,Bradley,Port Ebonyfort
4968,Linda,East Emilytown
4969,Audrey,Lake Maria
4970,Robert,East Amanda
4971,Kimberly,South James
4972,Jesse,Allisonshire
4973,Elizabeth,East Kevin
4974,Ann,North Patriciaberg
4975,John,Mercadofurt
4976,Nathaniel,Gregoryview
4977,Elizabeth,North Laura
4978,Dawn,Nunezhaven
4979,Kenneth,Duranberg
4980,Pam,New Valerie
4981,Brianna,South Cody
4982,Michael,West Adamchester
4983,Robert,Suttonview
4984,Jennifer,New Meganmouth
4985,Michelle,Rushview
4986,Andrew,Wagnerport
4987,Thomas,Petersonside
4988,James,South Charlesburgh
4989,Gerald,Rodriguezfort
4990,Susan,East Samuel
4991,Daniel,Jameschester
4992,Jack,East Brendashire
4993,Kelly,Sherryfort
4994,Mark,Port Jaime
4995,Brian,Luceroton
4996,Luke,Port Debra
4997,Kevin,Lake Manuelside
4998,Jason,West Travisshire
4999,David,South Elizabethchester
5000,Joseph,South Melanieburgh
5001,Ryan,New Edward
5002,Jenna,Kathrynview
5003,Nicholas,Lake Omarshire
5004,Brittney,New Dwaynetown
5005,Rachel,Lake Stevenhaven
5006,Daniel,West Eileen
5007,Tyler,East Kellyview
5008,Robert,Janiceberg
5009,Dana,Gabrielview
5010,Felicia,East Joshuastad
5011,Cassandra,West Adriana
5012,Steven,East Ashley
5013,Erin,Hendersonborough
5014,Charles,West Jennifermouth
5015,Brenda,Melaniemouth
5016,Joshua,Port Brandonview
5017,Jacob,Charleshaven
5018,Jeffrey,Arielland
5019,Kathleen,Nashhaven
5020,Megan,Katrinamouth
5021,Patrick,Hebertton
5022,Andrew,Griffintown
5023,Karen,Robertburgh
5024,Julie,Port Brandonbury
5025,Nicole,East Stacyfort
5026,Bradley,Wallsville
5027,Adam,New Laurachester
5028,Chad,Port Ronald
5029,Michael,Staffordside
5030,Ronald,Laneview
5031,Karen,New Joshua
5032,Thomas,West George
5033,Mitchell,Shelbychester
5034,Robert,Andersonfurt
5035,Marilyn,Sheltonfurt
5036,Angela,Robertshaven
5037,Kenneth,Stevenside
5038,Samantha,Lake Christopherland
5039,Miranda,North Shawnbury
5040,Erica,Rodriguezland
5041,Barry,Garciamouth
5042,Brian,Bellfort
5043,Bethany,East Clintonchester
5044,Kathryn,Barnesfort
5045,Alexis,Ramseystad
5046,Ryan,Robinside
5047,Kristen,Benjaminport
5048,Adam,North Robertborough
5049,Jeffery,Lake Jacobville
5050,Catherine,Gracetown
5051,Seth,Caseview
5052,Lauren,Lake Joseph
5053,Elizabeth,Gutierrezfort
5054,Eduardo,East James
5055,Emily,Gordonton
5056,Susan,West Alexander
5057,Cassandra,Port Zacharyhaven
5058,Andrea,South Heatherburgh
5059,Michael,East Joannachester
5060,Rebecca,Savagehaven
5061,Hannah,Adamsborough
5062,Gregory,West Janet
5063,Veronica,Anthonyside
5064,Mario,Kimberlyton
5065,Raymond,Walshfort
5066,Timothy,Kimberlyborough
5067,Travis,West Ashley
5068,Derek,Carsonside
5069,Taylor,Christophershire
5070,Kristina,Port Scottberg
5071,Ronald,East Alexisland
5072,Erica,Sullivanbury
5073,Jacob,East Hailey
5074,Mary,Danielfort
5075,Holly,Port Amanda
5076,Donna,Johnsontown
5077,Joanna,Deanbury
5078,Amy,North Nicholas
5079,Savannah,Lake Brendachester
5080,Joseph,West Annaberg
5081,Ronald,Ronaldton
5082,Steven,East Matthewfurt
5083,Jeffrey,New Tracy
5084,Sean,Port Gregoryshire
5085,Dakota,Kevintown
5086,Emma,Port Heather
5087,Brian,Parkerside
5088,Karen,Port Johnville
5089,Jeanette,Millermouth
5090,Paige,Port David
5091,Brian,North Susan
5092,Julie,Smithview
5093,Kelly,Williamsbury
5094,Jacqueline,Michelleland
5095,Christina,North Markshire
5096,Amber,East Kaylaville
5097,Jason,South Danielview
5098,Kenneth,New Amy
5099,April,Port Sabrinamouth
5100,Julie,North Kevin
5101,Crystal,Goldenland
5102,Anthony,South Coreymouth
5103,Joshua,North Kimberlyville
5104,Jamie,New Jasminemouth
5105,Richard,North Brent
5106,Robert,Diazville
5107,Amy,Kristinafurt
5108,Christine,Lake Cassandra
5109,David,Port Isaiah
5110,Danny,West Lindsayfort
5111,Linda,Jamesville
5112,Timothy,Port Kelly
5113,Julie,Lake Sethburgh
5114,Brandi,North Bonnie
5115,Jessica,Braychester
5116,James,Mcclainshire
5117,Melissa,South Kathyfurt
5118,Robin,New Christianfort
5119,Robert,Port Ernest
5120,Tammy,Aguirreland
5121,Gina,South Andre
5122,Alan,East Jasonbury
5123,Wanda,Raymouth
5124,Christopher,South Cynthia
5125,Hannah,Jonesside
5126,Caitlin,Tylerland
5127,Jason,Smithshire
5128,Alejandro,Adkinsmouth
5129,Donald,Kaylaberg
5130,Mark,Vargasport
5131,Anne,North Melissafort
5132,Kyle,South Russellton
5133,Richard,North Jasonfort
5134,Gary,North Andreachester
5135,Victoria,Lake Rebeccaland
5136,Michael,South Stephenburgh
5137,Craig,North Russell
5138,Laura,Elizabethborough
5139,Amber,East Brandon
5140,Shelly,West Christineton
5141,Calvin,West Jamesmouth
5142,Joshua,Reynoldsside
5143,Michelle,North Michael
5144,Linda,West John
5145,Rebecca,Ronaldbury
5146,Michael,East Corey
5147,Angela,Charleshaven
5148,Sharon,Yoderhaven
5149,Dawn,Laurafort
5150,Jose,Christyland
5151,William,North Mark
5152,Kelly,Rodriguezchester
5153,Michele,South Kimberlyview
5154,Renee,Theresashire
5155,Kyle,Davidborough
5156,Holly,North Larryshire
5157,Katelyn,Lake Donald
5158,Lisa,Lake Benjaminhaven
5159,Tracy,Anneport
5160,Laura,West Rebeccaside
5161,Maria,Ryanmouth
5162,Lynn,Stevenfurt
5163,Shelby,South Evelynhaven
5164,Mallory,Marybury
5165,Jeremy,Mikestad
5166,Andrew,Lake Johnstad
5167,David,East Jasonville
5168,Antonio,Rodneyhaven
5169,Douglas,Reynoldsview
5170,David,Lake Jenna
5171,Allison,Marshallland
5172,Julia,East Deborahfurt
5173,Charles,Port Michaelmouth
5174,Melissa,New Lorifurt
5175,Anthony,Smithchester
5176,James,Port Marciashire
5177,Sean,East Bryanbury
5178,Peter,New Tyrone
5179,Steven,West Christopherhaven
5180,Carolyn,West Williamshire
5181,Joshua,Michellemouth
5182,Nicole,Kevinville
5183,Alexandria,Tiffanyfurt
5184,William,Dennisbury
5185,Janice,South Jennifer
5186,James,Elliottburgh
5187,Jacob,Hicksland
5188,Kristin,New Justinville
5189,Michele,Kennedyberg
5190,Mindy,Campbelltown
5191,Kevin,Josephside
5192,Mary,West Samuelview
5193,Elizabeth,North Julia
5194,Shelly,North Lawrence
5195,Victor,South Stacytown
5196,Diana,Gonzalezchester
5197,Nathan,Karaville
5198,Karen,Blanchardborough
5199,Grant,New Timothyview
5200,David,North Jamesmouth
5201,Judith,Lake Leonardtown
5202,Joshua,Brownshire
5203,Mary,Paulaville
5204,Kendra,South Timothyshire
5205,Jamie,Feliciafurt
5206,John,Lake John
5207,Joseph,Port Wendyfurt
5208,Jeanne,Lake Catherine
5209,Lisa,East Amandaview
5210,Danielle,Lake Aaron
5211,Julia,South Hannahbury
5212,John,Ashleyville
5213,Nichole,North Tyler
5214,Margaret,Ryanview
5215,Kevin,Christinafurt
5216,Amy,Kevinstad
5217,Deborah,Jamesfort
5218,Cheyenne,Ryanberg
5219,Matthew,New Chadton
5220,Tiffany,South Ericfurt
5221,Scott,West Davidtown
5222,Joseph,North Dylan
5223,Austin,Jenniferfort
5224,Rachel,East Marvin
5225,Steve,West Cheryl
5226,Laurie,New Nicoleberg
5227,Jessica,Kennethland
5228,Tyler,West Christopher
5229,Steven,East Stephenburgh
5230,Michelle,Johnsonside
5231,Tammy,Williamsview
5232,Bradley,North Martin
5233,Hailey,South Amberview
5234,Benjamin,East Craigville
5235,John,Sparksborough
5236,Frederick,Joelborough
5237,Deborah,East Sarah
5238,Tracey,Larrymouth
5239,Judy,Lake Julianborough
5240,Jill,Lake Patricialand
5241,Tommy,North Travis
5242,Jeff,South Kevin
5243,William,Port George
5244,Cassandra,New Brittany
5245,Melissa,Emilyhaven
5246,Linda,Lake Kathleen
5247,Kelly,Berryport
5248,Steven,West James
5249,Matthew,Josephhaven
5250,Melissa,Hopkinsstad
5251,Erica,Davidhaven
5252,Jamie,Jasonmouth
5253,Robert,Novakside
5254,Tyler,West Ashley
5255,Marissa,Steventon
5256,Brittany,New Troyland
5257,Jacob,Ronaldbury
5258,Thomas,Martinezmouth
5259,Jessica,Lake Amyborough
5260,Kiara,South Megan
5261,Steven,Katelynport
5262,Jose,East Brian
5263,Carrie,Port Elizabethborough
5264,Elizabeth,North Erikborough
5265,Daniel,Kendrabury
5266,Angela,West Martinfurt
5267,Kevin,East Martin
5268,Michael,Lake Amandafort
5269,Richard,New Keithberg
5270,Kelly,West Katherineburgh
5271,Laura,Jacobsonton
5272,Tyler,Brianshire
5273,Robert,Rodriguezfort
5274,Heather,Donaldton
5275,Rachel,Christopherstad
5276,Tony,Flowersmouth
5277,Benjamin,Lake Ashleyshire
5278,Jennifer,Pattersonchester
5279,Katelyn,Schneiderside
5280,Jonathan,Port Rachel
5281,Amber,Michelleton
5282,Shelia,Smithchester
5283,Tracy,Susanville
5284,Brent,New Jessica
5285,Christopher,Hoganchester
5286,Cassandra,Kaitlynbury
5287,Brandon,Smithmouth
5288,Stephanie,Timothymouth
5289,Kirsten,Bauertown
5290,Beverly,West Ashley
5291,Stephanie,South Bridget
5292,Melissa,Jeremyport
5293,Teresa,Lake Amy
5294,Christopher,New Peter
5295,Michael,East Chelsea
5296,Lori,Gibsonland
5297,Nicole,Hinesside
5298,Jasmine,Mitchellshire
5299,Patricia,West Tracy
5300,Matthew,Wheelerchester
5301,Brandon,Ronaldshire
5302,Robert,North Lauren
5303,John,East Heatherview
5304,Nicholas,North Laurenburgh
5305,Benjamin,Cowanstad
5306,Amy,Lake Sarahland
5307,Tiffany,Lake Christina
5308,Rebecca,Lake Destiny
5309,Sydney,Karenchester
5310,Christopher,West Andreachester
5311,Sydney,East Kevin
5312,Tracy,Lisachester
5313,Kelly,Walterbury
5314,Melissa,Shanemouth
5315,Robert,West Jamieshire
5316,Anthony,Olsonmouth
5317,Robert,Valdezshire
5318,Ronald,Hurstborough
5319,Justin,Jessicahaven
5320,Scott,North Nicole
5321,Andre,Port Erikshire
5322,Christina,Bradleyberg
5323,Marcus,North Evelyn
5324,Rebecca,Port Kathytown
5325,Logan,Samuelbury
5326,Nicholas,Bryanberg
5327,Brian,South Tamaraland
5328,Jamie,West Johnland
5329,Amy,Suzanneshire
5330,Cynthia,New Dustinside
5331,William,Gutierrezberg
5332,Curtis,New Lynnborough
5333,Jon,Jessicaborough
5334,Patrick,West Sherryburgh
5335,Briana,Coryport
5336,Jeffrey,Jamesfort
5337,Maria,Jonathonchester
5338,Michael,Port Tamaraton
5339,Jamie,Silvabury
5340,Samantha,Butlerville
5341,Timothy,North Teresa
5342,Hannah,North Marissa
5343,Veronica,North Travishaven
5344,James,South Kellyside
5345,Anthony,West Daniel
5346,James,West Ashley
5347,William,Rayport
5348,Russell,South Andrewville
5349,Jamie,North Kimberly
5350,Kathleen,Arroyoton
5351,Robert,West Benjamintown
5352,Whitney,Jacobhaven
5353,Maria,Lisaburgh
5354,Dana,Johnsonbury
5355,Danielle,Jamieland
5356,Caitlyn,Lake Laurenstad
5357,Alexander,Angelaland
5358,Whitney,North Brandonland
5359,Nicholas,East Rhonda
5360,Leslie,Lake Bobby
5361,Jeffrey,West Danielleton
5362,Melissa,Teresahaven
5363,Veronica,Port Timothy
5364,Janet,Michaelhaven
5365,Karen,Carterfort
5366,Gary,Beckychester
5367,Destiny,North Lisahaven
5368,Kathleen,Masonton
5369,Isabel,New Kathryn
5370,Jennifer,Sanchezhaven
5371,Patricia,Youngville
5372,Veronica,Ballbury
5373,Erin,Susanfurt
5374,Thomas,New Sethbury
5375,Nicole,New Lindsey
5376,Brent,Denniston
5377,Yvette,Jefferyville
5378,Jennifer,Castillobury
5379,Jessica,Lake Donnachester
5380,Angela,Mortonport
5381,Suzanne,Carlsonhaven
5382,Ryan,Robertborough
5383,Tina,Payneport
5384,Joseph,Evansland
5385,Jonathan,North Lisamouth
5386,Troy,Hollandland
5387,Yvette,Lake Elizabethstad
5388,Cassie,Port Gabrielleview
5389,Jacob,Newmanstad
5390,Samantha,Edwardschester
5391,Ashley,Langborough
5392,Jose,North Kyleberg
5393,Joan,Bridgesville
5394,Sophia,West Janice
5395,Chad,Michaelfurt
5396,Diamond,South Yolanda
5397,Jennifer,Mckenzieland
5398,Erin,South Jason
5399,Jerry,Lake Matthew
5400,Courtney,Lake Kellyfurt
5401,Hannah,Thomashaven
5402,Michael,South Elizabeth
5403,Dakota,Lake Hannahview
5404,Erin,East Bryan
5405,Sean,Lake Janicefurt
5406,Curtis,Anthonytown
5407,Stephen,Lake Brandon
5408,Madison,Elizabethburgh
5409,Nicholas,Lake Jimmyview
5410,Brian,Gregorymouth
5411,Juan,Nielsenburgh
5412,Brian,New Davidburgh
5413,Lucas,Melanietown
5414,Stephanie,Woodmouth
5415,Brenda,Matthewstown
5416,Samantha,Feliciafurt
5417,Brenda,North Patricia
5418,Jill,Frederickview
5419,Heather,Livingstonhaven
5420,Jacob,East Melissafort
5421,Ariel,Lake Melvin
5422,Angela,South Samantha
5423,Melissa,North David
5424,Lindsay,Hessberg
5425,Mike,West Jasmintown
5426,Jeffrey,Charleneberg
5427,Brianna,Gomezmouth
5428,Daniel,Port Katelynton
5429,Carly,Jacksonstad
5430,Rachael,Port Tracihaven
5431,Emily,North Denise
5432,Randy,South Joseph
5433,Michael,Port Richard
5434,David,Lake Michael
5435,Jeffrey,Lake Amandaview
5436,Melissa,New Amy
5437,Samuel,Mckeeland
5438,Ryan,Rodriguezhaven
5439,Rachel,North Tammy
5440,Anthony,Charlotteside
5441,Victoria,Carmenside
5442,Jason,South Loriton
5443,Elizabeth,Angelaborough
5444,Evelyn,West Alexanderfurt
5445,Anthony,North Kaitlyn
5446,Christopher,South Robert
5447,Louis,Weaverchester
5448,Jessica,North Tommychester
5449,David,Masonshire
5450,Mark,North Adam
5451,Guy,Kellyfort
5452,Ellen,Heatherland
5453,Amanda,South Ashleybury
5454,Stephen,Tinatown
5455,Laura,Davidmouth
5456,Sarah,Lake Carl
5457,Cassandra,Kendrashire
5458,Diana,East Leslieberg
5459,Robert,South Barbarafort
5460,Christopher,New Tiffany
5461,Darryl,North Jacob
5462,Kyle,West Jenna
5463,Kimberly,Trevorside
5464,Ashley,Smithmouth
5465,Joseph,Lake Matthew
5466,Michael,North Codyhaven
5467,Destiny,Michelleside
5468,Christopher,East Jacob
5469,Krystal,North Katrinashire
5470,Robert,Marcton
5471,Melissa,Bethton
5472,Megan,Port Alexiston
5473,Kristine,Thomasborough
5474,Alex,East Michael
5475,Paul,Lake Patrick
5476,Amy,Hancockmouth
5477,Stacie,North Charlesfort
5478,Marcus,South Tinabury
5479,Cynthia,Stanleyview
5480,Christina,Johnsonside
5481,Elizabeth,Andrewfort
5482,Robert,Powellfurt
5483,Katherine,Freemanburgh
5484,Blake,Johnsonberg
5485,Russell,Millerborough
5486,Timothy,North Samanthaton
5487,Daniel,East Jerry
5488,Samuel,New Joshua
5489,Jeffrey,South Patrick
5490,Jennifer,West Courtney
5491,Eric,Lake Courtneyfort
5492,William,Andrewton
5493,John,East Kimberly
5494,Zachary,East Kimberlyshire
5495,Phillip,South Jill
5496,Bradley,Port Dustin
5497,Maria,Morenostad
5498,Gina,Brandonfurt
5499,Bryan,Lake Samantha
5500,Madison,Port Carlaburgh
5501,Jessica,Monicahaven
5502,Adam,Duarteland
5503,Joshua,North Anthony
5504,Brett,Johnsonhaven
5505,Kelly,Downsmouth
5506,Melanie,West Cindy
5507,Mary,Lake Wayneborough
5508,Colin,South Amychester
5509,Aaron,Vegaville
5510,Robin,Port Amyview
5511,Lauren,Port Brendaview
5512,Kimberly,Port Gregory
5513,Christopher,West Charlesstad
5514,Jack,Johnsonmouth
5515,Vanessa,West Joycemouth
5516,Janet,Lake Phillipbury
5517,Eric,Farmerburgh
5518,Melissa,Michaelfurt
5519,Stephanie,Jacobton
5520,Sarah,East Veronicaton
5521,Lorraine,New Donald
5522,Christina,Port Rogershire
5523,Mallory,West Taylorbury
5524,Shane,Ronaldview
5525,Michele,Kellyview
5526,Ryan,Port Melanietown
5527,Brandy,Meltonbury
5528,Joann,Lawsonfort
5529,Henry,Lake Natasha
5530,Carlos,East Jennifer
5531,William,Suttonhaven
5532,Cheryl,Port Cherylmouth
5533,Heather,Lake Kimberlyshire
5534,Tyler,South David
5535,Brandon,Lake Raymond
5536,Jason,North Caseymouth
5537,Stephanie,West Gerald
5538,Amber,Waltershire
5539,Jackson,Campbellbury
5540,Michael,Nelsonside
5541,William,Chavezland
5542,Christina,Mezachester
5543,Kelly,Daniellestad
5544,Travis,Hollybury
5545,Gloria,West Anthonystad
5546,Laura,Sotoberg
5547,Rebecca,Emmaton
5548,Brian,Andersonhaven
5549,John,West Johnburgh
5550,Katherine,New Jessicabury
5551,Jill,Patrickborough
5552,Michele,Westmouth
5553,James,Vanessachester
5554,Karen,Port Robinberg
5555,Sharon,New Tina
5556,Elaine,South Katherineshire
5557,Joy,Sandratown
5558,Tyler,Hudsonfurt
5559,Douglas,South Rachelhaven
5560,Paige,Tuckerchester
5561,Felicia,Owensview
5562,Teresa,Rebeccafurt
5563,Lynn,Stevensonshire
5564,Thomas,Annfurt
5565,Kelli,Port Jeffreyburgh
5566,Amanda,North Davidfort
5567,Peggy,Vincentborough
5568,Latoya,West Beth
5569,Mary,North Charles
5570,Elizabeth,Lake Seanbury
5571,Stephanie,East Stephanie
5572,Jacob,Sarahfort
5573,Diana,Schultzside
5574,Dustin,West Lisamouth
5575,Justin,Nicolestad
5576,Leslie,Lake Thomaschester
5577,Rebecca,Feliciahaven
5578,Jonathan,New Andrew
5579,Stacey,Timothymouth
5580,Pamela,North Nicholaschester
5581,Kelly,Reidberg
5582,Robert,Port Julia
5583,Brittany,Lake Tiffany
5584,Juan,New Felicia
5585,Kurt,Adamsmouth
5586,Christopher,Averybury
5587,Jennifer,Randallview
5588,Katie,Paulachester
5589,Tony,North Jennifer
5590,James,Kiarashire
5591,Terrence,Port Hollymouth
5592,Laura,East Dawn
5593,Natasha,Mistyside
5594,Laurie,North Kathleenland
5595,Karen,South Justin
5596,Sabrina,Matthewville
5597,Charles,Michellebury
5598,Jessica,Lake Staceyport
5599,Joseph,West Brandon
5600,Daniel,Peterchester
5601,Darrell,West Sarahborough
5602,Sarah,Diazside
5603,Michael,Kaitlinville
5604,Anthony,Port Jacobberg
5605,Jenna,Castilloborough
5606,Nathaniel,Munozside
5607,Hannah,Port Angelbury
5608,Amber,East Staceybury
5609,Carla,New Christopher
5610,Tanner,Brianside
5611,Michael,New Jason
5612,Tracy,Cheryltown
5613,Jason,Port Thomas
5614,Carmen,Sandrafurt
5615,Mathew,Lake Tonyport
5616,Lindsay,North Christopher
5617,Carol,Lake Michele
5618,Michael,East Alicia
5619,Michael,Whitefort
5620,Justin,Angelahaven
5621,Heather,Lake Kevinside
5622,Lee,Jacobview
5623,Meghan,Bryanton
5624,Chase,Lake Johnside
5625,Isabella,East Megan
5626,John,Larrymouth
5627,Joshua,South Sheriburgh
5628,Kathy,Lake Meganmouth
5629,David,North Cathychester
5630,Melissa,Debraburgh
5631,Lee,Oneillshire
5632,Ricardo,Michealbury
5633,Jasmin,Santanamouth
5634,Sean,Deborahfurt
5635,Monique,Lake Josephton
5636,Richard,West Susan
5637,Susan,Lake Melissahaven
5638,Dylan,Ralphburgh
5639,Antonio,Dixonside
5640,Stephanie,West Diana
5641,Louis,Port Rickyfort
5642,Mary,East John
5643,Kristen,Jenniferbury
5644,Tracy,Thomasshire
5645,Andrea,Shawnaland
5646,Cathy,Quinnstad
5647,Matthew,Bellport
5648,Ashley,Lake William
5649,Lawrence,Joelmouth
5650,Karen,Fishertown
5651,Patricia,Valerieborough
5652,Taylor,Mariaport
5653,Casey,Christopherland
5654,Mark,East Dennis
5655,Daniel,Brooketon
5656,Kayla,Lake Veronicafurt
5657,Jermaine,Jacksonton
5658,Ricardo,Michaelberg
5659,Gregory,Jacquelineburgh
5660,Kevin,Brooksborough
5661,Amanda,East Christopher
5662,Justin,Harveyhaven
5663,Trevor,Kingborough
5664,Brandon,Lewismouth
5665,Sarah,Scottmouth
5666,Maria,Lake Robert
5667,Dana,Austinview
5668,Karen,Lake Heatherborough
5669,Candice,North Mark
5670,Mark,North Marioborough
5671,Peter,Shirleyton
5672,Mark,Shelbymouth
5673,Joel,New Joanne
5674,Tammy,West Adamburgh
5675,Timothy,Hannahchester
5676,Gary,Michaeltown
5677,Amy,Jonesville
5678,Ashley,Changmouth
5679,Sandra,Olsonbury
5680,Brandon,Glenhaven
5681,Diana,Ryanfort
5682,Elizabeth,West Jaredton
5683,Stanley,Kristinfort
5684,Rhonda,East Robert
5685,Stephanie,East Heatherchester
5686,Andrea,Shellyshire
5687,Martin,Owensshire
5688,Brandon,Christyview
5689,Danielle,Lake Troyview
5690,Susan,Lake Justin
5691,Jennifer,Hubbardville
5692,Scott,Jeffreyborough
5693,Michelle,Hansenbury
5694,James,Powellberg
5695,Jennifer,Port Codytown
5696,Taylor,Jacksonburgh
5697,Dillon,Susanstad
5698,Courtney,Lake Henry
5699,Paul,Williamland
5700,Lauren,Amyfort
5701,Julia,Whitefort
5702,Barbara,West Lauramouth
5703,Alexander,Lake Jacquelineburgh
5704,Cynthia,West Nataliebury
5705,Adrian,Townsendshire
5706,Scott,Wardfort
5707,Michelle,New Bethchester
5708,Diana,New Mark
5709,Jeffrey,Adammouth
5710,Holly,Cherryport
5711,Sandra,Jaredburgh
5712,Craig,Benjaminchester
5713,Robin,New Cristiantown
5714,Christopher,Port Nicholas
5715,Laura,Underwoodland
5716,Dana,Garzatown
5717,Andrew,Stephaniestad
5718,Mark,Lake Scottton
5719,Angela,Rileyton
5720,Justin,South Catherinestad
5721,Garrett,Lake Kristinaborough
5722,Hannah,Littleside
5723,Kelly,Randallfort
5724,William,Kimberlyborough
5725,Jason,Youngport
5726,Jacob,North Jenniferland
5727,Jodi,Christopherside
5728,Timothy,East Amberstad
5729,Kaitlyn,Lake Keithville
5730,Lindsey,North Jenniferton
5731,Melanie,Reyesland
5732,Monica,New Peterborough
5733,Wanda,Vincenttown
5734,Ruth,Anitaville
5735,Diane,South Matthew
5736,Kristin,Blackburnmouth
5737,Jennifer,New Joseph
5738,Keith,South Jameschester
5739,Katie,South Todd
5740,Tyler,Lake Tina
5741,Travis,Lake Davidbury
5742,Michael,Michaelbury
5743,Amanda,Lake Kimberlyshire
5744,Anna,Karenhaven
5745,Darrell,Nolanhaven
5746,Alexander,Allisonside
5747,Isabella,West Alexanderton
5748,Rebecca,Letown
5749,Daniel,New Eric
5750,Sherry,West Claudia
5751,Jonathan,Ballardmouth
5752,Mariah,North Jason
5753,Shawn,Nicolemouth
5754,Matthew,Kimberlyborough
5755,Louis,Hernandezfort
5756,David,Jensenborough
5757,Jorge,Staceyborough
5758,Joyce,Perryberg
5759,Elizabeth,Lake Nicoleburgh
5760,Catherine,West Jefferyshire
5761,Angela,Williambury
5762,Sherry,Jonesberg
5763,Corey,Carrside
5764,Erik,Allisonmouth
5765,William,North Adamtown
5766,Alison,New Joann
5767,Stacie,Thorntonberg
5768,Kara,Warrenfort
5769,Mark,East Becky
5770,Daniel,Markmouth
5771,George,Douglasberg
5772,Gregory,Teresaside
5773,Lori,Ruizstad
5774,Calvin,East Kellymouth
5775,Kathryn,Nathanielburgh
5776,Jessica,Lake Scott
5777,Jonathan,North Amy
5778,Christopher,Port Micheleburgh
5779,Kayla,Port Jenniferbury
5780,Kevin,Smithland
5781,Barbara,New Michael
5782,Shelby,Duranstad
5783,Laura,New Walter
5784,Wendy,Gutierrezfort
5785,Jason,New Molly
5786,Janet,Kimport
5787,Stephen,East Jacob
5788,Sara,Port Davidberg
5789,Katie,Barrettchester
5790,Michele,Nguyenhaven
5791,Ann,Lake Jillianchester
5792,Stephen,South Brandonborough
5793,Gregg,Nguyentown
5794,Mary,Harryside
5795,Selena,Jonesbury
5796,Andrew,West Maurice
5797,Barbara,South Alanport
5798,Paul,Port Timothyberg
5799,Wyatt,New Willieside
5800,Amanda,New Maria
5801,Michele,North Catherineton
5802,Richard,Spencerfurt
5803,Carol,Erinview
5804,Chelsea,Smithborough
5805,Amanda,East Rebeccatown
5806,Dawn,North Raymond
5807,David,South Ashley
5808,Carrie,Garciashire
5809,Robert,New Dannyberg
5810,Tammy,South Jeffreyhaven
5811,Cassandra,South Natalieborough
5812,Megan,Emilyhaven
5813,Tracy,Sandersburgh
5814,Shannon,Joshuabury
5815,Alexander,East Stacy
5816,Virginia,Brettstad
5817,Joel,North Patrick
5818,Howard,East Taylortown
5819,Mark,Timothytown
5820,Mario,North Jenniferstad
5821,Jessica,Veronicachester
5822,Carla,Lake Amy
5823,Joseph,Port Hunterland
5824,Taylor,Lindaport
5825,Laurie,Brayport
5826,Travis,South Timothyton
5827,Adam,Christinafort
5828,Luis,Jamesburgh
5829,Erica,Williamsfurt
5830,Mary,Gonzalezview
5831,Morgan,Dillonbury
5832,Jessica,Lake Jamesfurt
5833,Brenda,Zacharyhaven
5834,Katherine,Stephanieside
5835,Lisa,Port Kristinland
5836,Matthew,Michaelland
5837,Sandy,Lake Markchester
5838,Carl,Miguelchester
5839,Richard,North Kelli
5840,Sonya,Rogerschester
5841,James,Gregorystad
5842,Kenneth,Kevinland
5843,Melissa,Emilyfurt
5844,Donna,Melissastad
5845,Valerie,New Charles
5846,Suzanne,West Heather
5847,Rachel,Jacksonville
5848,Alexandra,Donaldberg
5849,Bianca,Darylside
5850,Christopher,Lake Tamaraland
5851,Aaron,Edwardsville
5852,Brittany,Carolport
5853,Anthony,Murraystad
5854,William,Masonland
5855,Richard,South Brenda
5856,Richard,Annaberg
5857,Joseph,Toddport
5858,Ryan,Sarahburgh
5859,Eric,New Anna
5860,Brianna,Port Alexisbury
5861,Danny,Butlerborough
5862,Brandon,Jonesside
5863,Rachel,Adamfurt
5864,Clinton,North Kimberlyton
5865,Thomas,Cannonfort
5866,April,East Seanmouth
5867,Andre,Port Sarahfort
5868,Laura,East Laurie
5869,Alyssa,Mcclaintown
5870,Daisy,Albertport
5871,Michelle,Janicechester
5872,Joel,Port Christinafurt
5873,Michelle,East Garyfurt
5874,Gina,New Jacob
5875,Brandon,Sandersberg
5876,Anthony,Spearsport
5877,Samuel,Roberttown
5878,Robert,East Thomasbury
5879,Christian,Port Sandra
5880,Trevor,New Jessicahaven
5881,Amy,South Corey
5882,Douglas,North Antonio
5883,Laura,Craigshire
5884,Andrew,Patriciabury
5885,Robin,Darinmouth
5886,Jared,New Bryanside
5887,Holly,Port Robertville
5888,Sydney,Obrienmouth
5889,Charles,North Dean
5890,Thomas,South Johnnychester
5891,Richard,Port Tonyamouth
5892,Steven,Meganville
5893,Angela,Port Juanfort
5894,Leah,Port Nicholas
5895,Kara,Arthurborough
5896,Janice,New Jesus
5897,Michael,West Christinebury
5898,Derek,Alexischester
5899,Devon,Millerland
5900,Susan,West Rodney
5901,Richard,Andreaton
5902,Jennifer,Christopherfurt
5903,George,Hansonbury
5904,Richard,Michelleberg
5905,Tammy,Morganmouth
5906,Candice,Lake Tamara
5907,Joy,East Danielstad
5908,Tammy,Lake Mark
5909,Margaret,Walkershire
5910,Steven,South Tanyashire
5911,Timothy,North Vickiberg
5912,Jessica,North James
5913,Christine,North Brandon
5914,Elizabeth,Brandyport
5915,Thomas,West Zachary
5916,Danielle,Butlerberg
5917,Christopher,Annaborough
5918,Joseph,Sarahside
5919,Gerald,New Robert
5920,James,Yatesmouth
5921,Erika,Jenniferland
5922,Joel,Reedbury
5923,Robert,Debrahaven
5924,Emma,New Raymond
5925,Peter,Lake Joshua
5926,Candice,Walkerland
5927,Elizabeth,Mannberg
5928,Brian,Abigailfort
5929,Francis,Port Angela
5930,Natasha,Patriciafort
5931,Linda,New Brandonfurt
5932,Mackenzie,Ashleytown
5933,Dawn,Danielborough
5934,Nathan,South Marcusview
5935,Ryan,Olsonmouth
5936,Nancy,New Richardton
5937,Terri,Beckyville
5938,Tammy,East Bobby
5939,Eileen,Lake Michelefort
5940,Gabriel,East James
5941,Desiree,Johnsonmouth
5942,Anthony,Williamshaven
5943,Julia,Williamside
5944,Angela,Pottsville
5945,Wesley,Port Brandi
5946,Tracey,North Barbara
5947,Kelly,Gordonside
5948,Robert,Sweeneyland
5949,Shannon,Lake Joshua
5950,Megan,North Sarah
5951,Brandi,North Kevin
5952,Keith,South Davidchester
5953,Krista,West Ryan
5954,Shelley,Lake Kyle
5955,Stephanie,East Joshua
5956,Christopher,Lake Vincentview
5957,Michael,South Christian
5958,Timothy,Lake Karenchester
5959,Cody,Jeffreyton
5960,Alice,Clarkstad
5961,Jamie,Port Shellystad
5962,Brandon,Tinaview
5963,Steven,Johnsonmouth
5964,Jennifer,Sandraville
5965,Jason,West Ryan
5966,Michael,New Anthony
5967,Dawn,West Paulbury
5968,Ashley,Johnfurt
5969,Jacob,West Regina
5970,Lisa,Erinbury
5971,Donald,Port Kimberly
5972,Bonnie,Randyview
5973,Jonathan,West Heather
5974,Marc,South Debra
5975,James,Port Wesley
5976,Ashley,New Nicolestad
5977,Nancy,Garytown
5978,Jaclyn,East Christinabury
5979,Jeffrey,Andrewsfort
5980,Tammy,West Eric
5981,Anna,Port Hannahside
5982,Sydney,Jessicaburgh
5983,Michele,Port Joshuachester
5984,Eric,West Lindsey
5985,Erica,New Chasestad
5986,Kristin,West Tommymouth
5987,Michael,East Williammouth
5988,Kevin,Port Benjaminton
5989,Elijah,Masontown
5990,Adam,North Sophia
5991,Vanessa,Tinaside
5992,Bryan,Kevinborough
5993,Valerie,New Patricia
5994,Nicholas,New Charlesview
5995,Kelly,Lake Susanville
5996,Jose,Catherinemouth
5997,Lauren,Mcknightshire
5998,Larry,Lake Rhonda
5999,Barbara,South Matthew
6000,Rachel,West Annland
6001,Mary,West Colleen
6002,Cynthia,South Nicole
6003,Katherine,West Tracy
6004,Travis,Port Lauren
6005,Angela,Hesterchester
6006,Adam,Bryantshire
6007,Bryan,East Paul
6008,Matthew,Jamiechester
6009,Jennifer,Barrettton
6010,Mariah,Port Nicholas
6011,Steven,New Samantha
6012,Lisa,Riosborough
6013,Victor,Melissahaven
6014,Amber,Campbelltown
6015,Daniel,Williamsstad
6016,William,Jordanville
6017,Dustin,Robertsside
6018,Andre,Jeremymouth
6019,Donna,Harrisbury
6020,Gavin,Matthewsberg
6021,Kelly,Rayfurt
6022,Timothy,East Darren
6023,Todd,Nicholsborough
6024,Ronald,Heatherbury
6025,Michael,West Diamond
6026,Deanna,Davidton
6027,Laura,Reedbury
6028,Janet,Clarkland
6029,Justin,New Lindaton
6030,Robert,North Erinville
6031,Adam,New Patriciastad
6032,Kathryn,Lake Jason
6033,Robert,West Kellyview
6034,Cody,Monicaburgh
6035,Patricia,Lake Danielle
6036,Michael,Tyronechester
6037,Alexis,Port Catherine
6038,Kenneth,West Amymouth
6039,Dale,South Sara
6040,Steven,Rebeccamouth
6041,Scott,Ricardoshire
6042,Anthony,Campbellberg
6043,Peter,North William
6044,Teresa,Johnview
6045,Miranda,South Andreaberg
6046,Jessica,New Brandyborough
6047,John,West Melissafort
6048,Amber,Alextown
6049,John,East Andreaville
6050,Richard,Campbellton
6051,Douglas,Changborough
6052,Samantha,East Brandybury
6053,Amy,Kennethchester
6054,Robert,Rossberg
6055,James,West Earl
6056,Rhonda,South Danielborough
6057,Carol,North Lorihaven
6058,Angela,Hicksport
6059,Krystal,Floresborough
6060,Carly,Hudsonside
6061,Melissa,Jacobview
6062,Darryl,Lake Joshuatown
6063,Logan,Port Kellyhaven
6064,Thomas,Careyborough
6065,Maria,Johntown
6066,Joseph,Edwardsborough
6067,Steven,Port April
6068,Brandon,Andrewside
6069,Sarah,North Benjaminland
6070,Sylvia,Powersstad
6071,Joseph,New Charlene
6072,Kristen,Mcintoshfort
6073,Marc,Port Kelsey
6074,Tony,Burnettburgh
6075,Gina,Port Juliehaven
6076,Eric,Gravesberg
6077,Timothy,New Deborahburgh
6078,April,North Jamesland
6079,Paul,East Robertmouth
6080,Kaitlyn,North Thomas
6081,Kimberly,Johnstonburgh
6082,Jennifer,New Veronica
6083,Kevin,Ericborough
6084,Amy,New Markhaven
6085,Gabriela,Port Phillipville
6086,Sherry,Leahmouth
6087,Michelle,Joeborough
6088,Antonio,North Patrickside
6089,Stephen,East Daniel
6090,Angela,Susanville
6091,Dominique,Lake Kimberly
6092,Christopher,South Gwendolyn
6093,Thomas,Port Kylemouth
6094,Austin,Scottchester
6095,Steven,North Jasonmouth
6096,Karl,Harperchester
6097,Nichole,Perryburgh
6098,Rose,Meganburgh
6099,Kevin,West Nicole
6100,Alyssa,West Jerryhaven
6101,Melissa,West Laurachester
6102,Jennifer,Ivanport
6103,Cody,Port Joseberg
6104,Brittany,West Craigview
6105,Matthew,West Lauramouth
6106,Charles,Marcusport
6107,Jacob,Wardberg
6108,Scott,Harmonton
6109,Peter,East Michael
6110,Jennifer,Lake Emmamouth
6111,Jessica,Rebeccamouth
6112,Bryan,Mitchellberg
6113,Carol,West Zachary
6114,Ryan,Sydneyview
6115,Kevin,Rollinsburgh
6116,Samantha,Joshuaton
6117,Jeffrey,Bryanton
6118,Andrew,Meadowsshire
6119,Howard,Huntertown
6120,Diane,Port Carlatown
6121,Stephanie,Cohenside
6122,Julie,Brandishire
6123,Donna,Josephmouth
6124,Ryan,Port Julia
6125,Gregory,North Christine
6126,Andrea,Littlefurt
6127,Benjamin,Sheilamouth
6128,Travis,Diamondbury
6129,Paul,Chrisville
6130,Ryan,New Brandi
6131,Erik,Lake Summerfurt
6132,Kelly,Hudsonburgh
6133,Steven,Kimberlyfurt
6134,Stephanie,Dorothyland
6135,Diane,Port Paul
6136,Teresa,Kingberg
6137,Richard,Burkechester
6138,Pamela,West Annaton
6139,Jill,Kristinhaven
6140,Ernest,North Jenniferside
6141,Joshua,Justinfort
6142,Carrie,North Paultown
6143,Connie,South David
6144,Nicholas,South Charlesburgh
6145,Robert,Lake Kellytown
6146,Loretta,West Angela
6147,Robert,Youngport
6148,Chad,New Charles
6149,Savannah,Crosston
6150,Jennifer,Garzaport
6151,Mariah,Port Samuel
6152,Emily,North Steven
6153,Stuart,Anthonyview
6154,Beth,New Bryan
6155,Matthew,Lake Johnland
6156,Tammy,Lake Jessicaville
6157,Kenneth,Port Casey
6158,Nicole,New Paigebury
6159,Amanda,Lake Lorettafort
6160,Kathleen,West Ruthside
6161,Steven,Robertborough
6162,Michelle,Acostabury
6163,Kelly,Lake Cherylbury
6164,Kevin,Catherineburgh
6165,Ashley,Williamsfurt
6166,Brian,Frederickhaven
6167,Eric,Josephhaven
6168,David,Salinasland
6169,Vincent,Christensenchester
6170,John,Parkerfurt
6171,Steven,New Janet
6172,Sherry,Port Rebecca
6173,Lawrence,New Scott
6174,Kristen,South Randyton
6175,Cheryl,Adamton
6176,Kimberly,Williamsstad
6177,Katherine,East Joshua
6178,Alexander,Brownborough
6179,Chelsea,Maciasbury
6180,Joseph,New Jamesfurt
6181,Matthew,New Michelle
6182,Misty,Vaughnburgh
6183,Michelle,Port Patrickville
6184,Samuel,Laneville
6185,Marc,Michaelville
6186,Shawn,Lake Jessehaven
6187,Antonio,Lawrenceland
6188,Kelly,Aliciaton
6189,Kaitlyn,West Sandraside
6190,Stephanie,South Vanessa
6191,Samantha,Bergerton
6192,Tim,New Toddshire
6193,Tina,Salazarton
6194,Kimberly,Mirandafort
6195,Ashley,Parkermouth
6196,Douglas,South Jenniferport
6197,Jenny,Theresaland
6198,Lisa,West Stevenport
6199,Lisa,Port Derek
6200,Gerald,East William
6201,Rebecca,Michaelberg
6202,Kristen,Lisaton
6203,Nathan,West Michael
6204,Samantha,West Ambertown
6205,Kathy,Johnsonhaven
6206,Derek,Davidview
6207,Dennis,South Amy
6208,Brent,East Jennifer
6209,Mindy,Tamarafort
6210,Andrea,Lake Kimberlyville
6211,Ashley,Jenniferfort
6212,Brandon,Amandafurt
6213,Jessica,Baldwinville
6214,Elizabeth,Robertchester
6215,Lisa,Port Catherineborough
6216,Dana,Rossborough
6217,Matthew,West John
6218,Ronald,Rogersfurt
6219,Daniel,Mariebury
6220,Michael,Walshhaven
6221,Sonya,New Melissa
6222,Gina,Ortegaside
6223,Ryan,Jennifershire
6224,Jason,West Deborahshire
6225,Jason,West Sierrahaven
6226,Dawn,Port Samuel
6227,Jean,Deborahchester
6228,James,Kennedybury
6229,Kevin,Mooreburgh
6230,Aaron,Smithburgh
6231,Ashley,East Johnville
6232,Christine,East Joannashire
6233,Renee,North Tinaport
6234,Carla,East Donnaside
6235,Amanda,Port Maria
6236,Kevin,Meghanbury
6237,Stephen,Gatesberg
6238,James,Christophershire
6239,Adrienne,West Tamaraview
6240,Amanda,Darylfort
6241,Jose,Lake Clinton
6242,Tanya,Harrisville
6243,April,South Jacob
6244,Regina,Wallaceshire
6245,Thomas,Devinville
6246,Rhonda,New Tyler
6247,Brad,Jamesville
6248,Emily,Nicoletown
6249,Heather,Sarahton
6250,Taylor,South Laura
6251,Melissa,Lake Joyce
6252,Laurie,Lake Joseph
6253,Devon,Skinnershire
6254,Valerie,South Anna
6255,Matthew,Port Matthewmouth
6256,Kathy,New Justin
6257,Manuel,New Leeton
6258,Angela,New Deborahberg
6259,Stephanie,West Nicole
6260,Thomas,West Nicholas
6261,Carlos,North Joshuaton
6262,Brent,East Rebecca
6263,Jonathan,Figueroahaven
6264,Scott,Lake Deborahberg
6265,Glenn,Lake Jocelyn
6266,Jennifer,North Michael
6267,Stephen,Karenland
6268,Kelly,Port Louis
6269,Holly,East Rebeccaport
6270,Hannah,New Christopherbury
6271,Jennifer,Cochranstad
6272,Daniel,Hendersonville
6273,Matthew,Hernandezbury
6274,Lisa,Joelbury
6275,David,Sanchezville
6276,Charles,Kathyton
6277,Lindsey,Krausebury
6278,Alexandra,North Robert
6279,Martha,Lake Annaville
6280,Karen,Bernardport
6281,Ashley,Port Lindsey
6282,Tyler,Brittanyside
6283,Linda,Lake Ericport
6284,Kimberly,Port Haleyview
6285,Christopher,Dianeville
6286,Roger,Port Kenneth
6287,Carla,Port Daniel
6288,Holly,North Barbaratown
6289,Brandon,Fryeton
6290,Joshua,New Thomas
6291,Wesley,Johnsonport
6292,Christopher,Port Jessica
6293,Mark,Port Colleen
6294,Danny,Ambermouth
6295,Christian,Port Matthew
6296,Nicholas,Sotomouth
6297,Eileen,Thompsonview
6298,Patricia,Port Nicoletown
6299,Robin,Lake Aliciafort
6300,Daniel,Millerview
6301,Melissa,Wilsonview
6302,Edwin,Gardnershire
6303,Cody,Wilkinsside
6304,Craig,Lake Shelly
6305,Dana,West Deniseland
6306,Michelle,Ashleyside
6307,Allison,East Josephfurt
6308,Kenneth,West Tammybury
6309,Robert,East Jenniferland
6310,Joseph,Emilymouth
6311,Richard,South Travismouth
6312,Kathleen,Collinsbury
6313,Juan,Newtonborough
6314,Christopher,Melanieside
6315,Patricia,Lake William
6316,Christopher,Lake Ronaldville
6317,Thomas,Matthewfort
6318,William,New Matthew
6319,Patricia,East Lindseyburgh
6320,Robert,Charlesside
6321,Kevin,Barneston
6322,Sean,South Randy
6323,John,Johnhaven
6324,Michael,Lake Rebeccashire
6325,Omar,Melanieport
6326,Derek,North Jerry
6327,Heather,New Robertshire
6328,Cathy,West David
6329,Kimberly,Harrisborough
6330,Gail,Alvaradoberg
6331,Patricia,Andersonstad
6332,Wayne,Port Bridgetmouth
6333,Wayne,Port Madisonside
6334,Christopher,West Benjamin
6335,Darrell,Rebeccaburgh
6336,Nicole,New Lauraport
6337,Heather,Port Melissa
6338,Kristen,West Michaelmouth
6339,Karen,Shellymouth
6340,Michelle,East Jessicaport
6341,Robin,Nancystad
6342,Kellie,Mitchellview
6343,Andrew,Garciafort
6344,Kara,Welchside
6345,Christopher,Jennifershire
6346,Regina,New Neil
6347,Isabel,Monroestad
6348,Sherry,East John
6349,Daniel,Nicolefurt
6350,Christine,Port Christineborough
6351,Katie,Zimmermanville
6352,Joseph,Melvinstad
6353,Andrea,East Eric
6354,Kristen,Kirstenmouth
6355,Carlos,West Bryceberg
6356,Jennifer,Kennethview
6357,Debbie,Ericton
6358,Andrew,Maxwellbury
6359,Katherine,Donaldburgh
6360,Robin,Michaelmouth
6361,James,New Stephaniehaven
6362,Luis,Yvetteshire
6363,Kathryn,Roberthaven
6364,Derrick,Hayesmouth
6365,Charles,Lopezland
6366,Courtney,Ortizfurt
6367,David,East Carlos
6368,Kimberly,Clarkburgh
6369,Heather,Richardsport
6370,Steven,Penningtonside
6371,John,West Michaelbury
6372,Zachary,Rollinschester
6373,Curtis,South James
6374,Lauren,Jenniferport
6375,Maria,North Denise
6376,Jason,North Alan
6377,Krystal,West Laura
6378,Andrew,North Jonathon
6379,Elizabeth,Christopherfurt
6380,Chelsea,Alexisborough
6381,Duane,West Josephville
6382,Sandra,Annaville
6383,Kenneth,Andreabury
6384,Thomas,Jenniferchester
6385,Karen,Lake Ronald
6386,Evelyn,Port Bridget
6387,Margaret,Nicholasshire
6388,Michael,Donaldbury
6389,James,Jamesland
6390,Kristi,Port Jeremy
6391,Christopher,Port Alyssamouth
6392,Donald,Scottview
6393,William,Josephfort
6394,Sarah,Port Christina
6395,Thomas,New Jessica
6396,Steve,Kathleenview
6397,Amber,Lake Jenniferchester
6398,Cheryl,Martinport
6399,Samantha,New Nathanmouth
6400,Brandy,South Laurieshire
6401,Steven,West Richard
6402,Tammy,South Amanda
6403,Kenneth,New Gabriel
6404,Robert,Christophershire
6405,Travis,New Jessicaside
6406,Samuel,Port Andreastad
6407,Eric,Port Emmaside
6408,Michelle,Nicholston
6409,Donald,Garrettville
6410,Kristina,Williamtown
6411,Edwin,Baxtermouth
6412,Lindsay,South Christopherhaven
6413,Gary,New Benjamin
6414,Harold,Combsstad
6415,Donald,East Brandiberg
6416,Steven,Armstrongville
6417,Suzanne,Chadland
6418,William,Silvabury
6419,Daniel,East Donna
6420,Leslie,South Michael
6421,Nathan,Matthewfort
6422,David,Joyceberg
6423,Robert,West Sandra
6424,Ryan,East Dustinchester
6425,Jody,Delgadomouth
6426,Robert,Lake Randallland
6427,Jennifer,Lake Christopherville
6428,Mary,Lake Williamburgh
6429,Lisa,North Michael
6430,Samantha,North Brendaland
6431,Kathy,West Jason
6432,Stuart,East Michaelland
6433,Amber,Thomasborough
6434,Kevin,Zacharychester
6435,Raymond,West Maureen
6436,Steven,West Jennifer
6437,Earl,South Glenn
6438,Anna,Hansonport
6439,John,Jonesmouth
6440,Laura,West Jamesburgh
6441,Hannah,Bradybury
6442,Emily,South Jameston
6443,Nicholas,Sandersberg
6444,Steven,Port Angelafurt
6445,Samantha,Reyesville
6446,John,Brownfurt
6447,Lori,Langfurt
6448,William,Floresborough
6449,Kimberly,East Madison
6450,Robert,Michaelfurt
6451,Christian,Morrisfort
6452,Ralph,Port William
6453,James,Acostaberg
6454,Bradley,Fergusonton
6455,James,New Brettstad
6456,Frederick,Johnfurt
6457,James,Robinsonside
6458,Patty,New Benjamintown
6459,Christopher,Lake Thomas
6460,Chelsea,North Amy
6461,Kathy,Martinhaven
6462,Andrew,Cathystad
6463,Mary,Charlesshire
6464,David,Jamesshire
6465,Vanessa,Katelyntown
6466,Valerie,Jamesbury
6467,Andrew,North Brittanychester
6468,Linda,West Tanyafort
6469,Jason,New Kaylaborough
6470,Joshua,Adamsberg
6471,Amanda,New Nathantown
6472,Edward,Lake Joel
6473,Andrea,Gomeztown
6474,Joshua,Mooreberg
6475,Carlos,Port Gordon
6476,William,Maldonadoland
6477,Ashley,West Joshua
6478,Lee,Elizabethburgh
6479,Johnny,Dayside
6480,Hannah,New Benjamin
6481,Kelly,Craigton
6482,Timothy,Samuelland
6483,Kristy,Port Mitchell
6484,William,Lewiston
6485,Patrick,Elizabethberg
6486,Danny,Johnsonton
6487,Luis,Valdezmouth
6488,Levi,North Jennifer
6489,Angela,Lake William
6490,Marvin,Josephchester
6491,Alison,East Kathrynland
6492,Kevin,East Davidmouth
6493,Eduardo,South Scottstad
6494,Pam,Smithburgh
6495,Maureen,New Tammy
6496,Kenneth,West Melanie
6497,Erin,Williammouth
6498,Brian,Jamesshire
6499,Micheal,East Robin
6500,Alejandro,Jennyview
6501,Julie,Nancytown
6502,Lindsay,Morrisbury
6503,Christopher,South Christopherburgh
6504,Stephanie,Pennyberg
6505,Jamie,Port Alyssa
6506,James,Krystalmouth
6507,Kelly,Hamiltonburgh
6508,Heather,Richardmouth
6509,Ernest,Kaylabury
6510,Devin,Clarkeside
6511,Jose,Nuneztown
6512,Richard,Lake Michelle
6513,Vanessa,Christopherfort
6514,Raven,Port Olivia
6515,Jason,South Joseph
6516,Wendy,Butlerburgh
6517,James,North Tylerchester
6518,Kelly,Toddhaven
6519,Jenna,North Bobby
6520,Michael,Hollowaychester
6521,Robin,Hallchester
6522,Joseph,Lake Michael
6523,Jennifer,Port Matthewhaven
6524,Rodney,North Aaron
6525,Jill,Johnnyhaven
6526,Stephanie,Aprilberg
6527,Lori,Tylershire
6528,Anna,Royborough
6529,Katherine,Davidland
6530,Donald,Chadshire
6531,David,West Brad
6532,Robin,East Johnview
6533,Todd,East Judith
6534,Michael,Davisburgh
6535,Nicholas,Johnsonborough
6536,Alexis,North Paul
6537,Kathy,West Paulfurt
6538,Ashley,Jamiemouth
6539,Thomas,North Jeffery
6540,John,East Linda
6541,Antonio,West Patrick
6542,James,South Ashley
6543,Brandon,New Cody
6544,Kristin,New Diana
6545,Jacqueline,Port Kellyborough
6546,Michael,North Michaelside
6547,Kimberly,Danielfort
6548,Ian,Lake Julie
6549,Joseph,Hoffmantown
6550,Bobby,Lake Douglas
6551,James,West Dennis
6552,Benjamin,Donnamouth
6553,Matthew,Hernandezfurt
6554,Richard,North Jenniferchester
6555,Kelly,Glovermouth
6556,Robert,Lake Paul
6557,Amanda,Greenechester
6558,Michelle,West David
6559,Rita,Daniellefort
6560,Michelle,New Christineborough
6561,Patricia,North Laura
6562,Jeffrey,Hansenside
6563,James,Port Jason
6564,Sandra,New Emilyfurt
6565,Ricardo,Bethport
6566,Gary,Derekside
6567,Corey,Sanchezfort
6568,Tyler,Krausebury
6569,Adam,North Steven
6570,Glenda,Thompsonchester
6571,Seth,Donaldbury
6572,Nicholas,Hollowayfort
6573,Michael,Lake Sara
6574,Jesus,Robertland
6575,Corey,East Ryan
6576,Peter,North Melanieborough
6577,Charles,East Meghan
6578,Jonathan,Andersonside
6579,John,South Linda
6580,Joshua,East Kendraside
6581,Shelly,West Justinmouth
6582,Sean,Longhaven
6583,Whitney,Port Michael
6584,Angela,Lawsontown
6585,Jonathan,Brownside
6586,Brandon,Jessicamouth
6587,Kevin,Kimberlybury
6588,Susan,Port Kevinchester
6589,Nicholas,East Johnfurt
6590,Michael,Port Joshua
6591,Brianna,East Amy
6592,Frank,Chapmanfurt
6593,Joshua,Port Sherrimouth
6594,Megan,Mcintyreville
6595,Catherine,Paigefurt
6596,Judy,Phillipshaven
6597,Michael,Erinshire
6598,Sarah,North Mary
6599,Jessica,Lisachester
6600,Daniel,Wallacechester
6601,Joseph,Markburgh
6602,Michael,Lake Shelly
6603,Angela,Marieland
6604,Ann,South Tracy
6605,Thomas,North Pamelamouth
6606,Amber,Hernandezville
6607,Amy,Lewismouth
6608,Elijah,Lake Diana
6609,Michael,North Joseberg
6610,Whitney,North Johnnyside
6611,Jillian,South John
6612,Leslie,Port Joeland
6613,Sarah,South Brendastad
6614,Jennifer,Robinsonshire
6615,Scott,Tabithaview
6616,Nancy,West Claytonborough
6617,Danny,North James
6618,Richard,Port Christinehaven
6619,William,Port Nathan
6620,Crystal,Sabrinaton
6621,Matthew,Wrighttown
6622,Adam,New Tiffanyville
6623,Tom,South Kevinville
6624,Kayla,New Jennifer
6625,Joshua,Luismouth
6626,Colin,Lake William
6627,Shannon,Mcdowellshire
6628,Sergio,Raymondville
6629,Kelly,Brittanyburgh
6630,Kimberly,Sanderstown
6631,Margaret,Mackenzieton
6632,Heather,Dyerside
6633,Daisy,Port Kimberlychester
6634,Lawrence,Blackmouth
6635,Stephanie,New Kaitlin
6636,Michael,Brownland
6637,Michael,Colehaven
6638,Michelle,Robertsport
6639,Johnny,Brianborough
6640,Sandra,Port Jenniferborough
6641,John,South Tristanton
6642,Jennifer,New Jamesburgh
6643,Kari,West Angelafurt
6644,Ashley,North Heather
6645,Bryan,Port Sandraton
6646,Anthony,Dianemouth
6647,Jessica,Jaredhaven
6648,Susan,Lake Laurenfort
6649,Jamie,Melissastad
6650,Lauren,New Matthew
6651,Samuel,Mendozashire
6652,Dawn,Patriciachester
6653,Sara,Patrickberg
6654,Mason,North Bryan
6655,Stephen,East Andreaburgh
6656,Debra,New Eric
6657,Caroline,Millermouth
6658,Angela,West Suzannefurt
6659,Sarah,Lake Steve
6660,Diane,Lake Adam
6661,Julia,North Sandyfort
6662,Nathan,Mendozamouth
6663,Joseph,Amyhaven
6664,Samantha,Fuentestown
6665,Elizabeth,South Leeview
6666,Natalie,Richardtown
6667,Ricky,South Rachel
6668,Melissa,East Erica
6669,Brenda,Ibarramouth
6670,Christina,Lake Lisa
6671,Danielle,Rayshire
6672,Brittany,Buckleyburgh
6673,Leslie,Jensenhaven
6674,Jesus,Stephanietown
6675,Ronald,Timothymouth
6676,Aaron,Hebertmouth
6677,Diane,Sarahtown
6678,April,Padillastad
6679,Bryan,Andrewport
6680,Sarah,Lake Wendyshire
6681,Joanne,Oliviahaven
6682,James,Millermouth
6683,Alyssa,North Victoriashire
6684,Carrie,North Markfurt
6685,Brandon,West Kathleenfurt
6686,Kevin,South Rebeccaside
6687,Megan,New Russell
6688,Jessica,East Kathleenfort
6689,Samantha,Lake Kimberlyberg
6690,Eric,Olsenville
6691,Benjamin,Lake Amberside
6692,Leah,North Dawn
6693,Sarah,Swansontown
6694,Christian,South Eric
6695,Jeremy,Port Oscar
6696,Julie,Schmidtton
6697,James,Katherineview
6698,William,Port Brookefurt
6699,Victoria,Solisport
6700,Stephanie,Lake Rachel
6701,Michael,Wilsontown
6702,Kim,Aguilarmouth
6703,John,South Lisamouth
6704,Megan,New Allison
6705,Robert,Calebstad
6706,Lauren,Crawfordville
6707,Judy,South Kevin
6708,Andrew,Harrisonshire
6709,Laura,West Sharon
6710,Sara,East Gregorymouth
6711,Edward,Clarkborough
6712,Jasmine,Nicholsbury
6713,William,Lisaside
6714,Heidi,Jerryberg
6715,Cody,Swansonview
6716,Jonathan,Lake Grant
6717,Austin,East Danielton
6718,Jessica,Port Alexanderberg
6719,Jonathan,East Tiffany
6720,John,Port Katherine
6721,Matthew,Loweville
6722,Kelsey,Angelicaport
6723,Alexis,South Connor
6724,Brad,Rodriguezville
6725,Paul,South Nicholas
6726,John,Tonymouth
6727,Paul,Port Dale
6728,Julie,Hollandfurt
6729,Christopher,South Lauraland
6730,Brittany,West Debra
6731,Thomas,West Stevenfurt
6732,Adam,Monroetown
6733,Rachael,Holtburgh
6734,William,Travisshire
6735,Austin,Kaylastad
6736,Paul,North Stephanie
6737,Teresa,Leonardchester
6738,Victoria,Port Courtney
6739,Melissa,Martinborough
6740,Mark,West Juliaport
6741,Amber,Rosston
6742,Andrea,Natashabury
6743,Ryan,Julianside
6744,Wesley,South Joshua
6745,Taylor,Fryeville
6746,Stephanie,Port Francestown
6747,Tracy,Blairside
6748,Stephanie,East Maryland
6749,Zachary,Lesliemouth
6750,Angela,Langside
6751,Kimberly,Jenkinsville
6752,Emily,East Juanfort
6753,Christopher,Port Rachelshire
6754,Steven,Erikaborough
6755,Tina,Karenfurt
6756,Ronald,South Timothy
6757,Melanie,Johnside
6758,Charles,Stephenville
6759,Scott,Cynthiahaven
6760,Pamela,Mooremouth
6761,Kevin,New Christinafort
6762,Rebecca,Lake Rebecca
6763,Kathryn,Brittanyton
6764,Daniel,New Vanessa
6765,Clifford,Heatherside
6766,Eric,East Tim
6767,Kristina,East Paul
6768,Jonathan,North Felicia
6769,Nathan,Kevinfurt
6770,Dustin,Christinaton
6771,Nicholas,New Gregorybury
6772,Courtney,Craigbury
6773,Christopher,Stevenberg
6774,Julie,Tammyberg
6775,Devin,South Aaronville
6776,Tracy,South Timothyland
6777,Kyle,South Shannonshire
6778,Shelly,Angelachester
6779,Andre,Robinview
6780,Anna,South Carla
6781,Jennifer,North Andrew
6782,Crystal,Yatesville
6783,Jessica,West Ryan
6784,Jerry,New Toniville
6785,Angela,Smithmouth
6786,Crystal,Jennifermouth
6787,David,East Melissamouth
6788,Cynthia,Port Deannabury
6789,Alexandra,Pricehaven
6790,Geoffrey,Gregoryfort
6791,Jennifer,Chrisborough
6792,Monica,Reedshire
6793,Stephanie,Wrightfort
6794,James,Cassandratown
6795,Joseph,Port Teresa
6796,Christopher,New Jennifer
6797,Susan,Lake Ashley
6798,Kimberly,North Allisonshire
6799,Jason,West Williamville
6800,James,Donaldborough
6801,Stacey,South Kimberlyside
6802,Zachary,West Juliebury
6803,Ronald,Port Brandonland
6804,Anna,Davisberg
6805,Angela,North Kathleenstad
6806,Amber,Danielfurt
6807,Brandi,Sherrimouth
6808,Kimberly,Ballardburgh
6809,Michelle,West Abigailfort
6810,Megan,Lorraineton
6811,Danielle,Port Marcusland
6812,William,Bradytown
6813,Sarah,Malloryfurt
6814,Juan,Lake Jessicastad
6815,Mary,South Dennisland
6816,Kelly,West Judy
6817,Robin,East Jefferyland
6818,Mark,Lake Joseph
6819,Hannah,Robertfort
6820,Omar,Jenniferview
6821,James,Richtown
6822,Billy,Joneston
6823,Laura,North Amandaborough
6824,Patrick,New Ashley
6825,Bridget,Angelamouth
6826,Amy,West Nicholas
6827,Tracey,West Emily
6828,Robert,East Jacob
6829,Melissa,North Brooke
6830,Krystal,Gregoryfurt
6831,Rodney,Zimmermanville
6832,Terri,Lindsaytown
6833,Matthew,North Kellyshire
6834,Adam,Stephenstad
6835,Danielle,Duncanland
6836,Jerry,Lake Amanda
6837,Brenda,Matthewsport
6838,Nicholas,Lindseymouth
6839,Jacob,Craigberg
6840,Charles,Lindseyview
6841,Eric,Ashleyborough
6842,Tyler,Donaldfort
6843,Ruth,South Johnside
6844,Kristi,Franktown
6845,Willie,South Dennis
6846,Anthony,New Autumn
6847,Kimberly,Scottchester
6848,Tanya,Perezburgh
6849,Kristy,Jacksonton
6850,Tara,West Stevenchester
6851,Karen,Perezborough
6852,Miranda,Mooreborough
6853,Sandra,Port Stevenshire
6854,Samantha,Amberton
6855,Jose,Sandraburgh
6856,Jesus,Matthewside
6857,Erin,Lake Patrick
6858,Zachary,New Lisa
6859,Patricia,New Bettyport
6860,Jason,Joshuatown
6861,Sabrina,Nicholasmouth
6862,Briana,South Robert
6863,Kimberly,Port Clayton
6864,Joshua,East Tyler
6865,Monica,Gomezborough
6866,Marissa,Chavezberg
6867,Kenneth,Aaronport
6868,Amber,Mooretown
6869,Theresa,West Jennifer
6870,Cindy,East Zacharyview
6871,Rachel,New Samuel
6872,Leslie,South Alan
6873,Rebekah,Pachecochester
6874,Jeanne,Port Sharon
6875,Heather,Angelabury
6876,Evan,Johnfurt
6877,Joe,Carlosland
6878,Linda,New Paulshire
6879,Victor,East Michelle
6880,Anna,West Robert
6881,Leslie,Edwardfurt
6882,Amy,Brandonview
6883,William,Perkinsbury
6884,Lisa,Delgadofurt
6885,Amy,East Josephside
6886,Richard,East Deborah
6887,Barbara,South Jeffery
6888,Annette,North Heidi
6889,Katie,Lake Christopher
6890,Robert,East Gabrieltown
6891,Louis,Port Scott
6892,Thomas,North Tonya
6893,Beth,West Stephanieside
6894,Corey,South Jason
6895,Jesse,Port Steven
6896,Eddie,Lake Sara
6897,Brittany,Kimshire
6898,Robert,Maddenberg
6899,Jasmine,Lake Jennifer
6900,Jeanne,Sethshire
6901,Jerry,Lake Josephton
6902,Rose,South Sharon
6903,Felicia,Lake Angelaville
6904,Joel,Johntown
6905,Aaron,West Brandi
6906,Christopher,Rachelport
6907,Andrew,Jamesland
6908,Andrea,North Barbaraview
6909,James,Port Jeffrey
6910,Steven,South Markchester
6911,Jeremy,Port Jessicafort
6912,Nicole,Adrianview
6913,Jennifer,Stevestad
6914,Russell,Randychester
6915,Kelly,Greerburgh
6916,Mark,Gibbschester
6917,Phillip,North Josephland
6918,Karen,Walkerside
6919,James,Michellefort
6920,Jasmine,East Susanburgh
6921,Barbara,Marcushaven
6922,Kristen,Parrishbury
6923,Michelle,Smithburgh
6924,Sheila,Port Tamara
6925,Sarah,Lake Brianna
6926,Alexis,West Melissa
6927,Megan,Elizabethberg
6928,Christopher,North Michaelstad
6929,Joshua,Anthonystad
6930,Michelle,Lake John
6931,Ashley,Mitchellville
6932,Ryan,New Sara
6933,Steven,New Joshuamouth
6934,James,Lauriebury
6935,Rebecca,East Codyview
6936,Carrie,North Sarahland
6937,Rachel,New Paulport
6938,Brandon,Nicholaston
6939,Brian,Fergusonberg
6940,David,East Timothy
6941,Daniel,East Allen
6942,Ashley,West Daniel
6943,Richard,Frenchshire
6944,Michael,West Aprilmouth
6945,Kayla,East Craigberg
6946,Scott,Bennettfort
6947,Susan,Desireeborough
6948,Erik,East Pamela
6949,Karen,West Nataliefurt
6950,Glen,East Stephaniefort
6951,Emily,Ashleyland
6952,Adam,Ellismouth
6953,Angela,Port Briantown
6954,Karen,Amyton
6955,Michele,North Lee
6956,Adam,Port Taraside
6957,Alexandra,Bradleyside
6958,Robin,South Nicholas
6959,Ryan,Margaretmouth
6960,Renee,Cunninghamhaven
6961,Jorge,West Robertmouth
6962,Denise,Port Patricia
6963,Natasha,Thomasstad
6964,Ashley,North Bradleyhaven
6965,Jonathan,Lake Dustin
6966,Jennifer,Lewishaven
6967,Rose,North Lynn
6968,Lauren,East Andrea
6969,Thomas,East Amyside
6970,Kimberly,Nicholashaven
6971,Sandra,Wumouth
6972,Matthew,Port Jesse
6973,Sheila,Burnsside
6974,Zachary,Port Denise
6975,John,Port Robert
6976,Mary,East Cheryl
6977,Patrick,Gilmoreville
6978,Christopher,Cainside
6979,Crystal,Careytown
6980,Joseph,Henryhaven
6981,Kara,Vasquezland
6982,Cheryl,West Heatherborough
6983,Brenda,Aaronport
6984,John,South Tiffanyton
6985,Kevin,New Tinastad
6986,Amy,North Valeriefort
6987,Stacy,Willisbury
6988,Robert,Williamsbury
6989,Anthony,Ibarraville
6990,Carl,Medinamouth
6991,Beth,Lake Geraldfort
6992,Karina,Brianside
6993,David,Gibbston
6994,Erika,New Randalltown
6995,Courtney,Bryanland
6996,Spencer,Cathyburgh
6997,Jason,Vaughnstad
6998,Stephanie,Lake Markchester
6999,Tom,Aaronville
7000,Shawn,Lake Katherineland
7001,Douglas,Port Lynnburgh
7002,Michael,Alexanderchester
7003,Jason,Michelleshire
7004,Edward,South Molly
7005,Cindy,Stevenborough
7006,Maurice,Brownmouth
7007,Paul,Willisbury
7008,Timothy,Manningview
7009,Robert,Lynnborough
7010,Leah,North Tinastad
7011,Gerald,East Kelly
7012,Patrick,Sarahview
7013,Seth,Kevinland
7014,James,East Vanessaberg
7015,Anthony,Elizabethfort
7016,Austin,Chaneyville
7017,Kelly,New Travismouth
7018,Joshua,Mccormickfurt
7019,Kristina,West Robertchester
7020,James,Port Megan
7021,Daniel,Emilyville
7022,Martin,Lake Christineland
7023,Mary,Smithville
7024,Tyler,West Melanieland
7025,Joy,Bartlettmouth
7026,James,Michaelstad
7027,Elizabeth,Johnsonshire
7028,Elizabeth,Johnnytown
7029,Erin,East Kellyburgh
7030,Rebecca,Jefferymouth
7031,David,South Patrickborough
7032,Nicole,Lake Renee
7033,Matthew,North Amanda
7034,Thomas,Ianview
7035,Kimberly,South Annton
7036,Amanda,Torreston
7037,Jon,South Bettyview
7038,Rhonda,Ashleystad
7039,Michelle,Jillianborough
7040,Emma,Johnsontown
7041,Tina,Robersonton
7042,Richard,Kimberlyburgh
7043,Andrew,Woodland
7044,Ricardo,East Matthewport
7045,Brandon,Englishland
7046,Michelle,West Julian
7047,Rachel,New Williamfurt
7048,Rebekah,Bowmanfort
7049,Caitlin,Meredithborough
7050,Cynthia,Josephport
7051,William,Mariatown
7052,Jeffrey,Micheleborough
7053,Ashley,South Julie
7054,Kerri,Port Roberthaven
7055,Christian,Lauraland
7056,Spencer,South Elizabethside
7057,Benjamin,Johnsonstad
7058,Shannon,Cantuchester
7059,Jesse,East Charleshaven
7060,Brian,Lake Kristin
7061,Nicholas,South Holly
7062,Michelle,Reesemouth
7063,Glenn,Lake Codyside
7064,Timothy,Virginiamouth
7065,Tiffany,Farrellton
7066,Kenneth,Shannonside
7067,Brandy,East Amandamouth
7068,Angela,North Kevinbury
7069,Candice,Washingtonstad
7070,Vincent,New Maryton
7071,Kimberly,Turnertown
7072,Stephanie,Rubenhaven
7073,Gilbert,North Sherri
7074,Patricia,Lake Lauraberg
7075,Sylvia,Chenshire
7076,Emma,Edwardmouth
7077,Benjamin,West Robert
7078,Isaac,North Williamshire
7079,Jody,Parkermouth
7080,Nicole,West Denise
7081,Keith,East Stephanieberg
7082,Kim,New Reneehaven
7083,Felicia,West Lindsaymouth
7084,Timothy,West Sandra
7085,Lisa,Natashashire
7086,John,Serranoville
7087,Barbara,Moralesport
7088,Todd,Whiteborough
7089,Christopher,Bradfordview
7090,Adam,North Michael
7091,David,New Curtisberg
7092,Cheryl,New Christinafurt
7093,Joshua,Villanuevashire
7094,Chad,New Michaelside
7095,Tyler,North Heathertown
7096,Brian,East Michaelport
7097,Timothy,North Dillonstad
7098,Paul,Jeremyborough
7099,John,Robertborough
7100,Kristie,West Stephanieview
7101,Matthew,East Stephanie
7102,Katherine,New Robertchester
7103,Dana,East Jamesborough
7104,Brady,Andersonview
7105,Michele,East Amy
7106,Raymond,Shannonton
7107,Yolanda,Barrontown
7108,Jenny,Albertland
7109,Greg,East Deborahview
7110,Janet,Jimenezview
7111,Elizabeth,Patelberg
7112,Kevin,New Lisaville
7113,Nancy,North Jennifer
7114,Matthew,Guzmanhaven
7115,Edwin,Harrisborough
7116,Ronald,Lake Daniel
7117,David,East Claireland
7118,Gina,Michaelview
7119,Amber,Heathermouth
7120,David,Bookerton
7121,Gregory,Sandersland
7122,Alyssa,West Jillport
7123,Brenda,New Kim
7124,Michelle,New Davidside
7125,Elizabeth,North Michael
7126,Jennifer,Foxville
7127,Melinda,Amyport
7128,Connor,Port Tylerburgh
7129,Toni,Karenchester
7130,Jeremiah,Lake Joshua
7131,Lisa,Davismouth
7132,Kevin,Josephtown
7133,Brian,Lisaview
7134,Amy,Morrisberg
7135,Carlos,Davidfurt
7136,Michael,Cynthiafurt
7137,Heather,Zacharyfort
7138,Ronnie,Port Ross
7139,Thomas,South Austinmouth
7140,Justin,Aprilport
7141,Sarah,Lake Lisachester
7142,Michele,Josephborough
7143,Mario,Cameronfurt
7144,Danielle,Dayville
7145,Kylie,Lopezmouth
7146,Ricky,Lake Juanchester
7147,Tammy,Bondmouth
7148,Regina,South Margaretberg
7149,Emily,North Eric
7150,Joseph,Port Lee
7151,Joseph,West Alvin
7152,Courtney,South Stephanie
7153,Zachary,North Katherineberg
7154,Alejandro,South Brianfurt
7155,Heather,Deckermouth
7156,Kimberly,Wrightview
7157,Joshua,Sarahfurt
7158,Ryan,Port Jason
7159,Sharon,Toniland
7160,Paula,Codyshire
7161,Shawn,Kellyville
7162,David,Cantrellside
7163,Leah,Lake Zoechester
7164,Amber,West Christinaland
7165,Shannon,Brownmouth
7166,Whitney,New Kimberly
7167,Kimberly,Chambersborough
7168,Tracie,Millerburgh
7169,Shane,Hernandezborough
7170,Robert,Veronicahaven
7171,Maria,West Gabriel
7172,Linda,North Stevenbury
7173,Joshua,West April
7174,Charlene,Toddbury
7175,Theresa,New Stephanie
7176,Nathaniel,Lake Barbara
7177,Thomas,East Christopher
7178,Ricardo,Gilbertshire
7179,Mark,West Catherineside
7180,Julian,Sanchezfort
7181,Monique,South Amanda
7182,Matthew,Maldonadoberg
7183,Christopher,Aliciatown
7184,Blake,Morganbury
7185,Brett,Martinezmouth
7186,Kenneth,Millerbury
7187,Christopher,Christopherberg
7188,Sean,Hortonfort
7189,Laurie,Andersenshire
7190,Nicole,West Jonathanside
7191,Mary,Dennistown
7192,Elizabeth,East Anna
7193,Jordan,Brandonton
7194,Kyle,West Laurie
7195,Tim,West Michaelburgh
7196,John,Roberttown
7197,Jason,Hernandezhaven
7198,Patricia,Paulaton
7199,Matthew,Coxhaven
7200,Andrew,South Roberto
7201,Robert,Dorseyshire
7202,Heather,East Kyleview
7203,Crystal,Michaelfurt
7204,Christopher,North Larry
7205,Kenneth,Lake Adamfurt
7206,Nicole,Brownmouth
7207,Paul,Lake James
7208,Zachary,Davidborough
7209,Michelle,Mooretown
7210,Mackenzie,Kimberlyborough
7211,Matthew,Port Charles
7212,Brittany,Adriantown
7213,Brittney,Timothyburgh
7214,David,New Melissa
7215,Amy,Wardshire
7216,Brittany,Austinfort
7217,Melanie,North Randy
7218,Heather,Port Katherine
7219,Joshua,Jeffreyburgh
7220,Nathan,Rosefurt
7221,William,Martinstad
7222,Melissa,Juliefurt
7223,Brianna,Davistown
7224,Cassandra,North Terriport
7225,Kimberly,Peterborough
7226,Meagan,Williamsville
7227,Brian,Jordanview
7228,Dawn,Lisaport
7229,Marissa,Christinestad
7230,Maria,West Justin
7231,Steven,North Marcusstad
7232,Erica,Port Yvonneville
7233,Juan,Lake Philipstad
7234,Anthony,Greenstad
7235,Robert,East Kevinberg
7236,Brandon,Heatherberg
7237,Andrew,Heathside
7238,Patrick,Harperstad
7239,Sarah,North Frankland
7240,Jim,East Donna
7241,Lynn,New Jonathanstad
7242,Cristina,East Christinefurt
7243,Jeremy,Stricklandburgh
7244,Sarah,Port Judy
7245,Patty,Sydneyfurt
7246,Gary,Meyerville
7247,Debra,Elliottshire
7248,Sean,Woodside
7249,Daryl,Nancyfurt
7250,Tyrone,Anneland
7251,April,South Carl
7252,Denise,New Bethany
7253,Robert,Patriciaport
7254,Robert,Port Amyland
7255,Jeremy,East Jason
7256,Lauren,Fritzview
7257,Haley,Emilyhaven
7258,Rodney,New Sharon
7259,Jennifer,Hensleyland
7260,Peter,Littlebury
7261,Derek,Jesseview
7262,Eric,East Roberta
7263,Karla,Emilyton
7264,Ruben,Elizabethton
7265,Tracy,Whiteside
7266,Rebecca,East Joshuaberg
7267,Crystal,Port Amanda
7268,Joseph,New Danny
7269,Michael,Mcguireburgh
7270,Craig,North Juanborough
7271,Robert,Lake Joshuafurt
7272,Stacy,Benjaminville
7273,Mario,Lake Kiaraland
7274,Alex,North Sarahfort
7275,Deborah,West Ryanton
7276,Robin,North James
7277,David,East Amber
7278,Brianna,Spencertown
7279,Christopher,Lake Kathyville
7280,Jody,Byrdborough
7281,Ashley,Denisehaven
7282,Brian,Ashleyshire
7283,Kimberly,North Nicole
7284,Robert,Bensonton
7285,Laura,Andersonville
7286,Diana,South Michael
7287,Brian,East Jasonshire
7288,Bill,Moniqueborough
7289,Amanda,South Brandontown
7290,Jeremy,West Chadtown
7291,Jennifer,North Kaylamouth
7292,Michael,Port Michael
7293,David,Smithborough
7294,Cynthia,Scottfurt
7295,Karen,North Sean
7296,John,New Brittany
7297,Jason,Austinburgh
7298,Pamela,Michaelville
7299,Suzanne,South Julieberg
7300,Willie,North Nicole
7301,Jennifer,Michelleview
7302,Andrew,Briannamouth
7303,Bruce,Grayhaven
7304,Steven,West Caitlin
7305,Laurie,Port Tammy
7306,John,Samuelmouth
7307,Jennifer,Levineberg
7308,John,South Michaeltown
7309,Linda,South Edwinburgh
7310,Julia,West Curtismouth
7311,Lisa,Kevinfort
7312,Sarah,Marychester
7313,Morgan,Port Brandonville
7314,Doris,Port Robert
7315,Rebecca,Port Sergio
7316,Diana,North Nicholas
7317,Emma,South Garyhaven
7318,Christopher,Lake Davidhaven
7319,Jillian,West Matthewhaven
7320,Walter,Pacemouth
7321,Todd,Lake John
7322,Patrick,South Willie
7323,Tristan,Christopherview
7324,Jonathan,Lake Sharon
7325,Richard,Lunachester
7326,Alexandra,Port Deborah
7327,Judy,North John
7328,Patricia,Lake Aprilfort
7329,Michael,Loganshire
7330,Samuel,Smithville
7331,Mary,New Bryan
7332,Edwin,North Kelly
7333,Amy,South Juan
7334,Edward,South Danielburgh
7335,Victoria,Christinaview
7336,Logan,Reedmouth
7337,Randy,West James
7338,Katherine,East Kimberlyshire
7339,Stephanie,Loriport
7340,Andrew,Gregoryberg
7341,Amy,Thomasside
7342,Jacob,South Jeffreyfort
7343,David,Lake Brettview
7344,Brittney,Davidview
7345,James,Jenniferchester
7346,Shelby,Jonathanchester
7347,Charles,Sarahside
7348,Alicia,Maryside
7349,Joy,Lake Larry
7350,David,South Matthew
7351,Lauren,Port Kristin
7352,Michael,Lake Brianton
7353,Robert,Danielville
7354,Joseph,South Nicolefurt
7355,Michael,Lake Michelletown
7356,James,East Timothystad
7357,Shannon,Kylieborough
7358,Gary,Bakerburgh
7359,Kimberly,Erinfurt
7360,Eric,Ayalamouth
7361,Kyle,Christopherhaven
7362,Jared,Amymouth
7363,William,Sergiochester
7364,Alexandra,Josephview
7365,Travis,East Erinmouth
7366,Ann,Debratown
7367,Caitlin,East Kristenfurt
7368,Jonathan,West Cynthiamouth
7369,Brittany,New Adamstad
7370,Stephanie,West Benjaminside
7371,Jared,Brownmouth
7372,Kyle,Jimenezside
7373,Joshua,New Aaronfort
7374,Heidi,Kennethburgh
7375,Juan,North Davidland
7376,Robert,New Stephaniemouth
7377,Dustin,South Kayla
7378,Laurie,New Carlahaven
7379,Marc,Sheafurt
7380,Monica,East Bonnie
7381,Jeffrey,Port Michaeltown
7382,Rebecca,Howellview
7383,Jennifer,Pittsbury
7384,Dillon,East Alice
7385,David,Conwayberg
7386,Jeremy,Lake Matthew
7387,Jennifer,Port Christinebury
7388,Devin,Markhaven
7389,Joan,South Morganmouth
7390,Paula,New Sierramouth
7391,Roger,Fergusonville
7392,Gordon,Jonesbury
7393,Brianna,Smithside
7394,Troy,Michaelchester
7395,Stacy,Bethton
7396,Harold,North Kaylaport
7397,Mark,South Ashley
7398,David,East Daniel
7399,Mark,North Tiffany
7400,Ivan,South Sean
7401,Tyler,Lake Felicia
7402,Raymond,South Sarahstad
7403,Timothy,Joannaton
7404,Thomas,Tuckershire
7405,Amanda,North Rodneyburgh
7406,Jill,Kaylahaven
7407,Kenneth,Kramertown
7408,Monica,Sandrahaven
7409,Danielle,Phillipsfurt
7410,Robert,Matthewshire
7411,Lisa,Port Justin
7412,Amber,Mckinneyville
7413,Richard,Gailmouth
7414,Rhonda,Wrightchester
7415,James,Leonardberg
7416,Ryan,Port Michaelport
7417,Justin,Halemouth
7418,Laura,Lake Barbarafort
7419,Kelly,South Jenniferbury
7420,Christina,Andreashire
7421,Kenneth,Nicoleberg
7422,Jacqueline,Lake Jillfurt
7423,Alyssa,Edwardsmouth
7424,Charles,South Craigfort
7425,Nicolas,Stokeshaven
7426,Amy,Lake Joseph
7427,Luis,New Annette
7428,Janet,East Ian
7429,Jennifer,Thompsonshire
7430,Maria,Pricetown
7431,Erica,Randyberg
7432,Jeffrey,Williamtown
7433,Lisa,Tylerview
7434,Zoe,Lake Paul
7435,Jose,Port Jameston
7436,Rachel,North Amberfort
7437,Russell,West Ryan
7438,William,North Nicholas
7439,Stephanie,Rachelview
7440,Stephen,Cherryview
7441,James,Lake Hollyville
7442,Jacqueline,Kevinhaven
7443,Jennifer,Williamstown
7444,Ryan,West Christymouth
7445,Evan,Port Ricky
7446,Mark,Madisonchester
7447,Brittney,Lyonsmouth
7448,Gregory,Port Charlesstad
7449,Karen,Greeneland
7450,William,Woodston
7451,Alexandra,North Ryan
7452,Christine,New Angela
7453,Julie,West Steven
7454,Victoria,South Desiree
7455,Melinda,Lake Lauramouth
7456,Dana,Port Lucas
7457,Timothy,North Andreaborough
7458,Barbara,Mcculloughtown
7459,Christian,New Gregory
7460,George,Jordanland
7461,Megan,New Andrew
7462,Brian,West Taraborough
7463,Andre,Mcmahonbury
7464,Alexis,Raymondport
7465,Ronald,Adamsland
7466,James,Bowenfort
7467,Elizabeth,North Alanshire
7468,John,Lake Jessica
7469,Sarah,Thomashaven
7470,Carmen,West Ericberg
7471,Robin,South Ashley
7472,Jennifer,Blairfort
7473,Debra,Port Kevin
7474,Luis,Katherineville
7475,William,Bowenfurt
7476,Ariana,Lake Paulshire
7477,Jim,Josephbury
7478,Carol,New Richard
7479,Ashley,New Michaelborough
7480,Victoria,New Carmenmouth
7481,Philip,Peterport
7482,Keith,Bellchester
7483,Keith,West Jessicaburgh
7484,Michael,West Catherine
7485,Wanda,Lake Sarahfort
7486,Karen,New Natalie
7487,Deborah,Seanhaven
7488,Mary,Leachchester
7489,Debbie,West Daniel
7490,Cassandra,West Matthewchester
7491,Steven,Lake Rachelborough
7492,Rodney,Jerryport
7493,Alex,East Joshuaburgh
7494,Paula,Lake Jenniferfort
7495,Kevin,West Eileen
7496,Robert,Lake Brianastad
7497,Lauren,New Jessica
7498,Brandon,Hoffmantown
7499,Christopher,North Kaylafurt
7500,Melissa,East James
7501,Elizabeth,Michaelfort
7502,Kristen,New Oscarchester
7503,Jeffrey,East Martinborough
7504,Shirley,Lake Heather
7505,Jeremy,East Jill
7506,Kenneth,Hillville
7507,Joshua,Mullenborough
7508,Jorge,Cookchester
7509,Calvin,East Brian
7510,Joshua,Port Rodneyton
7511,Jacob,Thompsonstad
7512,Eric,North Megan
7513,Juan,New Maryville
7514,Caroline,Thomastown
7515,Samantha,West Kimberlyside
7516,Kara,Johnbury
7517,Jennifer,North Michelle
7518,Leslie,Hollandland
7519,Kenneth,East Jamesport
7520,Jason,West Erin
7521,Joshua,West Melindaside
7522,Robert,Craigbury
7523,Jenna,Port Amyton
7524,Donald,North Justinborough
7525,Kathleen,West Jimmyville
7526,Joshua,New Karenfurt
7527,Stephanie,Daviston
7528,Jane,Archerton
7529,Kelly,Jillbury
7530,Karina,West Lauraburgh
7531,Jaime,West Jonathan
7532,Ann,Briannaville
7533,Zachary,Lake Rachel
7534,David,Stephenfurt
7535,Matthew,West Joseph
7536,Sandra,Rossland
7537,Eric,Gregoryberg
7538,Pamela,Carloschester
7539,Jessica,Port Lauraside
7540,Christina,North Kevinshire
7541,Stephen,East Yolandashire
7542,Cindy,West Kelly
7543,Joseph,Duncanmouth
7544,Sandra,North Jamieview
7545,Patricia,Bethanystad
7546,Raymond,Lake Darrellburgh
7547,Brian,Clementsville
7548,Regina,Thompsonborough
7549,Caitlin,Williamland
7550,Julie,Leeburgh
7551,Amy,Jessicahaven
7552,Robert,Hernandezmouth
7553,Anne,New Brett
7554,Lisa,Samanthafurt
7555,Daniel,Alexastad
7556,James,Sparksborough
7557,Amanda,Ericport
7558,Sierra,Lunamouth
7559,Mindy,West Danielberg
7560,Mary,Michelleburgh
7561,Daniel,East Rachelburgh
7562,Douglas,Dillonland
7563,Jose,Velasqueztown
7564,Thomas,West Taylor
7565,Jennifer,Smithton
7566,Albert,Carlsonview
7567,Paul,East Marioshire
7568,Todd,New Robertmouth
7569,Daniel,West Karen
7570,Sandra,Fuentestown
7571,Justin,Sheilabury
7572,Corey,Kimberlyfort
7573,Steven,Jessicaville
7574,Heather,New Keith
7575,Mario,Brownview
7576,Kathy,Stephanieborough
7577,Stephen,Toddmouth
7578,Lisa,Brookehaven
7579,Elaine,North Jonathanport
7580,David,Carlaton
7581,Mark,Harrisonton
7582,William,Port Mary
7583,Marcus,North Tonyview
7584,Sarah,Burnschester
7585,Jason,Robertsstad
7586,Sarah,New Kristenport
7587,Cindy,East Scott
7588,Aaron,West Michaelfurt
7589,Christopher,Martinmouth
7590,Kevin,North Markside
7591,Amanda,South Robert
7592,John,Paulshire
7593,Sarah,West Ryanburgh
7594,Scott,Spearschester
7595,Bradley,Aliciafort
7596,Dalton,New Elaine
7597,Carolyn,Gomezberg
7598,Adrian,Rosemouth
7599,Sierra,Cunninghammouth
7600,David,Jennifertown
7601,David,Williamsport
7602,Richard,East Justin
7603,Jimmy,Williamsport
7604,Bryan,New Chelsea
7605,Kevin,Wareview
7606,Paul,Lake Robertbury
7607,Dana,North Rachel
7608,Nancy,South Roberta
7609,Richard,Smithmouth
7610,Cindy,North Franklinmouth
7611,Joshua,Taylorside
7612,Michael,New Manuelberg
7613,Hannah,Kevinberg
7614,Eric,East Nicole
7615,Christian,Lake Amy
7616,John,Jenniferburgh
7617,William,Jonesville
7618,Todd,Port Latoya
7619,Joshua,East Kristabury
7620,Stephanie,New Tyler
7621,Adam,Sarahshire
7622,Cynthia,South Colleen
7623,Mariah,Conwaymouth
7624,Debra,Lake Erin
7625,Jonathan,Mitchellport
7626,Tara,Joshuahaven
7627,Mitchell,Christinahaven
7628,Andrea,Andrewview
7629,Anita,West Logan
7630,Michael,Mauricemouth
7631,Nancy,Courtneyview
7632,Matthew,Kathleenview
7633,John,Lake Jeremy
7634,Michael,New Shelbyview
7635,Jennifer,Sarahburgh
7636,Eric,East Jennifer
7637,Maxwell,Kristenmouth
7638,Jeffery,South Benjamin
7639,Erika,Lake Stevenberg
7640,Michelle,Williamston
7641,Leroy,Sarahfort
7642,Daniel,East Michellemouth
7643,Chelsea,North Carrie
7644,Rebekah,Lewishaven
7645,Christopher,North Tabitha
7646,Emily,South Kenneth
7647,Kathleen,East Jorgeville
7648,Adam,Keithchester
7649,Elizabeth,North Christopher
7650,Julie,Saramouth
7651,Steven,South Denisefurt
7652,Robin,Lake Stephen
7653,Jodi,Port Lee
7654,Annette,Jennaborough
7655,Karen,East Dennisborough
7656,Brooke,Port Stephaniefurt
7657,Jaclyn,West Patrick
7658,Christopher,Rachelchester
7659,Jack,Port Brianshire
7660,Laura,Clarkhaven
7661,Christopher,West Jenna
7662,Michael,Munozchester
7663,Jason,Lunaborough
7664,Nancy,Port Phillip
7665,Jacqueline,Randallport
7666,Eric,Mariafort
7667,Nancy,North Loganview
7668,Richard,South Zacharyburgh
7669,James,South Howardstad
7670,Michael,South Kylefurt
7671,Johnny,Trujillostad
7672,Jacqueline,Sandrashire
7673,Brian,Juanburgh
7674,April,Port Steven
7675,Heather,South Brendastad
7676,Aaron,West Hailey
7677,Brad,Brianabury
7678,Keith,Vincentside
7679,Nancy,Mayoton
7680,Theresa,Jonesburgh
7681,Kelly,Marvinland
7682,Gary,Tonyfurt
7683,Charles,Port Douglasfort
7684,Traci,Kellyshire
7685,Jenny,Lake Joanna
7686,Samuel,Garciamouth
7687,Renee,West Robinview
7688,Kimberly,Ellenstad
7689,Cameron,Port Heather
7690,Amy,East Susanbury
7691,Andrea,Lake Michael
7692,Lawrence,Michaelport
7693,Jill,Laurenfurt
7694,Philip,Grahamton
7695,Shelby,Gabrielland
7696,Alexander,Herreratown
7697,Olivia,Lake Ricardoland
7698,Sharon,New Mariaton
7699,Claudia,Birdview
7700,Elizabeth,Katieville
7701,Paul,Valdezburgh
7702,Tracy,North James
7703,Brian,Robertfort
7704,Shannon,Joanneborough
7705,Courtney,Riverachester
7706,Carlos,Port Michaelmouth
7707,Michael,Lake John
7708,Isaiah,East Brianna
7709,Destiny,Port Joshuamouth
7710,Lisa,Brendaview
7711,Stacy,South Lisa
7712,Jessica,New Michael
7713,Phillip,Michelleburgh
7714,Lisa,Debratown
7715,Linda,Debraberg
7716,Nina,South Jonathan
7717,Stephanie,Youngville
7718,Chris,Port Davidside
7719,Thomas,New Adamberg
7720,Benjamin,Clarkfurt
7721,Edward,Griffinbury
7722,Melanie,Greenestad
7723,Cathy,Andreafurt
7724,David,North Thomaston
7725,Joan,Philipside
7726,Natasha,Burkechester
7727,Amy,West Terry
7728,Robert,Port Troymouth
7729,Michelle,Lake Emilyton
7730,Paul,Hicksview
7731,Michael,Michaelfurt
7732,Jennifer,South Kristen
7733,Deanna,South Daniel
7734,Brittany,New Edwardhaven
7735,Faith,South Derrickside
7736,Ashley,Chanview
7737,Angela,East Kenneth
7738,Danny,Maryburgh
7739,Travis,New Melanie
7740,Elizabeth,Arthurfort
7741,Stephanie,South Robert
7742,Denise,Allisonburgh
7743,Dana,Stephanieborough
7744,Jesus,Lake Raymond
7745,Miguel,Port Alexandra
7746,Whitney,East Jillport
7747,Nancy,Chelseastad
7748,Sarah,Jessicaview
7749,Elizabeth,Sharonberg
7750,Michael,Chapmanmouth
7751,Gabriel,Lake Seanburgh
7752,Thomas,New Kimberly
7753,Brandon,South Nancybury
7754,Jennifer,West Adam
7755,Charles,West Emily
7756,Amanda,Stephanieville
7757,Andrew,West Bradleyfurt
7758,Jacob,Tamaratown
7759,Kelly,Port Kellyberg
7760,John,Foleymouth
7761,Jasmine,North Karenshire
7762,Taylor,Lake Sarah
7763,David,Port Patrick
7764,Elizabeth,North Randallberg
7765,Raymond,Thomasview
7766,James,Greenborough
7767,Jasmine,Corteztown
7768,Erika,East Timothyton
7769,Jonathan,Jonathanfurt
7770,Anthony,Kyleview
7771,Gabriel,Dixonview
7772,Dana,Millerside
7773,Jonathan,Taylormouth
7774,Dwayne,East Steven
7775,Raymond,Michaelview
7776,Benjamin,Stevenhaven
7777,Lauren,Chadton
7778,Stephanie,Pearsontown
7779,Shelby,South Cody
7780,Lisa,Hunterstad
7781,Fernando,North Robert
7782,Chad,Clarkside
7783,Sandra,West Morganton
7784,Adam,West Eddie
7785,Sydney,West Rebecca
7786,Larry,New Victor
7787,Michael,New Lisa
7788,Donald,Sullivanberg
7789,Michael,North Aaronport
7790,Christopher,Port Michellestad
7791,Sarah,Mollyview
7792,Angela,Flowersberg
7793,Douglas,South Daniel
7794,Elizabeth,North David
7795,Casey,South Edward
7796,Nicholas,Jamieshire
7797,Bonnie,Port Lindaville
7798,Natalie,Martinezmouth
7799,Todd,Alishaberg
7800,Heather,Gentryton
7801,Daniel,Watsonberg
7802,Stephen,Morrowmouth
7803,Michelle,North Matthewfort
7804,Brian,Port Kristenfort
7805,Sarah,Maldonadochester
7806,Lindsey,Brianland
7807,James,Port Jamesview
7808,Tiffany,East Timothy
7809,Troy,Franklinberg
7810,Cody,East Amanda
7811,Scott,Lake Bryan
7812,Barbara,North Mark
7813,Sandra,East Jessicaview
7814,David,Stevenshire
7815,Blake,Port Pamelaberg
7816,Carol,West Debraview
7817,Philip,South Kristopher
7818,Christopher,Carrburgh
7819,Sarah,South Jonathanview
7820,David,Tracyview
7821,Joshua,West Robinshire
7822,Kathleen,Williamsville
7823,Sean,Jenniferstad
7824,Shawn,New Joelport
7825,Tanya,Madisonburgh
7826,Amy,Katherineside
7827,Linda,Port Jamie
7828,Jack,Kingbury
7829,Amanda,East Thomas
7830,Nicole,South Carol
7831,Brian,Port William
7832,Stephen,Torreschester
7833,Erin,Brownside
7834,Amy,Jennastad
7835,Mark,Lake Robertstad
7836,Erin,Eddieport
7837,Bill,Williamstown
7838,Robin,West Dylanview
7839,Andrew,Lawrencehaven
7840,David,Stephenland
7841,John,Millermouth
7842,John,North Lisa
7843,Jacob,Lake William
7844,Sheila,Thompsonside
7845,Christopher,Andrewsshire
7846,Shawn,Michaelberg
7847,Kimberly,New Pamelaside
7848,Andrew,Lake Andrew
7849,Christina,Jamiechester
7850,Brian,Port Margaretfort
7851,Bryan,South Clintonborough
7852,Ralph,East Robinton
7853,Joshua,Lake Desiree
7854,Anthony,New Kellymouth
7855,Anna,Lake Mariaview
7856,Ernest,Hammondshire
7857,Andrea,Tuckerhaven
7858,Denise,West Paulhaven
7859,Laura,North Heidi
7860,Lori,North Steven
7861,Gregory,Marioville
7862,James,North Ricky
7863,Ann,West Zachary
7864,Tonya,Galvanhaven
7865,Larry,Sandrafurt
7866,Stephen,Lake Brian
7867,Joseph,Leeview
7868,Emily,Ryanshire
7869,Todd,New Amanda
7870,Deborah,Hendricksmouth
7871,Justin,North Johnberg
7872,Pamela,Shannonview
7873,Taylor,Olivertown
7874,Allison,West Nicole
7875,Michele,East Melissa
7876,Chelsea,Robertfurt
7877,Andrew,Wardchester
7878,Julia,Sullivanfurt
7879,Anthony,Benitezville
7880,Elizabeth,Molinashire
7881,Troy,North Markville
7882,Caitlin,North Stacey
7883,William,East Anthonyborough
7884,Richard,Morganhaven
7885,Donna,North David
7886,Julie,Lawrenceborough
7887,Hayden,Seanbury
7888,Theresa,Port Sandra
7889,Jacqueline,Lake John
7890,James,Lake Ronald
7891,Adrienne,Herrerafort
7892,Jason,Andersonfurt
7893,Kathleen,Lake Katherineton
7894,Erik,East Terriport
7895,Ebony,Marthahaven
7896,Michael,Holmesberg
7897,Linda,Danielside
7898,David,Port Denniston
7899,Julie,Karenfurt
7900,Todd,Port Waltertown
7901,Colin,Melissaton
7902,Maria,Martinezbury
7903,Diana,Colemanport
7904,Douglas,Dustinview
7905,Gabriel,New Leahside
7906,Dana,Lake Heatherville
7907,Mallory,Bellfurt
7908,Jordan,Katherineville
7909,Troy,New Jacob
7910,Barbara,Port Katherineport
7911,Andrew,Aprilfort
7912,Michael,Marissaburgh
7913,Scott,North Tammyton
7914,Karen,Denisetown
7915,Gary,South Joshuaville
7916,Jonathan,Port Mollyburgh
7917,Christopher,Craigland
7918,Jessica,Smallbury
7919,Kathy,South Paulaborough
7920,Tyler,Martinfort
7921,Susan,Mollytown
7922,Jimmy,New Kimberlystad
7923,Robert,Walkerstad
7924,Amanda,Davisfurt
7925,Mark,Lake Nancyfurt
7926,Brandon,Erikbury
7927,Paula,West Devinstad
7928,John,Harrisview
7929,Brian,Anthonyberg
7930,Linda,Smithfort
7931,Brian,Cartermouth
7932,Ariana,Williamsshire
7933,Elizabeth,New Deannaberg
7934,Brad,Joefort
7935,Nancy,Vaughnton
7936,Dana,Jordanland
7937,Candice,South Katherinetown
7938,Kirsten,East Patrickmouth
7939,Sarah,Tommyview
7940,Rachel,Marilynshire
7941,Michael,West Colinborough
7942,Shelly,South Gina
7943,Craig,Millerhaven
7944,Stephanie,East Reginastad
7945,Todd,Fowlerborough
7946,Anne,East Annahaven
7947,Katie,Anthonymouth
7948,Kenneth,Lake Donnaborough
7949,Robert,Justinton
7950,Nancy,Port Justin
7951,David,Avilaborough
7952,James,New Brittanyport
7953,James,Glassshire
7954,Cheyenne,Frederickton
7955,Rebekah,East Daniel
7956,Rebecca,Lake Michealchester
7957,Erika,West Steven
7958,Thomas,Port Debra
7959,Kenneth,Mooreberg
7960,Bryan,Davisfurt
7961,Amanda,Zacharyland
7962,Vanessa,Andradetown
7963,Courtney,Wallview
7964,Samantha,West Sonyaland
7965,Sarah,New Austin
7966,Pamela,Garciahaven
7967,Greg,Port Lynnmouth
7968,Katrina,North Edward
7969,Cynthia,Wilsonhaven
7970,Patricia,Burkehaven
7971,Nicholas,Garzamouth
7972,Carlos,New Brianna
7973,Angela,Loganport
7974,Audrey,Coopermouth
7975,Ivan,Lake Sean
7976,Julie,Anthonymouth
7977,Kelly,North Mollyshire
7978,Roberta,North Daniel
7979,Stacey,North Randyburgh
7980,Susan,Hernandezburgh
7981,Alex,North Alicia
7982,Austin,Mcneilhaven
7983,Brandon,Meganville
7984,Jessica,Randallbury
7985,Rebecca,Mcgeebury
7986,Donald,West Suzanne
7987,Brenda,New Catherinefort
7988,Noah,Amandahaven
7989,Rodney,Harryberg
7990,Michael,North Davidburgh
7991,Patrick,East Dianeland
7992,Stacey,Harrisonbury
7993,Danielle,Mayshire
7994,Karen,West Jacquelineland
7995,Renee,Jasminemouth
7996,Kim,South Gregorybury
7997,Alisha,South Cindymouth
7998,Judy,South Nicholas
7999,Walter,Kingchester
8000,Whitney,Stevenmouth
8001,Todd,Merritttown
8002,Jenna,Port Kevin
8003,Christopher,South Christineburgh
8004,James,New Jay
8005,Jason,Oliviaside
8006,Kylie,Frederickton
8007,Michael,Bondfort
8008,Keith,Hayesside
8009,Evelyn,North Angelica
8010,Louis,Walkerview
8011,Ronald,Allenbury
8012,Christian,Lake Danielle
8013,Jennifer,Luisville
8014,Stephen,Castrochester
8015,Adam,Kellymouth
8016,Morgan,Harrishaven
8017,Sara,New Juanmouth
8018,Melissa,Hansonmouth
8019,Jennifer,New Thomas
8020,Jeffrey,Aaronfurt
8021,Jessica,North Garyberg
8022,Maria,West Anthony
8023,Kathryn,North Julieland
8024,Lauren,East Dennis
8025,Jillian,Coreymouth
8026,Sarah,Millerfurt
8027,Kenneth,North Brianstad
8028,Dakota,South Christina
8029,Traci,Goodwinfort
8030,Susan,Lake Renee
8031,Jacob,Amyfurt
8032,Erin,Helenview
8033,Michael,South Manuel
8034,Jack,Robertmouth
8035,Kelsey,Terryton
8036,Michelle,Port Danielmouth
8037,Belinda,Hodgestown
8038,Jessica,Gutierrezchester
8039,Mackenzie,Martinton
8040,Adam,North Mercedes
8041,Bethany,Lyonsview
8042,Scott,Port Annafurt
8043,Cynthia,Contrerasville
8044,Julie,New Andrewtown
8045,Tina,West Jason
8046,Blake,Joneshaven
8047,David,East Charlotteberg
8048,Eric,Port David
8049,Rose,West Joshuafurt
8050,Wendy,Washingtonside
8051,Jocelyn,Kennethstad
8052,Jessica,New Marktown
8053,Lauren,Camposchester
8054,Melissa,Cartermouth
8055,Tanya,South Johntown
8056,Craig,Munozburgh
8057,Raymond,Emmafort
8058,John,New Jeffreyshire
8059,Brandy,Melanieburgh
8060,Eric,New Amber
8061,Deanna,North Jasonville
8062,Christy,New Abigailmouth
8063,Rachel,Pammouth
8064,Wesley,East Robert
8065,Erin,Bellville
8066,Tim,Tammyside
8067,Lindsay,Campbellton
8068,Robert,North Meghanside
8069,Adam,New Lisafort
8070,Elizabeth,Muellerchester
8071,Kathryn,East Tammytown
8072,Angie,Chelseamouth
8073,Thomas,Rogerston
8074,Monica,North Kaitlynchester
8075,Danielle,Gordonfurt
8076,Ricky,Gregoryview
8077,Rick,Robertfurt
8078,Andrea,Mccoymouth
8079,Adam,Portertown
8080,Gerald,Wilsonshire
8081,Breanna,West Steven
8082,Laura,Thomasmouth
8083,Kayla,Port Johntown
8084,Christopher,Port Rebecca
8085,Nichole,New Sara
8086,Emily,Lake Jamesville
8087,Johnny,Jodibury
8088,Dustin,South Caitlin
8089,Jennifer,Chambersville
8090,Alison,Riddlefort
8091,Andrea,East Jacobview
8092,Nathan,Allisonberg
8093,Kaitlyn,Charlesbury
8094,Alicia,Dawsonborough
8095,Danielle,Kristinshire
8096,Danielle,Castanedafort
8097,Scott,Cobbfurt
8098,David,Lancemouth
8099,John,North Kyleview
8100,Mikayla,Bellview
8101,Ashlee,South Dianamouth
8102,Stacey,East Taylorshire
8103,Jason,North Kellyville
8104,Jose,Taylorstad
8105,Johnny,West Jennifer
8106,Kaitlyn,Port Kurt
8107,James,East Phillipside
8108,Francisco,Port Nichole
8109,Alicia,Port Dennisstad
8110,Tyler,Garyhaven
8111,Kayla,South Ericchester
8112,Robert,East Lisa
8113,Jacqueline,East Angelaberg
8114,Karen,West Robert
8115,Brittany,East Ashleyside
8116,Keith,Port Jessicafurt
8117,Elizabeth,Vincenttown
8118,Daniel,Kimchester
8119,Mary,New Dawn
8120,Cynthia,Port Huntermouth
8121,Jennifer,East David
8122,Clifford,Evansmouth
8123,William,Melissastad
8124,Mike,Port Barbaraberg
8125,Nicholas,Beckermouth
8126,Kathleen,Greenestad
8127,Emily,South Allisontown
8128,Kristin,Pamelamouth
8129,Hannah,Shelbystad
8130,Denise,South Carly
8131,Cameron,Brianaland
8132,Douglas,Connerland
8133,Patrick,East Peter
8134,Jessica,Lisahaven
8135,Troy,Christopherside
8136,Samuel,Harperport
8137,Kathy,South Robinmouth
8138,Jennifer,Ronaldport
8139,Stacey,North Marc
8140,Bradley,Jacksonfort
8141,Nicholas,New Anashire
8142,Dana,North Edwardberg
8143,Kyle,Sandersport
8144,Stacey,Lake Nancyport
8145,Russell,Port Willie
8146,Jonathan,Samuelmouth
8147,Vanessa,Bellville
8148,Paul,Davisland
8149,April,Samuelville
8150,Pamela,Port Adam
8151,William,North Sean
8152,Joseph,Evansview
8153,Erica,Lake Corymouth
8154,Melissa,West Michaelmouth
8155,Christian,Lake Joseland
8156,Michelle,West Aliciaburgh
8157,Sherry,Lake Ericstad
8158,Shelley,Dayland
8159,Jennifer,Feliciaburgh
8160,John,Wayneland
8161,Amber,Billyville
8162,Jennifer,North Andrew
8163,William,Port Mariah
8164,Robyn,New Dianaport
8165,Daniel,West Christina
8166,David,Port Chaseport
8167,Marissa,West Adam
8168,James,Lake Jenniferfort
8169,Kelly,Wallaceview
8170,Michael,New Ericborough
8171,Gabriel,Port Stephanieborough
8172,James,Woodtown
8173,Matthew,Melissafurt
8174,Craig,Stevenburgh
8175,Debra,East Janiceville
8176,Michael,West Ronaldton
8177,Sarah,Spearsmouth
8178,Kelsey,North Donna
8179,Ashley,Port Kylie
8180,Derek,North Karenchester
8181,Todd,North Arielburgh
8182,Keith,Danielstad
8183,Jessica,Port Christine
8184,Cody,West Garrettchester
8185,Vincent,New Stevenland
8186,Aaron,New Mariaville
8187,Michael,Lake Daniel
8188,Nicholas,South Tammytown
8189,Amy,New Deborah
8190,Judith,New Todd
8191,Robert,West Joanna
8192,Stephen,Matthewland
8193,Richard,Glendaborough
8194,Jennifer,North Amandahaven
8195,Jesse,Parkermouth
8196,Megan,Port Kathleen
8197,Jillian,Shannonchester
8198,Jacob,New Samanthaton
8199,David,Robertsborough
8200,Timothy,New Charles
8201,Ian,Lake Bretthaven
8202,Caitlyn,Huntberg
8203,Mary,West William
8204,Amber,Willieland
8205,Tiffany,Lake Michaeltown
8206,Douglas,East Annberg
8207,Jose,Patriciabury
8208,Patrick,West Kathleenhaven
8209,Brooke,Robertberg
8210,Alexander,West Paulville
8211,Rhonda,West Veronicamouth
8212,Adrian,Garzafort
8213,Richard,Lewisbury
8214,Melissa,East Baileyburgh
8215,Andrea,Barnettborough
8216,Andrea,Torrestown
8217,Rhonda,Woodsfurt
8218,Michael,East Yvonneside
8219,Scott,New Jaime
8220,Nichole,Davidstad
8221,David,Carolynview
8222,Eric,East Robert
8223,Jeffrey,Hammondland
8224,Mackenzie,East Lisastad
8225,Jose,New Kristinafurt
8226,Stephanie,Lake Lisa
8227,Steven,Ashleyfurt
8228,Corey,South Patrickburgh
8229,Dakota,Jenniferville
8230,Luis,Port Lacey
8231,Maria,South Jessicaville
8232,David,Erichaven
8233,Nicholas,North Judithchester
8234,Carly,Jimmytown
8235,Nicholas,Kimberlyside
8236,Angela,North Brady
8237,Kevin,Gibsonchester
8238,Michael,Newtonport
8239,David,New Nicholas
8240,Brenda,North Justinview
8241,Stanley,East Steven
8242,Carl,Samanthatown
8243,Rebecca,Youngville
8244,Thomas,Riveraville
8245,David,West Danielleside
8246,Paul,Robintown
8247,Jeremy,Richardshaven
8248,Emily,Holmeston
8249,Rebekah,East Kathleen
8250,Meghan,New Erik
8251,Kendra,Cristianside
8252,Bradley,New William
8253,Amber,East Robert
8254,Kara,North Conniestad
8255,John,East Billy
8256,Cheryl,Port Tammy
8257,Penny,East Clayton
8258,Alexandra,Maryview
8259,Susan,Powellborough
8260,Sue,Kingville
8261,Nicole,West Alejandrabury
8262,Bradley,East Jasonhaven
8263,Katherine,East Brian
8264,Daniel,Port Destinychester
8265,Rita,Port Johnport
8266,Ronald,Howardport
8267,Sean,Kevinland
8268,Joseph,Lake Adam
8269,Andrea,West Cindymouth
8270,Kevin,Port Nicoleburgh
8271,Angela,Andersonborough
8272,Deborah,Lake Angela
8273,Stephen,Mitchelltown
8274,Luis,New Kevinshire
8275,Julie,Morrisonhaven
8276,Andrew,Peterview
8277,Amanda,Dayburgh
8278,Lindsey,Port Benjamin
8279,Olivia,South Jasmineview
8280,Cody,East Vanessaville
8281,Michele,Port Kevin
8282,Brandon,New Paul
8283,Shawn,North Victoriaburgh
8284,Christopher,Richardburgh
8285,Angela,North Allisontown
8286,Jill,Jenniferhaven
8287,Kevin,Barberstad
8288,Anthony,East Markmouth
8289,David,Timothyshire
8290,Charles,Desireefurt
8291,Betty,New Darrellchester
8292,Linda,West Robert
8293,Daniel,Port Phillipmouth
8294,Troy,Sarahburgh
8295,Robert,South Johnshire
8296,Stacy,Markhaven
8297,Jennifer,New Christineview
8298,Rodney,West Brian
8299,Rachel,Martinezfort
8300,Timothy,New Jason
8301,Paula,Kathyberg
8302,Deanna,New Katherinetown
8303,George,East Heidi
8304,Tracy,North Lawrence
8305,Thomas,Halemouth
8306,David,North Colin
8307,Veronica,Dawnside
8308,Jesse,North Andrew
8309,Marissa,New Eric
8310,Jamie,Port Robert
8311,Omar,Port Gregorymouth
8312,Jim,Lake Cathyview
8313,Andrew,Lake Robertberg
8314,Penny,Laraview
8315,Angela,Anthonymouth
8316,Brian,Flemingshire
8317,Joshua,Lake Williammouth
8318,Vincent,Christopherport
8319,Michael,North Ashleytown
8320,Nicole,New Danamouth
8321,Heather,New Brandonside
8322,Kelly,North Nicholas
8323,Jonathan,Port Edward
8324,Jonathan,Port Rachelfurt
8325,Cheryl,Vegafurt
8326,Mitchell,Brittneyborough
8327,Kevin,North Laurie
8328,Kevin,Huberstad
8329,Michael,New Triciafurt
8330,Justin,Port Valerieland
8331,Justin,Lake Julie
8332,James,Port Kenneth
8333,Robert,Port Jason
8334,Rachel,East Jeremy
8335,Donna,South Mariastad
8336,Jaclyn,Caseytown
8337,Jill,New Jonathanstad
8338,Katherine,Travistown
8339,John,Duaneberg
8340,Donna,Johntown
8341,Jennifer,North Danielle
8342,Calvin,Port Nicholas
8343,Thomas,Port Reginald
8344,John,Hamiltonview
8345,Melissa,North Sherri
8346,Sandra,North Davidview
8347,Jessica,Stevenview
8348,Phillip,New Alexandria
8349,Brian,New Heatherberg
8350,Lydia,Lake Lucas
8351,Lauren,Flemingtown
8352,Tammy,East Kaitlyn
8353,Emily,North Kurtview
8354,Robert,East Mark
8355,Mackenzie,East Daniel
8356,Christine,East Alicia
8357,David,Richardbury
8358,Tracy,South Daniel
8359,Laurie,Michaelstad
8360,Alexander,Angelamouth
8361,Steven,South Kenneth
8362,Alex,Lake Anita
8363,Emily,Richardland
8364,Nathan,Lake Josephtown
8365,Brianna,New Ryan
8366,Elizabeth,East Cherylberg
8367,Melissa,Joelshire
8368,Gloria,Stokesshire
8369,David,Hornport
8370,Kelsey,New Carlahaven
8371,Richard,Port Jason
8372,Drew,Lowestad
8373,Billy,Lake Jesse
8374,Timothy,Port Christopher
8375,Maria,South Garrett
8376,Brian,West Edwardville
8377,Lauren,Thomasberg
8378,Elizabeth,East Pamelatown
8379,Renee,Port Jeremymouth
8380,Valerie,South George
8381,Susan,Jessicafurt
8382,Sandra,West Rodney
8383,Jill,New Douglas
8384,Shawna,South Allenchester
8385,Corey,West Patrick
8386,Jeffrey,North Ronald
8387,Amy,Morganberg
8388,Nicholas,Mackenziestad
8389,Olivia,Johnsonmouth
8390,Sarah,New Kayla
8391,Daniel,Rhondamouth
8392,Kathleen,Jamesburgh
8393,Lorraine,Port Matthewview
8394,Douglas,Hallside
8395,Lisa,Rebeccaside
8396,Rita,Port Garystad
8397,Wesley,West Justinfort
8398,Robert,Marshside
8399,Arthur,Riddlehaven
8400,Harold,West Kimside
8401,Anna,Jasonshire
8402,Matthew,North Christopherchester
8403,Marvin,Port Brian
8404,Jeremy,Freyborough
8405,Andrew,Port Cynthiafurt
8406,Caleb,Greenechester
8407,Jared,South Amy
8408,Amanda,East Andrew
8409,Carol,Lake Jennifer
8410,Amy,West Jody
8411,Anthony,West Deborahberg
8412,Ronald,Burnsburgh
8413,David,Shawshire
8414,Yvonne,South Jason
8415,Katelyn,Brownfurt
8416,Ashley,East Thomaston
8417,Adam,Anthonyfurt
8418,Amy,Michaelview
8419,Benjamin,Carsonbury
8420,Yvette,Port Nathanberg
8421,James,South Victoria
8422,Eric,Bennetthaven
8423,Vincent,New Davidfurt
8424,David,Port Cassandrahaven
8425,Lisa,Hartmanmouth
8426,Brian,Ronaldview
8427,Richard,Hughesborough
8428,Elizabeth,Davidchester
8429,Alexandria,New Theresashire
8430,Sarah,Johnsonside
8431,Kevin,New Javiershire
8432,Ashley,Whiteberg
8433,Jodi,Henrybury
8434,Taylor,Schroederville
8435,Ralph,South Jasonton
8436,Kerry,Mirandashire
8437,Alisha,West Kendramouth
8438,Cody,North Martin
8439,Darryl,Port Amber
8440,Steven,New Bradley
8441,Emily,Juarezton
8442,Mark,South Mariomouth
8443,John,Bowmanchester
8444,Michael,Pittsshire
8445,Timothy,Lake Robert
8446,Derek,Tylerfurt
8447,Richard,North Douglasberg
8448,Scott,Lake Alyssastad
8449,Alan,North Alexandra
8450,Julie,Port Jamesside
8451,Michael,Lake Mary
8452,Emily,Lake Meredith
8453,Cody,Hallhaven
8454,Dennis,New Mackenzie
8455,Donald,South Christopher
8456,Alexander,North Jerry
8457,Timothy,Ryanside
8458,Caitlin,Lake Kevin
8459,Veronica,Wilkinsburgh
8460,Kristen,East Autumn
8461,Michael,East Nathaniel
8462,Margaret,Theresashire
8463,Brittany,West Anthony
8464,Lisa,Jacksonville
8465,Donald,Henrytown
8466,Jacqueline,New Davidchester
8467,Michael,East Christopher
8468,Dwayne,North Sherylton
8469,Ryan,East Benjaminborough
8470,Jason,East Adamchester
8471,Jonathan,Mariomouth
8472,Luke,South Amberbury
8473,Carlos,Burkefort
8474,Lindsay,Rodriguezfurt
8475,Stephanie,Ashleyborough
8476,Richard,Millerchester
8477,Alexandra,Diazborough
8478,Brian,Lake Marystad
8479,Luke,New Michelle
8480,Alicia,Rivasbury
8481,Lisa,South Staceyton
8482,Frank,Garyfort
8483,Thomas,Port Timothyhaven
8484,Hunter,Brookshaven
8485,Lauren,Lake Alyssaside
8486,Deborah,Nicolestad
8487,Martha,East Robertshire
8488,Theresa,Hayesville
8489,Krystal,South Moniqueborough
8490,Jasmine,Scottbury
8491,Karl,Port Ronald
8492,Lisa,Port Robert
8493,Antonio,Julianmouth
8494,Michelle,Kyleton
8495,Lance,Port Jeffreymouth
8496,Thomas,Carrside
8497,Tina,New Joseph
8498,Antonio,West Matthewport
8499,Rachel,Stephenstad
8500,Brian,North Kristenmouth
8501,Jennifer,South Williamchester
8502,Jennifer,South Warrenfurt
8503,Brian,New Stevenhaven
8504,Heather,New Kimberly
8505,Kimberly,Juliaville
8506,Brandon,Port Bryanmouth
8507,April,Lake Jamesmouth
8508,Victor,South Julie
8509,Amanda,West Jamie
8510,Steven,Williamside
8511,Samantha,Juliemouth
8512,Erica,Tonimouth
8513,Kendra,Kramerview
8514,Martha,Parrishburgh
8515,Kristopher,Dixonborough
8516,Nicole,Bellside
8517,Sophia,North Johnport
8518,Debra,South Nicole
8519,Angelica,East Stephaniehaven
8520,Jillian,Port Charlotte
8521,Alexa,Sherriview
8522,Edward,North Laurachester
8523,Angela,Port Jennifer
8524,Samuel,Romeroburgh
8525,Caroline,Jesusside
8526,Christopher,Freemanport
8527,Barry,South Jamesland
8528,Jeremy,North Meganbury
8529,Edward,Brittanyport
8530,Emily,Robertton
8531,Tracy,Rachelbury
8532,Kelly,South Stephanie
8533,Gregory,Stevenchester
8534,Kevin,Donaldside
8535,Amy,East Martinton
8536,Patrick,Blaketon
8537,Rhonda,Port Doris
8538,Ashley,Lake Megan
8539,Charles,New Alexisborough
8540,Vincent,Jacksontown
8541,Robin,South Paul
8542,Melissa,East Tanyaview
8543,James,West Jasmine
8544,Melissa,Andrewshire
8545,Brandon,Westfort
8546,Karl,Jeanberg
8547,Anthony,Andrewview
8548,Savannah,Racheltown
8549,Lawrence,North Pamelaton
8550,Jennifer,Millsside
8551,Heidi,Vanessamouth
8552,Lori,Vanessaland
8553,Kristie,Randallside
8554,Cassie,Parksfort
8555,Nicole,Brittanyfort
8556,Eduardo,Robertborough
8557,Alice,North Huntershire
8558,Latoya,North Shawn
8559,Nicholas,Murphyside
8560,Donald,Alexisside
8561,Bailey,Port Michael
8562,Diana,Stevenstown
8563,Courtney,North Courtneymouth
8564,Joseph,New Timothyfort
8565,Brian,Elizabethtown
8566,Richard,Ruiztown
8567,Leslie,East Andrewport
8568,Tina,South Ian
8569,Susan,New Jenniferfurt
8570,Krystal,Smithmouth
8571,Donald,Gilbertmouth
8572,Zachary,Lake Rebecca
8573,Frederick,Port Jennifer
8574,Michael,Lake Brenda
8575,Amanda,West Natalie
8576,Cameron,Kingfort
8577,Sean,Danielville
8578,Eddie,Martinville
8579,Annette,East Jennifer
8580,Paul,Snowville
8581,Sarah,Ericksonfort
8582,Christina,North Loriview
8583,Cassandra,New Melissamouth
8584,Joshua,West Robertstad
8585,Michael,Port Billybury
8586,Kathryn,Nataliechester
8587,Kevin,East Crystalview
8588,David,Amberview
8589,Angelica,Thomaschester
8590,Nicole,West Olivia
8591,Jaime,New Victoriamouth
8592,Erin,Johnfurt
8593,Gina,Kimberlyview
8594,Kenneth,Johnsonville
8595,Michelle,Martinbury
8596,Jason,West Susan
8597,Jacob,South Carrieville
8598,Tristan,Kennedyville
8599,Jeffrey,Priceburgh
8600,Michael,Staceystad
8601,Heather,Wilsonberg
8602,Todd,Hardingburgh
8603,Christopher,North Barbara
8604,Karen,North Lisa
8605,Thomas,Andersonbury
8606,Tammy,West Eric
8607,Chad,New Timothyhaven
8608,Thomas,East Dustinborough
8609,Christian,South Kellietown
8610,Amber,Cynthiaview
8611,Benjamin,North Leahstad
8612,Kim,Bellbury
8613,Brian,New Amberborough
8614,Jeffrey,West William
8615,Marisa,Sarahfort
8616,Stephanie,Wongmouth
8617,Cory,Lake Elizabethhaven
8618,Sonya,Claytonbury
8619,Stephanie,New Morganberg
8620,Alec,Lake Omar
8621,Sheryl,New Sean
8622,Judith,New Robertshire
8623,Joseph,South Dakota
8624,Marcus,North Victoriaton
8625,James,North Marc
8626,Cynthia,Desireemouth
8627,Daniel,Port Richard
8628,Jessica,Kempbury
8629,Melissa,Kyleview
8630,Jose,East Kennethfurt
8631,Nicole,Karenstad
8632,Amanda,Thompsonberg
8633,Laura,North Candice
8634,Charles,East Michelleburgh
8635,David,New Anthony
8636,Cindy,South Tiffanymouth
8637,Samuel,Castroville
8638,Kimberly,Lake Denisehaven
8639,Michelle,Kochbury
8640,Kimberly,Serranoview
8641,Shane,Joseborough
8642,Miguel,Stephaniefort
8643,Julia,Port Thomasland
8644,Tammy,New Michaelbury
8645,Lisa,Port Joseph
8646,James,West John
8647,Christina,South Sandra
8648,Amber,Port Richard
8649,Mark,Taylorville
8650,Stephanie,West Gabrielle
8651,Thomas,East Marcusberg
8652,Tammy,Rickystad
8653,Amy,East Josephtown
8654,Donna,North Markburgh
8655,Gregory,Rebeccaburgh
8656,Autumn,South Ericaside
8657,Jessica,Lake Vickiechester
8658,Steven,North Stephanie
8659,Steven,North Katherinechester
8660,Alyssa,Avilaborough
8661,Kathryn,Christinaton
8662,Brett,Curtisstad
8663,Bethany,Whitakerport
8664,Jimmy,Joshuafurt
8665,Brenda,South Joshuaburgh
8666,Paul,Adamsfurt
8667,Michelle,Coleton
8668,Robin,Allisonhaven
8669,Denise,Gregoryshire
8670,Wendy,South Charlesfurt
8671,Nicole,Lake Ritastad
8672,Scott,Valerieton
8673,Larry,Andrewsmouth
8674,Mercedes,Dianeland
8675,Melissa,New Latasha
8676,Michael,Kevintown
8677,Alan,Atkinsfort
8678,James,East Carlos
8679,Darrell,Andrewborough
8680,Stephanie,South Richard
8681,Maria,North Nathan
8682,Robert,South Albertside
8683,Matthew,Adamschester
8684,Samuel,Solishaven
8685,Teresa,Justinburgh
8686,Michael,East James
8687,Denise,Baileystad
8688,Sherri,Meganton
8689,Craig,Lake Kennethport
8690,Scott,New Amber
8691,Melissa,Lake Erin
8692,Nicholas,East Oliviaton
8693,Michael,East Timothy
8694,Tracey,Christinefurt
8695,Donna,Jessicahaven
8696,Ashley,Cervantesborough
8697,Vernon,South Josephfurt
8698,Rebecca,Jackmouth
8699,Paul,Lucasfort
8700,Alice,Katherinestad
8701,Michelle,New Ryanfort
8702,Tina,Michelleview
8703,Victoria,Novakport
8704,Lori,Lorimouth
8705,Heather,West Robert
8706,Stephen,Monicaville
8707,John,Burnettbury
8708,Rebecca,Smithbury
8709,Abigail,Hulltown
8710,Connie,Lake Keith
8711,Patricia,Rojastown
8712,Sarah,Hartside
8713,Dana,Bennettchester
8714,Victoria,South Alexanderborough
8715,Jose,Port Patrick
8716,Michelle,East Davidfurt
8717,Kelli,Lindseyside
8718,Kimberly,Barberview
8719,Walter,North Kaitlynshire
8720,Mario,Ericmouth
8721,Allen,Carterland
8722,Shelly,New Matthew
8723,Jasmine,Brandichester
8724,Mark,Martinport
8725,April,East Vincent
8726,Sandra,East Katherinestad
8727,David,Comptontown
8728,Timothy,North Adam
8729,Julie,North Deborah
8730,Hannah,South William
8731,Matthew,North Deannachester
8732,Michael,New Rachelmouth
8733,William,Travisborough
8734,Steven,West Shawna
8735,Benjamin,Dicksonbury
8736,Julia,New Caleb
8737,Ronald,North Jessica
8738,Karla,Charlesshire
8739,Kendra,South Jill
8740,Lisa,Lake Stacyview
8741,Eric,Lake Gina
8742,Shannon,South Cassie
8743,Elizabeth,North Kevinton
8744,Thomas,Mcdonaldmouth
8745,Rebecca,North Jessicatown
8746,Raymond,Williamsview
8747,Tanya,Lowemouth
8748,Joseph,New Samantha
8749,Nicole,North Travisstad
8750,Michelle,East Lauren
8751,Luis,New Jasonport
8752,Gary,South Dustinport
8753,Lisa,Joseport
8754,Beth,Lopezborough
8755,Jerry,New Nicholas
8756,Julie,North Aaronchester
8757,Charles,East Edwardfurt
8758,Charles,North Joshua
8759,Shawna,East Kevinside
8760,Tara,Logantown
8761,Monica,West Michaelview
8762,Teresa,Alisonport
8763,Amy,Laurenville
8764,Melissa,Harttown
8765,Laura,South Mark
8766,Laura,Justinville
8767,Scott,South Taylor
8768,Loretta,Smithfort
8769,Robert,West Jennaton
8770,Joseph,Mckenziemouth
8771,James,Lake Gregory
8772,Michael,Tylerbury
8773,Dana,Port Jamesside
8774,Gabriel,North Emily
8775,George,Lake Meredith
8776,Hunter,Erikaton
8777,Tyler,North Monica
8778,Heidi,Lake Scottside
8779,Jody,Pierceport
8780,Gwendolyn,East Joshuaton
8781,Kathleen,Huntbury
8782,Bob,Leeville
8783,Donald,Charlesshire
8784,Kristen,Amyland
8785,Benjamin,Lake Kaitlyn
8786,Gregory,Curtischester
8787,Scott,Rossville
8788,Charles,Morenoville
8789,Jennifer,New Jeromeburgh
8790,Elizabeth,West Samueltown
8791,Elizabeth,West Robertbury
8792,Lori,Ethantown
8793,Colleen,Thomasfurt
8794,Anita,Allenview
8795,Sandra,Archerport
8796,Katelyn,South Seth
8797,Tanya,North Stephanie
8798,Debra,Lake Kimberlyborough
8799,Daniel,East Anthonystad
8800,Joseph,Matthewton
8801,Dennis,Melendezmouth
8802,Justin,Torresfort
8803,Alicia,Normaborough
8804,Stephen,Allenfort
8805,Tamara,North Larryport
8806,Nicole,New Kaitlinhaven
8807,Kellie,Bakertown
8808,Jason,Lake Jeffreyview
8809,Scott,West Heidistad
8810,Morgan,Maryport
8811,Richard,Watkinsbury
8812,Lori,Lake Sarahborough
8813,Jason,West Darrentown
8814,Kaitlin,North Lauraland
8815,Kathleen,New Doristown
8816,Jessica,North Paul
8817,Keith,Potterberg
8818,Pamela,Port Amandaport
8819,Diane,Perezton
8820,Todd,East Aaronfurt
8821,Nathan,Haleybury
8822,Jessica,Port Connor
8823,Robert,East Daniel
8824,Ronnie,Lake Jeffrey
8825,Melinda,Sabrinachester
8826,Steven,South Thomas
8827,Stephanie,Youngport
8828,Kevin,Lake Caitlynton
8829,Daniel,Jerrymouth
8830,Jennifer,Keithtown
8831,John,West Tiffanyside
8832,Michael,Kingville
8833,Julia,Justinville
8834,Douglas,Karenville
8835,Jessica,Brianstad
8836,Brandon,Port Shawnborough
8837,Margaret,East Jenniferfurt
8838,Nancy,North Kayla
8839,William,East Allisonmouth
8840,Jennifer,East Bethfort
8841,Autumn,Chelseyfort
8842,Brandon,East Kathleen
8843,Janet,East Daniel
8844,Vicki,Lake Rachelborough
8845,Christian,North Crystal
8846,April,Coffeymouth
8847,David,Harriston
8848,Justin,Lake Laura
8849,Cody,East Edwintown
8850,Ronald,Smithland
8851,Tonya,Roytown
8852,Amanda,Ericchester
8853,Zachary,West Amberchester
8854,Denise,Port Jasonmouth
8855,Tiffany,Richardville
8856,Christina,New Deniseberg
8857,Kyle,East Andrew
8858,Katelyn,South Oliviaberg
8859,Debbie,Kleintown
8860,Timothy,East Timothyberg
8861,Shane,South Rachel
8862,Glenn,Sweeneyberg
8863,Richard,Hughesburgh
8864,Heather,Cobbtown
8865,Sean,North Thomas
8866,Ryan,Port Kim
8867,Stephanie,North William
8868,Margaret,Carterberg
8869,Norma,South Erika
8870,Brenda,Jodiland
8871,Tanya,Port Andrewborough
8872,Debbie,South Karen
8873,Courtney,East Amy
8874,Benjamin,Port Henrytown
8875,John,Lake Vickihaven
8876,Jennifer,North Erinbury
8877,Nina,North Eric
8878,Brandon,Cookport
8879,Cory,Port Brendafurt
8880,Jacqueline,Stewartville
8881,Victoria,South Susanmouth
8882,James,North Jerryborough
8883,Jason,Flemingstad
8884,Kimberly,Lake Adam
8885,Heather,South Brianton
8886,Bradley,Sharonland
8887,Christina,East Jacobville
8888,Jessica,North Brian
8889,Susan,Amandaport
8890,Isabel,Amandaside
8891,Roger,Port Amber
8892,Lisa,Port Kimberly
8893,Jeffery,Chelseabury
8894,Julia,North Albertberg
8895,Carolyn,Wellstown
8896,Amber,Jenkinsberg
8897,Carl,Daleberg
8898,James,Lake Amber
8899,Jorge,Andersonfurt
8900,Veronica,New Stephenside
8901,Joshua,South Wendyborough
8902,Steven,Lake Tammyhaven
8903,Linda,Jonathanview
8904,Luis,Port Michael
8905,David,North Nicole
8906,Jon,Lake Mary
8907,Amy,Tanyaside
8908,Carlos,Washingtonfort
8909,Sarah,New Monica
8910,Stacey,North Elizabethshire
8911,Christopher,East Melanieburgh
8912,Jennifer,West Cherylfort
8913,Alicia,West Sarahside
8914,John,Piercehaven
8915,Heather,Lake Kristenton
8916,Lee,New Jose
8917,Brian,West Timothyport
8918,Joshua,Lake Michelle
8919,Michael,Marcuston
8920,James,New Bryan
8921,Christina,Samanthatown
8922,Christopher,Moralesview
8923,Veronica,North Rhonda
8924,Preston,West Tiffanyfurt
8925,John,Pattonshire
8926,Lauren,Arthurfort
8927,Marissa,South James
8928,Sherri,Robertschester
8929,Timothy,New Evelyn
8930,Jeffrey,East Reginaldburgh
8931,David,Gilbertborough
8932,Matthew,Davisville
8933,Aaron,South Michaelstad
8934,Gregory,Myersmouth
8935,Lisa,North Johntown
8936,David,Valenzuelaburgh
8937,Sara,West Michaelport
8938,Cheyenne,Onealville
8939,Stanley,Westbury
8940,Carolyn,East Jenna
8941,Stephanie,East Connieton
8942,Jonathan,Stewartton
8943,Jamie,East Matthewland
8944,Krystal,Jessicastad
8945,Scott,Williamston
8946,Heather,Lake Brittanyshire
8947,Ann,North Scottland
8948,Benjamin,Port Christina
8949,Brittany,West Megan
8950,Scott,Shannontown
8951,Charles,Barrettmouth
8952,Mark,Lake Terrence
8953,Benjamin,North Daniel
8954,Robert,Mooreview
8955,Sydney,West Feliciaport
8956,Juan,North Ericton
8957,Chad,Benjaminside
8958,Anna,Kellibury
8959,Mandy,Kleintown
8960,Carlos,East Debrahaven
8961,David,Martinburgh
8962,George,Jonesborough
8963,Jason,West Robertport
8964,Jeremy,Andrewfurt
8965,Robert,Rogerstad
8966,Andrew,Nicholemouth
8967,Johnny,Amandaborough
8968,Tyler,Port John
8969,Colleen,West Daniel
8970,Danielle,Hutchinsonport
8971,Duane,Port Thomasview
8972,Allen,North Kimberly
8973,Brittany,Brianberg
8974,Charles,Tylerfort
8975,Frances,Newmanchester
8976,Olivia,North Carlosland
8977,Tiffany,North Jessicaview
8978,Jose,Carlyberg
8979,Sandra,Stephenberg
8980,Robert,West Craig
8981,Chad,Williamview
8982,Monica,Washingtontown
8983,Douglas,Woodfort
8984,Maurice,New Laurenville
8985,Kristen,Hollyfort
8986,William,North Mallory
8987,Tim,Michelleside
8988,Joseph,Herreraborough
8989,Karen,Alanshire
8990,Oscar,Hoport
8991,Annette,Amberland
8992,Jamie,Cruzbury
8993,Brittany,North Meaganborough
8994,Randall,South Catherinemouth
8995,Gregory,East Daniel
8996,Stacey,Davismouth
8997,Carolyn,South Richard
8998,Krystal,South Arthur
8999,Joseph,Port Angela
9000,William,South Victorberg
9001,Adam,Dudleyfort
9002,Thomas,North Brian
9003,Phyllis,South Josephmouth
9004,Robin,Justintown
9005,Tina,West Jasonton
9006,Erica,Mcdonaldshire
9007,Jason,Patrickbury
9008,Jason,East Williamport
9009,Craig,East Brianbury
9010,Frank,Greenfurt
9011,Debra,Lake Maryborough
9012,Jeffrey,Port Donald
9013,Christopher,Carlosborough
9014,Erin,Lopezville
9015,Tyler,Nathanielville
9016,Dennis,North Amymouth
9017,Alexander,Johnsontown
9018,Sarah,Brittneyburgh
9019,Brandy,Davidland
9020,Kathleen,West Andrew
9021,Jose,Donnaburgh
9022,Amber,Port Andrewburgh
9023,Lindsay,Rickytown
9024,Kimberly,East Raymond
9025,Roger,Callahanberg
9026,Destiny,South Jonathan
9027,Jimmy,Wilsonland
9028,Wesley,Port Luke
9029,David,Port Ericaland
9030,Sheri,Heatherbury
9031,Jacob,South Johnchester
9032,Jennifer,Brendabury
9033,Susan,Port Daniel
9034,Kathryn,Carsonton
9035,Daniel,Carrmouth
9036,Jessica,Port Vincentberg
9037,Timothy,Port Charles
9038,Devin,Juanburgh
9039,Ariana,New Erin
9040,Diane,Holtfurt
9041,John,South Jon
9042,Sarah,North Patrickstad
9043,Diane,East Brian
9044,Megan,New Sandra
9045,Jenny,Floresmouth
9046,Cheryl,Lake John
9047,Matthew,Willisport
9048,Sandra,Dawnberg
9049,Toni,Riggshaven
9050,Robert,East Paulview
9051,Brian,Grantstad
9052,Timothy,Edwardstad
9053,Stephanie,New Lesliehaven
9054,Michelle,South Williamfort
9055,David,Port Ashley
9056,Jessica,West Christina
9057,Vicki,Jasonmouth
9058,Stephanie,New Patriciaburgh
9059,Amy,East John
9060,David,North Deborah
9061,Brianna,Monicaton
9062,Stephen,Port Madisonfurt
9063,Amy,Juliahaven
9064,Sara,South Karenland
9065,Christopher,Gibsonville
9066,Karen,Christianfurt
9067,Randy,Port Jasminborough
9068,Frank,Belindastad
9069,Robin,Port Jillville
9070,Katrina,Huangberg
9071,Tara,Joshuaburgh
9072,Jacob,South Carriefurt
9073,Timothy,Lake Christina
9074,Ryan,North Dawn
9075,Joshua,Mcclainfort
9076,Holly,West Megan
9077,John,Courtneyberg
9078,Jesse,Lake Markbury
9079,Kimberly,North Ianside
9080,James,West Elizabeth
9081,Deborah,Alexandramouth
9082,Joshua,Troychester
9083,Robert,North Angelashire
9084,Marvin,Hensonland
9085,Alan,North Zacharymouth
9086,Jeremiah,Wilsonside
9087,Debra,Simpsonmouth
9088,Megan,Justinhaven
9089,Brendan,New Tamaraview
9090,Angela,North Karen
9091,Jerry,Phillipsburgh
9092,Robert,West William
9093,Diana,North Aaronfurt
9094,Julie,Codyside
9095,Tyrone,West Jacob
9096,Ryan,Port Nancyhaven
9097,William,Port Joshuahaven
9098,Mathew,East Juanmouth
9099,James,Barbaramouth
9100,Stacey,Port Kevin
9101,Nicole,Spencerchester
9102,Robin,Riveratown
9103,Crystal,Meyerberg
9104,Lauren,East Charleston
9105,Jennifer,Boothburgh
9106,Scott,West Martinmouth
9107,Jeffrey,Seanville
9108,Jennifer,Robertsburgh
9109,Gregory,Ryanton
9110,Kathy,Cookmouth
9111,Erika,East Michael
9112,Amanda,Port James
9113,Lisa,Transtad
9114,Stacy,Lake Johnburgh
9115,Mark,New Nicholasfort
9116,Richard,Murphyhaven
9117,Allison,Allisonshire
9118,Stephen,Raymondview
9119,Joshua,North John
9120,Richard,Peterview
9121,Alyssa,Murraybury
9122,Alexander,Shawshire
9123,Todd,Warrenborough
9124,Dale,Bennettburgh
9125,Christopher,West Amanda
9126,Scott,North Thomasland
9127,Jonathan,Cynthiafurt
9128,Edwin,South Barbaraport
9129,Norma,Karenfurt
9130,Adam,Velazquezborough
9131,John,South Angela
9132,Michael,Nguyenchester
9133,Christopher,Stevenborough
9134,Joseph,Hutchinsonside
9135,Wendy,West Shawnmouth
9136,Edward,New Jeffrey
9137,Vincent,Lake April
9138,Wendy,Meltonfurt
9139,Mitchell,South Davidburgh
9140,Jessica,Alvarezview
9141,Russell,North Kimberlybury
9142,Douglas,Sabrinaview
9143,Dustin,Marybury
9144,Kevin,Marcberg
9145,Ralph,Mcbrideborough
9146,David,East Lauraburgh
9147,Ann,Danielshire
9148,Jeremy,East Larry
9149,Andrew,East Dennis
9150,Stephanie,Clarkburgh
9151,Natalie,Lake Ronald
9152,Jason,South Theresamouth
9153,Sarah,East Benjaminview
9154,Jacqueline,Port Raymond
9155,Mitchell,New Brent
9156,Roberta,Port Richardtown
9157,Wendy,Rebeccahaven
9158,Arthur,Hannahhaven
9159,Taylor,South Jeffreybury
9160,Jason,East Pennyland
9161,Allen,New David
9162,Ashley,Buckstad
9163,Kevin,Belindaport
9164,Samantha,Martinborough
9165,Isabel,Victoriatown
9166,David,East Jodiview
9167,Destiny,Thomaston
9168,Mark,Matthewbury
9169,Alexandra,Troyfurt
9170,Charles,West Raymondberg
9171,Keith,Lake Maureenshire
9172,Steven,East Jeffrey
9173,Mary,West Juliechester
9174,Robert,Brentport
9175,John,New Amandastad
9176,Elizabeth,North Oliviabury
9177,Shannon,Hughesshire
9178,Willie,Kirkport
9179,Paul,Port Brentchester
9180,Katie,Jessicamouth
9181,Kelly,Mitchellland
9182,Joshua,West Keithhaven
9183,Stacy,West Michael
9184,Blake,West Alexis
9185,Julie,Brandonstad
9186,Brittany,South Sean
9187,Henry,Helenfort
9188,Jose,Rogersmouth
9189,Victoria,North Rhondafort
9190,Jennifer,Amymouth
9191,Brett,East Denisemouth
9192,Bruce,Josephborough
9193,Joseph,North Grant
9194,Charles,East Anthonyburgh
9195,Jason,Friedmanburgh
9196,Erin,West Gail
9197,Emily,Jeremyside
9198,Scott,West Jessica
9199,Nicholas,Allenmouth
9200,Brendan,Charlestown
9201,Dawn,North Joshua
9202,Kayla,Gonzalezside
9203,Yesenia,Taylorshire
9204,Richard,Bryanthaven
9205,Thomas,New Tyler
9206,Cody,Patelfurt
9207,Brittany,North Samuelfort
9208,Corey,Darrenville
9209,Brittney,South Alexander
9210,Antonio,Jonesville
9211,Jeffrey,Berryburgh
9212,Nicholas,West Brenda
9213,Michael,Jacksonview
9214,Erica,Troymouth
9215,Todd,Jadehaven
9216,Stacey,Lake Davidhaven
9217,Robert,Cranefurt
9218,David,Amandashire
9219,Larry,Jenniferview
9220,Richard,Christineburgh
9221,Nicholas,Carneyshire
9222,Jacob,Ellisside
9223,Sydney,East Allisonville
9224,Charles,New Marc
9225,Susan,Valeriefort
9226,Brandon,South Katie
9227,Jennifer,Curryview
9228,Heather,North Susanville
9229,Heather,South Kelly
9230,Shannon,New Mark
9231,Karen,Lake Brandi
9232,Michele,Schwartzberg
9233,Thomas,Lake Allen
9234,Zachary,Ramoston
9235,Allen,Lake Cynthia
9236,Linda,Claudiafurt
9237,Brian,East Andrea
9238,Bailey,South Summerfort
9239,Victoria,Simonburgh
9240,Alexis,Wilkinsonstad
9241,Andrew,New Kelly
9242,Vicki,Parkerton
9243,Anna,Lake Seth
9244,Eric,Lake Jimhaven
9245,Benjamin,Cardenasbury
9246,Ian,Andersonside
9247,Bonnie,Amychester
9248,Michele,East Jamie
9249,Christopher,Mariamouth
9250,Kathleen,Scottport
9251,Jessica,Wolfemouth
9252,Brianna,Davidbury
9253,Paige,Webbmouth
9254,Charles,New Christopher
9255,Scott,Stephaniechester
9256,Kayla,North Benjamin
9257,Brian,Brittanyview
9258,Denise,Weaverland
9259,Jacob,South Holly
9260,Andrew,Port Travismouth
9261,Sean,Port James
9262,Lisa,New David
9263,Jesse,Smithside
9264,Fred,Angelafort
9265,Suzanne,East Jamesborough
9266,Joshua,Port Brett
9267,Susan,Castanedashire
9268,Frank,Parkview
9269,Charles,Burnston
9270,Anthony,West Loganburgh
9271,Oscar,Lake Davidhaven
9272,Dalton,Denisehaven
9273,Zachary,West Ginaland
9274,Casey,West Richard
9275,Janice,South Anna
9276,Erin,South Melinda
9277,Luis,Port Elizabethchester
9278,Sherry,South Catherine
9279,Jo,Sarashire
9280,James,South Colinborough
9281,Shawn,Frazierburgh
9282,Bobby,Lauraside
9283,Sarah,South Johnfort
9284,Patrick,Cindyville
9285,Vincent,Lake John
9286,Cody,Phillipside
9287,Robert,South Mallory
9288,Erik,Lake Alicia
9289,Michael,South Stephen
9290,Brittany,Robertshire
9291,Julia,Williamston
9292,Kevin,Rayside
9293,Catherine,Karenville
9294,Felicia,South Andrew
9295,Zachary,Lake Tylerbury
9296,Kristin,North Jodyfurt
9297,Justin,Davisside
9298,Dwayne,East James
9299,Marcia,South Jennifer
9300,John,East Lisa
9301,Alyssa,New Melanie
9302,Jessica,North Lydiatown
9303,Kevin,Natashaview
9304,Michael,South Hannah
9305,Molly,North Richard
9306,Erin,Danielshire
9307,Clarence,Jonathanport
9308,Patricia,Lake Johnview
9309,Maria,Brandonview
9310,Rodney,South Pamela
9311,Joel,Douglasbury
9312,Peter,North Theresastad
9313,Maria,Saramouth
9314,Brent,Vargasville
9315,Donald,South Elizabeth
9316,Patrick,Floreshaven
9317,Joy,Port Kendra
9318,Ernest,East Sallychester
9319,Eric,Ruthberg
9320,Emily,Lake Judy
9321,Amy,Kellerview
9322,Patricia,Wendyton
9323,Joshua,South Amanda
9324,Nicole,Lake Thomas
9325,Stephen,Reedmouth
9326,Chris,Robertotown
9327,Nicole,South Laura
9328,Kenneth,Mooreberg
9329,Jeanne,Josephhaven
9330,Cynthia,New Kathryn
9331,Kelly,Mckinneymouth
9332,Mary,Wilsonchester
9333,David,East Danielleville
9334,Todd,Johnnyside
9335,Christina,West Elizabeth
9336,Nicole,Reginaborough
9337,James,New Zachary
9338,Michael,Waltersfurt
9339,Ronald,East Sandra
9340,Suzanne,New Connor
9341,Elizabeth,Jamesview
9342,Kayla,Emilyshire
9343,Nancy,Lake Anna
9344,Rachel,Deborahtown
9345,Michelle,Randallside
9346,Steven,East Dennis
9347,Andrea,North Samuel
9348,Susan,Mendozashire
9349,Alicia,North Leslie
9350,Walter,Lake Ethan
9351,Laura,South Billyville
9352,Joshua,South Stephen
9353,Traci,Brookeport
9354,Benjamin,Taylorbury
9355,Anna,Maryport
9356,Daniel,Cindyfurt
9357,Shelly,Perrystad
9358,Omar,Jeremyburgh
9359,Deborah,Vasquezfurt
9360,Thomas,Wendyland
9361,Jaime,Robbinsborough
9362,Laura,West Juanside
9363,Donald,Caitlinview
9364,Mark,North Ashleyview
9365,Jacob,Raymondland
9366,Leslie,West Kendra
9367,Patrick,Evansborough
9368,Raymond,Simsborough
9369,Holly,Garnerton
9370,Shawn,New Josephborough
9371,Rachel,New Scottborough
9372,Timothy,South William
9373,Ashley,Holmesbury
9374,John,North Ericfurt
9375,Tiffany,Harriston
9376,Debra,North Derek
9377,Samuel,East William
9378,Ryan,Bradfordmouth
9379,Kelly,Jasonstad
9380,Allen,East Daisy
9381,Madison,Lake Elizabeth
9382,Bradley,South Crystal
9383,Julie,North Troyhaven
9384,Brandon,East Ronniefurt
9385,Ryan,Port Dustin
9386,Melissa,Lake Angela
9387,Alexander,West Stephaniechester
9388,Daryl,South Samanthaburgh
9389,Tanya,West Benjaminshire
9390,Nicholas,Garciatown
9391,Eric,East Kellyberg
9392,Joanna,Dianaville
9393,Rose,New Timothy
9394,John,South Brandonchester
9395,David,New Laurie
9396,Steven,Leeview
9397,Joseph,West Stevenmouth
9398,Kimberly,Graymouth
9399,Cheryl,Smithport
9400,Sherry,Port Christopher
9401,Barry,East Joseph
9402,Stephanie,Shawnville
9403,Chloe,Johnathanville
9404,Amanda,New Katelyntown
9405,Kathryn,Coreytown
9406,Charles,North James
9407,Ryan,Brandonport
9408,Kimberly,Christopherside
9409,Michael,Port Christianborough
9410,James,North Jeremiah
9411,Sarah,East Bianca
9412,Tommy,South Suzanne
9413,John,West Maria
9414,Brad,South Timothy
9415,Lance,Josephton
9416,Erin,Chaseside
9417,Ricky,Kimberlyberg
9418,Timothy,South Melanie
9419,Benjamin,Johnhaven
9420,Michaela,Lake Jeffreyshire
9421,Terri,Thompsonbury
9422,Carl,North Melissa
9423,Stephen,West Diana
9424,Julie,Gonzalezfurt
9425,Nathan,Lake Andrea
9426,Nicholas,Lake Jackson
9427,Kyle,East Calebberg
9428,Tommy,Port John
9429,Stanley,North Nicholasside
9430,Rebecca,Lake Tammyburgh
9431,Justin,Shawnfort
9432,Kayla,Jacksonmouth
9433,Timothy,East Tina
9434,Christian,Moranmouth
9435,Christy,Chanstad
9436,Amy,Lake Megan
9437,Jennifer,East John
9438,Heidi,South Gabriella
9439,Robert,Lunafurt
9440,Kevin,Tracyside
9441,Barry,West Robert
9442,Scott,Danielmouth
9443,Adam,Lake Michaelport
9444,George,Conwayport
9445,Heather,West Richard
9446,Anthony,North Patriciachester
9447,Maria,Blakemouth
9448,Nicole,Costamouth
9449,Kim,Martinezton
9450,Alicia,New Jasminestad
9451,Brandon,Raymondton
9452,Cheryl,Sharonland
9453,Joseph,Lake Scottmouth
9454,Timothy,Jessebury
9455,Johnathan,Susanmouth
9456,Jasmine,East Richardchester
9457,David,East Theresamouth
9458,David,South Christopher
9459,Thomas,Shawhaven
9460,Hector,New Lindseymouth
9461,Susan,New Andrew
9462,Jeremy,Davischester
9463,Logan,West Tinamouth
9464,Annette,West Johnhaven
9465,Brian,Sharpberg
9466,Morgan,Curtisville
9467,Michael,Owensland
9468,Keith,Port Kristin
9469,Joann,Traviston
9470,David,Port Kevinborough
9471,Daniel,North Juliaport
9472,David,Lake Annafurt
9473,Sarah,Hillton
9474,Sarah,West Brian
9475,Carolyn,Watsonland
9476,Isaac,Port Jeffrey
9477,Alejandro,North Joshua
9478,Christina,East Brittneybury
9479,Brooke,New Brian
9480,Lauren,Simsstad
9481,Gary,Port Jonathan
9482,Julie,East Robert
9483,Kathleen,Lake Ross
9484,Zachary,New Chelseaview
9485,Timothy,Lake Jodi
9486,Daniel,Shannonview
9487,Lisa,South Annabury
9488,Susan,North Edwardton
9489,Toni,Gilberthaven
9490,Keith,New Tracymouth
9491,Brandy,West Kirstenville
9492,Jay,Vincenttown
9493,Bradley,Caldwellland
9494,Kenneth,East Jason
9495,Jacqueline,New Jasonberg
9496,Frederick,South James
9497,Erika,Carlosmouth
9498,Christopher,Gardnerchester
9499,Rebecca,Andrewland
9500,Jon,East Heather
9501,Julie,Lake Sarahland
9502,Christine,Ruthfurt
9503,Anne,Gonzalesmouth
9504,Mary,South Tiffanystad
9505,Wendy,Beltranfurt
9506,Anna,South Cynthia
9507,Sharon,Castilloborough
9508,Cynthia,Cookberg
9509,Michael,Victorton
9510,Jessica,Lewisside
9511,Zachary,Chadshire
9512,Sarah,Andradeshire
9513,Joel,New Jillhaven
9514,Tina,Lake Christinaborough
9515,John,East Brittany
9516,Dennis,Wrightborough
9517,Jessica,North Teresaview
9518,Bonnie,Sarahberg
9519,Andrew,Robinberg
9520,Cindy,Natashafort
9521,Alexis,New Stephenburgh
9522,Carrie,East James
9523,Mary,New Grant
9524,Shelby,Coxfurt
9525,Joseph,South Kelseyside
9526,Misty,Lake Martha
9527,Nicole,East Catherinestad
9528,Amanda,West Teresa
9529,Christopher,West Craighaven
9530,Kimberly,Port Robert
9531,Jerry,Victoriashire
9532,Cheryl,Richardsberg
9533,Jason,South Christophershire
9534,Jerry,South Philip
9535,Lauren,New Kristinaton
9536,Adam,South Edwardmouth
9537,Stephanie,Bowentown
9538,Leslie,Port Alexandra
9539,Alicia,Heatherton
9540,Tonya,North Christopherland
9541,Samantha,Port Danielletown
9542,Debra,Aliciaborough
9543,Christopher,New Holly
9544,Dana,Lutzfurt
9545,Catherine,Debramouth
9546,Todd,Elizabethmouth
9547,Shelby,Whitechester
9548,Jennifer,Hodgeborough
9549,Patrick,West Richardstad
9550,Wendy,Tabithafurt
9551,Jerry,Atkinstown
9552,Erin,South Ashleychester
9553,James,North Jenna
9554,Nathan,Blairtown
9555,Susan,South Raymond
9556,Elizabeth,South Benjamin
9557,Timothy,Lake Kellyshire
9558,Robert,Wadefort
9559,Stephanie,South Kenneth
9560,Maria,New Seanville
9561,John,Angelafort
9562,Erin,Amytown
9563,Rebecca,Randolphberg
9564,Rhonda,Feliciaburgh
9565,Lisa,Thomasstad
9566,Alan,Lake Lindamouth
9567,Brian,East Frederick
9568,Jack,Crystalside
9569,Kimberly,Katherineshire
9570,Mary,Howardville
9571,Alexandra,East Robertland
9572,Michael,Nicholston
9573,Christine,Veronicamouth
9574,Alex,Stevensfort
9575,Jennifer,Jasonberg
9576,Dana,Stephensonview
9577,Natalie,Lorraineland
9578,Daryl,Lake Karaberg
9579,Heather,Jonathanshire
9580,Jeffrey,Coreyfurt
9581,Elijah,East Jessica
9582,Margaret,Josephside
9583,Hector,Port Amanda
9584,Seth,New Amberview
9585,Darren,Port April
9586,Todd,Danielborough
9587,Thomas,East Matthewfort
9588,Jacob,East Jasonside
9589,Shelly,Kirkshire
9590,Joseph,West Richardberg
9591,Lisa,Angelaport
9592,Brian,North Carol
9593,Christopher,Pattonbury
9594,Adriana,Patrickburgh
9595,Valerie,Gonzalezview
9596,Joseph,East Bryanside
9597,Ryan,Hallburgh
9598,Timothy,Lake Teresa
9599,Erica,South Johnland
9600,Andrew,Lake Alexis
9601,Jennifer,West Elizabeth
9602,Holly,New Garrett
9603,Nicolas,Faulknerton
9604,Jesse,Beckfort
9605,Andrew,New Peterborough
9606,Daniel,Garyhaven
9607,David,Shannonfort
9608,Mackenzie,North Feliciastad
9609,Michael,East Abigailmouth
9610,Christopher,East Samantha
9611,Kimberly,West Daniel
9612,Kelly,Haroldchester
9613,Jill,Chaneyshire
9614,David,Erikville
9615,Joseph,Lake Timothy
9616,Bobby,West Brianmouth
9617,Scott,North Debra
9618,Debra,West Haley
9619,Joan,Valeriebury
9620,Elizabeth,Dannyborough
9621,Austin,South Katherine
9622,Katherine,Owenmouth
9623,Marcus,Joshuastad
9624,Tommy,North Samanthaside
9625,Mary,Lake Justin
9626,Michael,East Julie
9627,Jacqueline,South Allisonberg
9628,Charles,South Elizabeth
9629,Nicholas,Meganfurt
9630,Justin,South Melindastad
9631,Brian,Haystown
9632,Larry,East Daryl
9633,Greg,South Jerome
9634,Amanda,North Jillberg
9635,Cassidy,Jasonville
9636,Sara,Lake Jessicatown
9637,Dawn,West Raymondburgh
9638,Debra,Blakechester
9639,Kimberly,Christophertown
9640,Christina,Derekburgh
9641,Cody,Lake Julie
9642,Ashley,West Patrickhaven
9643,Daniel,West Donald
9644,Teresa,New Bruce
9645,Nathan,Ashleychester
9646,Sarah,Cruzmouth
9647,Marvin,Leachton
9648,Stacy,Ramirezton
9649,Amanda,Harperchester
9650,Elizabeth,Parsonsfurt
9651,Brandon,North Matthewville
9652,Timothy,Wellsstad
9653,Andrew,Nicholastown
9654,Holly,East Mark
9655,Jessica,New Dennis
9656,Nicholas,Port Charles
9657,Cristian,Lake Josephtown
9658,Danny,North Jorgeland
9659,Victor,Millerville
9660,Debra,West Kathryn
9661,John,Ayerschester
9662,Patricia,Johnhaven
9663,Cynthia,East Kayla
9664,Jamie,Hensonstad
9665,David,North Benjaminborough
9666,Renee,Richfort
9667,Shawn,East Angela
9668,Steven,Lake Bradley
9669,Angela,Port Angelastad
9670,Elizabeth,Charlesland
9671,Jeffery,Port Jason
9672,Krystal,South Cindymouth
9673,Crystal,North Gabrieltown
9674,Rachel,Taylormouth
9675,Julie,Michaelland
9676,Melanie,Jacksonbury
9677,Ricky,Hinesland
9678,Kimberly,Mckinneyview
9679,Sandra,New Teresa
9680,Jessica,Wrightbury
9681,Heather,Lake Devintown
9682,Becky,North Katieton
9683,Rebecca,Lake Vincentport
9684,Brooke,West Maryhaven
9685,George,Youngport
9686,Dustin,Catherinefort
9687,Sheila,Port Bethany
9688,Monica,Lake Richard
9689,Wendy,South Robert
9690,Tracy,Velezland
9691,Natalie,Garystad
9692,Debbie,Valerieville
9693,Monique,Owensville
9694,Kaitlyn,Michaelberg
9695,Lisa,Lake Rebeccaview
9696,Desiree,New Andrea
9697,Justin,West Rebecca
9698,Brad,Campbellville
9699,Robert,Lake Jordan
9700,Stephanie,Lake Zachary
9701,Keith,New Elizabeth
9702,Christian,Richardmouth
9703,Mary,Stephensonbury
9704,William,Dorisbury
9705,Charles,Lake Michaelfort
9706,Judy,Jenniferberg
9707,Joseph,Lake Courtneytown
9708,John,New Juan
9709,Erin,Theresaview
9710,Michelle,Jonstad
9711,Lori,East Christymouth
9712,Margaret,East Stephanieside
9713,Sandra,Michaelberg
9714,Melanie,Seanport
9715,Roberto,South Scotthaven
9716,Maria,Lake Dwayneport
9717,Robert,Lake Billy
9718,Mark,West Ryanshire
9719,Christopher,Baldwinside
9720,Brett,South Michaelstad
9721,James,New Savannahshire
9722,Pamela,Jonesville
9723,Austin,Paulastad
9724,Michael,North Anthony
9725,Eric,South Anthony
9726,Diana,Michelemouth
9727,Dylan,West Carlaland
9728,Kathleen,Ryanstad
9729,Stacy,Elizabethfurt
9730,Steven,Joyfurt
9731,Blake,Hillbury
9732,Carol,New Adamton
9733,Mary,West Laura
9734,Jillian,Barneshaven
9735,Jeffery,East Christina
9736,Pamela,Stefaniehaven
9737,Lisa,Bryanside
9738,Earl,Lake Gary
9739,Charles,Lindseystad
9740,Tiffany,West Eric
9741,Nicholas,West Jerry
9742,Brandy,West Steven
9743,Matthew,South David
9744,Gary,Fieldsborough
9745,Allison,Kristinland
9746,Joshua,Abbottville
9747,Michelle,Fordberg
9748,Robert,Rollinsland
9749,Brenda,Brownville
9750,Roger,North Stephaniefurt
9751,Victoria,Adamsport
9752,David,Michellestad
9753,Abigail,Rodriguezstad
9754,Susan,North James
9755,Lisa,Danieltown
9756,Kenneth,Destinyville
9757,Mary,Matthewview
9758,Elizabeth,West Emilyton
9759,Christy,Millertown
9760,Victor,East Lucas
9761,Walter,Lake Arthurberg
9762,Michelle,Taylorville
9763,Heather,Lake Nicholasberg
9764,David,Port Davidberg
9765,Christina,Kevinville
9766,Charles,North Brianburgh
9767,Katherine,North Ariana
9768,Rachel,Reyesberg
9769,Nicholas,Paulmouth
9770,Alexandra,East Vanessa
9771,Jessica,New Johnchester
9772,Brandy,Christopherburgh
9773,Jennifer,Hughesville
9774,Nicole,North Georgefurt
9775,Tanya,West Rebecca
9776,Ronald,Lake Jodi
9777,Kelly,Port Debrabury
9778,Kathleen,Bowersland
9779,Alexander,Tammymouth
9780,Steven,Raymondview
9781,Paul,Margaretborough
9782,Rachel,Watsonport
9783,David,East Benjamintown
9784,Nathan,East Dana
9785,Ronald,Brettmouth
9786,John,Barretttown
9787,Steven,Davidfurt
9788,Jon,Yorkfurt
9789,Stephanie,New Hannahstad
9790,Juan,Lake Jessica
9791,James,New Paulshire
9792,Alison,North Raymond
9793,Dennis,Sarafort
9794,William,Kevinberg
9795,Suzanne,East Kellyhaven
9796,Tyler,North Mark
9797,Kendra,East Aaron
9798,Elizabeth,Baileybury
9799,Stephanie,Torresborough
9800,Valerie,South Allisonshire
9801,Steven,South Brittanyport
9802,Megan,Jocelynview
9803,Pamela,New Jonathanton
9804,Justin,Simmonsfurt
9805,Andrew,Sherryfort
9806,Steven,West Kevin
9807,Michael,East Amanda
9808,Richard,Hartmanborough
9809,Katie,Hernandezfort
9810,Crystal,Mathewsbury
9811,Laurie,Hicksport
9812,Carl,Priscillafurt
9813,Brian,Cookeport
9814,Kevin,Lauraburgh
9815,Stephen,Wrightland
9816,Joshua,Smallshire
9817,James,Smithhaven
9818,Trevor,Millsland
9819,Henry,Lake Heatherbury
9820,Jamie,Loganmouth
9821,Beverly,North Julieberg
9822,Kimberly,North Sherri
9823,Troy,Morganshire
9824,Michael,Humphreyshire
9825,Kevin,Gardnerfort
9826,Matthew,Lake Ashlee
9827,Travis,Crystalside
9828,Marcia,Meadowshaven
9829,Jody,Pettystad
9830,Olivia,West Zachary
9831,Sarah,Johnsonstad
9832,Craig,Bobbyborough
9833,Denise,Lake Troy
9834,Brittany,North Shirley
9835,Lori,Eddiefort
9836,Daniel,North Donna
9837,Leah,Forbesborough
9838,Michael,Deniseton
9839,Dustin,Kimberlyfurt
9840,Hunter,Andrewmouth
9841,Justin,East Scottbury
9842,Robert,Robertbury
9843,Laura,Port Ryan
9844,Amanda,Jessicaberg
9845,Theresa,Jenniferborough
9846,Jennifer,Middletonmouth
9847,Benjamin,North Ashleytown
9848,Sarah,Meadowsfort
9849,Crystal,South Jean
9850,Jessica,Johnmouth
9851,Paul,North Amandamouth
9852,Kimberly,New Jeremiahmouth
9853,Karen,Lake Anne
9854,Shannon,West Erik
9855,Mitchell,Baileymouth
9856,Erica,South Kenneth
9857,Timothy,West Richard
9858,Haley,South Linda
9859,Joseph,Ericbury
9860,Janice,Lake Lauren
9861,Kayla,Solisshire
9862,Stacy,East Frank
9863,Alexander,Frenchchester
9864,Hannah,Isaiahville
9865,Tiffany,West Mathew
9866,Kendra,West Robertstad
9867,Richard,West Luistown
9868,Frederick,Stephensside
9869,Ashley,Mcmillanton
9870,Mark,Millerborough
9871,Gary,Gonzalezview
9872,David,North Sharonhaven
9873,Justin,Thomaston
9874,Sarah,North Arthur
9875,Susan,Port Katrina
9876,Andrea,Lake Laurie
9877,Kelsey,East Thomas
9878,Roy,Bettybury
9879,James,Ashleyville
9880,Carolyn,Port Joestad
9881,Kristy,Nicholashaven
9882,Jennifer,East Aaron
9883,Catherine,Wilsonburgh
9884,Anna,Michaelbury
9885,Martin,East Emilyview
9886,Lisa,South Brentburgh
9887,Kayla,South Jamesmouth
9888,William,Lake Regina
9889,Troy,Rodriguezport
9890,Angelica,North Alicialand
9891,Robert,Silvahaven
9892,Kenneth,Mooreville
9893,Adriana,Port Scotthaven
9894,Brandon,Rhodeschester
9895,Regina,Ramseyberg
9896,Edward,East Feliciamouth
9897,April,Meadowsshire
9898,Eric,West Ruthfort
9899,Kenneth,North Jameston
9900,Kyle,Georgechester
9901,Joshua,Lake Aliciastad
9902,William,New Jonathan
9903,Kathy,Dannyport
9904,John,New Melissa
9905,Kristina,Adamsborough
9906,Anthony,Danieltown
9907,Heather,Jadetown
9908,Zachary,Johnstad
9909,Cody,West Coryhaven
9910,Patrick,Montoyachester
9911,Matthew,Travisside
9912,Sabrina,East Richard
9913,James,Lindaville
9914,Elizabeth,Shermanmouth
9915,Troy,New Steven
9916,Angela,West Mariaton
9917,Hannah,North Katherinebury
9918,Deborah,New Lisa
9919,Tina,South Bruce
9920,Deborah,Masonville
9921,William,Bryantport
9922,Joshua,Josephfort
9923,William,North Elizabethchester
9924,Caitlyn,Padillabury
9925,Laura,Lauraside
9926,Tyler,Lake Taylorburgh
9927,Russell,Woodsstad
9928,Sarah,Josephville
9929,Jessica,Meganland
9930,Shelly,North Jordanland
9931,Joseph,Maryberg
9932,Renee,Lake Melinda
9933,Michael,Morrisonland
9934,Tyrone,Rodriguezton
9935,Nathan,Morrowchester
9936,Robert,South Christian
9937,Roger,North Alfred
9938,Steven,South Robert
9939,Michael,Amberville
9940,Leslie,South Anitaton
9941,Adam,Knappberg
9942,Jesse,Phillipsport
9943,Angela,South Daniel
9944,Selena,South Brandy
9945,Melinda,Daltonhaven
9946,Courtney,Laurachester
9947,Jonathan,New Thomas
9948,Susan,Timothyfort
9949,John,Maryfort
9950,Victoria,Thomasstad
9951,Justin,Hillfurt
9952,Ashley,Elizabethview
9953,Brittany,Katherinechester
9954,Sharon,South Jamesville
9955,Cole,New Nicholasshire
9956,Anna,Lake Cameron
9957,Dana,New Ronaldberg
9958,Renee,South Stephanie
9959,Joseph,Youngmouth
9960,Bradley,East Jacquelineport
9961,Kevin,Jarvisview
9962,Glenda,Pattersonchester
9963,Frank,Port Rhonda
9964,Nicholas,New Christinechester
9965,Brandon,Carolynview
9966,Courtney,South Jack
9967,Meagan,Jeffreyfort
9968,Dean,Port Kimberly
9969,Brent,Tiffanyfurt
9970,Lisa,New Christopher
9971,Jessica,Davenporthaven
9972,Keith,Port Benjamin
9973,Theresa,New Sarah
9974,Tiffany,Port Cassandra
9975,Christopher,Lake Willie
9976,Ryan,Clarkport
9977,Jasmine,Jensenberg
9978,Christopher,South Andrewton
9979,Alexis,Watsonhaven
9980,Tammy,West Amber
9981,Jason,Brownville
9982,Robert,North Joshua
9983,Traci,South Kevinbury
9984,John,Danielside
9985,Alisha,Bushville
9986,John,Adamsport
9987,Clayton,Wilsontown
9988,Rhonda,South Deborahchester
9989,Daniel,Wheelerville
9990,Erin,South Christy
9991,Marissa,Ortizchester
9992,Thomas,East Gregory
9993,Lisa,East Ashleytown
9994,Kristi,Johnhaven
9995,David,Martinmouth
9996,Mary,New Brian
9997,John,South Christinamouth
9998,Jasmine,Peggyberg
9999,Rachael,Wesleymouth
10000,Deborah,Victoriachester
10001,Gregory,Tracyview
10002,Bailey,West Christineland
10003,Thomas,Amberburgh
10004,Derrick,Lake Jessica
10005,Brian,Cynthiaport
10006,Andrew,Monicaberg
10007,Christina,East Jeremy
10008,Ashley,Lake Sean
10009,Glenda,Bryanhaven
10010,Carmen,South Josephshire
10011,Jennifer,East Scott
10012,Karen,Fernandochester
10013,Danielle,Georgeton
10014,Leslie,Millerhaven
10015,Kimberly,New Heidi
10016,Julia,New Patricia
10017,Virginia,Kimberlyfurt
10018,Lacey,New Rebecca
10019,Charles,Dennisburgh
10020,Timothy,East Yolandamouth
10021,Eric,Marissaberg
10022,Todd,Hollyhaven
10023,Patrick,Browningport
10024,Patricia,Jessicatown
10025,Douglas,Grahammouth
10026,Zachary,Lake Jessicaside
10027,Samantha,West Justin
10028,Brittany,Ruizland
10029,Kevin,Williamsbury
10030,Ashley,Grahamview
10031,Anthony,North Shannonhaven
10032,Cody,New Tiffanyburgh
10033,Austin,Lake Regina
10034,Jermaine,Sawyerburgh
10035,Jennifer,Kariburgh
10036,Kara,Maloneland
10037,Joshua,Simmonsside
10038,Mark,Robertside
10039,Katelyn,Maciasburgh
10040,Gina,Craigville
10041,Anthony,South Jessica
10042,Darryl,Jonathanmouth
10043,Kari,Kennethbury
10044,Justin,Johnsonland
10045,Jamie,East Adrianberg
10046,Nathan,East Rachelview
10047,Anna,Arnoldburgh
10048,Donald,Lake Johnton
10049,Janice,Markshaven
10050,Marco,Johnside
10051,Christina,New Patriciaberg
10052,April,South Brianna
10053,Mary,East Albert
10054,Jacob,South Tiffanyburgh
10055,Annette,Glendafort
10056,Dawn,North Brian
10057,Nicholas,Jasminestad
10058,Michael,Stephanieshire
10059,Alexander,Jonesport
10060,Brenda,Dakotamouth
10061,Benjamin,South Sarahport
10062,Michael,Lake Ryan
10063,Justin,Walkerville
10064,Michael,Riceborough
10065,Kevin,Richardhaven
10066,Cynthia,Lake Nicole
10067,Laura,Port Williamfort
10068,Kenneth,New Matthewbury
10069,William,Loganchester
10070,Kara,Thomasburgh
10071,Timothy,Markbury
10072,Charles,Brandiview
10073,Austin,Lake Jenniferchester
10074,Traci,East Alexis
10075,William,East Dana
10076,Robert,Fosterstad
10077,Jasmin,Davisbury
10078,Latoya,Michaelchester
10079,Madeline,Port Jonathanland
10080,Danielle,South Katherine
10081,Robert,North Elizabethberg
10082,Candace,East Michaelfurt
10083,Priscilla,Rodriguezfort
10084,William,Whitneychester
10085,Robin,North Warrenport
10086,David,East Ryanborough
10087,Amanda,New Stephenfurt
10088,Shari,Charlesburgh
10089,Gregory,Patelport
10090,George,Chloemouth
10091,Jean,Robertberg
10092,Tracy,Lake Ana
10093,Taylor,Garciastad
10094,Stanley,North Brittany
10095,Dawn,Sullivanfort
10096,Kathryn,East Trevor
10097,Brenda,Makaylabury
10098,Kathleen,West Scottberg
10099,Anthony,Amandaton
10100,Jared,Walterton
10101,Kenneth,Jacksonside
10102,Desiree,Port Elizabethville
10103,Jamie,Beanberg
10104,Daniel,Christophershire
10105,Christian,Kimville
10106,Jennifer,Port Amymouth
10107,Michael,Millerview
10108,Pamela,Gomezburgh
10109,Haley,New Sara
10110,Devon,New Melody
10111,Lauren,West Sarah
10112,Michael,New Jillmouth
10113,Charles,South Stephanie
10114,Jessica,East Feliciatown
10115,Timothy,North Kristen
10116,April,Port Gregoryton
10117,Jared,North Shane
10118,John,East Brittany
10119,Amber,Lake Williamfort
10120,Robert,Charlesmouth
10121,Haley,Reginaberg
10122,Bradley,New Erin
10123,Emily,South Amandastad
10124,Craig,Lake Linda
10125,Crystal,Sandersport
10126,Laura,Port Jeremymouth
10127,Thomas,Valenciatown
10128,Henry,Ericside
10129,Laura,Wrightton
10130,Diane,Thorntonfurt
10131,Brian,East Ernest
10132,Jaime,North Victoria
10133,Nicole,Crystalchester
10134,Michael,South Melinda
10135,Maria,Lake Johnton
10136,William,Lake Thomasfort
10137,George,Lyonsmouth
10138,Preston,Johnborough
10139,Frank,New Sarah
10140,Heather,Cynthiabury
10141,Thomas,Brittneyfort
10142,Tyler,Whiteburgh
10143,Tiffany,Port Amy
10144,Richard,Richardton
10145,Robert,South Karenville
10146,Kelly,Danielleberg
10147,Alyssa,New Lorimouth
10148,Jessica,Thompsonborough
10149,Samantha,Brucechester
10150,Natalie,South Carlside
10151,Diana,Joyceburgh
10152,Daniel,Tiffanyville
10153,Steven,West Ericastad
10154,Anthony,Robertmouth
10155,Barbara,Charleshaven
10156,Vanessa,New Ronnie
10157,Stephen,Parrishland
10158,Timothy,Port Maryside
10159,Erik,East Rachel
10160,Morgan,South Saraton
10161,Henry,South Raymond
10162,Michael,Michaelchester
10163,Danielle,South Eduardo
10164,Andrea,East Adrienneview
10165,Elizabeth,Port Christine
10166,Jeffrey,Smithfort
10167,David,West Tami
10168,Scott,Christopherside
10169,Douglas,Hebertborough
10170,Courtney,West Elizabeth
10171,Richard,North Charlottestad
10172,Tanya,North Robert
10173,Christopher,Snyderland
10174,Kelly,East Thomasberg
10175,Ashlee,Jameshaven
10176,Jeffrey,Boydborough
10177,Kendra,Lake Jeanette
10178,Dustin,North Lydiaville
10179,Tara,Howellhaven
10180,Carolyn,Port Bridgetton
10181,John,Billystad
10182,Kimberly,Smithburgh
10183,Raymond,Perezview
10184,Andre,Lake Cassidymouth
10185,Bonnie,Harperborough
10186,Blake,Sandersborough
10187,Joseph,New Mistyton
10188,Kathleen,New Lauren
10189,Alexander,Christinemouth
10190,Adriana,New Jasonville
10191,Jessica,New Jeffreyside
10192,Charles,East Kathryn
10193,Mindy,Floresburgh
10194,Sheila,Chrisstad
10195,Michael,Richardport
10196,Keith,Willieton
10197,Andrew,South Joseph
10198,Troy,Hughesbury
10199,Connie,South Nathan
10200,Ryan,Thomasberg
10201,Brian,South Joseph
10202,Andrea,Thomasview
10203,Megan,West Brent
10204,Todd,Randybury
10205,John,South James
10206,Kenneth,West Kayla
10207,Sophia,Port Joshuabury
10208,Lisa,Stonebury
10209,Kimberly,Petersonfort
10210,Angela,Port Ryanburgh
10211,Aaron,Fisherton
10212,Elizabeth,Schultzshire
10213,Wendy,Timothyshire
10214,Jacob,Port Edgarburgh
10215,Jay,Port Danielstad
10216,Sydney,Drakeside
10217,Haley,New Courtneyville
10218,Chris,Palmerstad
10219,Sydney,Rodrigueztown
10220,William,Port Edward
10221,Tracy,Morenomouth
10222,Sara,North Angelaview
10223,Daniel,South Larry
10224,Timothy,Davisville
10225,Judith,Simmonsmouth
10226,James,Port Aaron
10227,William,North Jenniferstad
10228,Veronica,West Joanne
10229,Amber,North Wendy
10230,Barbara,North Royton
10231,Anthony,Wilsonchester
10232,Tracy,Ewingville
10233,Katie,Lopezhaven
10234,Adrian,Isabelville
10235,Marie,Port Jared
10236,Matthew,South Carlmouth
10237,Juan,Holtstad
10238,Crystal,Lake Donald
10239,Scott,East Jeffery
10240,Justin,Chaveztown
10241,Amy,Taylorside
10242,Manuel,Lake Victor
10243,Kathryn,Cookport
10244,Linda,Port Melissafort
10245,Jamie,Brandonton
10246,Ronald,Port Kimberlyport
10247,Jacqueline,Mckeeburgh
10248,April,Gutierrezport
10249,Robert,West Steven
10250,Monica,North Lori
10251,Monica,Carrside
10252,Dillon,North Natalie
10253,Shirley,Rachaelside
10254,Melissa,Karenport
10255,John,Port Jonathanstad
10256,Caitlin,East Tommyville
10257,Carl,Nathanton
10258,Daniel,West Jessicahaven
10259,Michelle,Johnchester
10260,Andrew,Port Gwendolyn
10261,Patricia,Nguyenborough
10262,Brittany,Port Katelyn
10263,Linda,Lambertview
10264,Antonio,Josephmouth
10265,David,West Debbieburgh
10266,Erica,North Brandon
10267,Alexis,Scottfurt
10268,Andrew,North Stevenberg
10269,Sean,Leefort
10270,Christine,Port Michelle
10271,Savannah,Hoodport
10272,Donna,Ashleyside
10273,Angela,East Marilyn
10274,Jonathan,Brownfurt
10275,Shirley,East Jacobmouth
10276,Anne,Campbellborough
10277,Alexis,South Francisfort
10278,Katherine,Frostville
10279,Ryan,Cherylshire
10280,Amber,North Patrick
10281,Alexander,New Benjaminberg
10282,Tyler,New Hectorfort
10283,Sandra,West Kelly
10284,Gabriel,North Joann
10285,Nancy,Lake Jonathan
10286,Dan,East Steven
10287,Jonathan,Schmidtberg
10288,Amy,Lake Lisaton
10289,Robert,Graymouth
10290,Anthony,New Barrymouth
10291,Angela,Charlesville
10292,Amanda,South Thomasshire
10293,Nicole,Mckinneyport
10294,Jennifer,South Andrea
10295,Nancy,New Jasonmouth
10296,Lauren,Port Robertohaven
10297,Jeremy,Port Oscarbury
10298,Brooke,New Brianshire
10299,Carrie,East Nicholasfurt
10300,Mark,Rebeccaport
10301,Paul,Leeburgh
10302,Chelsey,East Katrina
10303,Christopher,South Leahfort
10304,Nicholas,West Paulbury
10305,Crystal,Lake Sandraberg
10306,Sue,Sanchezborough
10307,Justin,North Kristin
10308,Kenneth,North Jenniferhaven
10309,Donna,Danielfort
10310,Debbie,Camachoshire
10311,Alejandro,New Walter
10312,Patricia,Bakerville
10313,John,East Staceyton
10314,Lindsey,Deniseshire
10315,Paul,Lorrainemouth
10316,Amy,Port Nicoleport
10317,Danielle,Estradaland
10318,Christina,Port Lauraland
10319,Robert,Reynoldsland
10320,Rhonda,South Michael
10321,Micheal,West Kimberly
10322,John,East Patrick
10323,Bonnie,Pricebury
10324,Kelly,Jamesbury
10325,Eric,Walterside
10326,Chelsea,Ricardoton
10327,Marie,Jarvisberg
10328,Kimberly,Lake Robert
10329,Richard,Lake Mary
10330,Penny,Mckeeton
10331,Sara,East Jeanetteland
10332,Tiffany,Lauraborough
10333,Joshua,New Samanthafort
10334,Steven,East Laurenport
10335,Kimberly,Smithberg
10336,Jacqueline,Warnershire
10337,James,Douglasbury
10338,Heather,Port Keith
10339,Melissa,New Johnshire
10340,Charles,Andrewfort
10341,Daniel,Port Katherineport
10342,James,Millsshire
10343,Whitney,Lake Carolynfort
10344,Joshua,Matthewborough
10345,Brittany,Tiffanymouth
10346,Christopher,Brianside
10347,Ebony,Floydville
10348,Kaitlyn,Lesliechester
10349,Cathy,Lake Lisaberg
10350,Stacy,Jordanland
10351,Michele,Melissafurt
10352,James,Morganhaven
10353,Jessica,Johnsonfort
10354,Benjamin,Michelleport
10355,Elizabeth,Port Dawn
10356,Candice,West Mark
10357,Tiffany,Lisafurt
10358,Barbara,New Scotttown
10359,Jose,Tinaville
10360,Bobby,Lawrencefurt
10361,Jacqueline,Lake Anthonychester
10362,Kevin,Lake Linda
10363,Christina,Davidfort
10364,Howard,North Ashleybury
10365,Maria,Smithburgh
10366,Dustin,Patelville
10367,Carolyn,Carrietown
10368,Steven,North Sherrytown
10369,Richard,New Matthewhaven
10370,Erica,New Cynthia
10371,Joseph,Port Tony
10372,William,West Brenda
10373,Jennifer,Jenniferborough
10374,Donald,Gomezland
10375,Tracy,New Jacobmouth
10376,David,Hernandezchester
10377,Richard,New Richardton
10378,Richard,Lake Joseph
10379,Lisa,South Kyle
10380,Lori,Cookstad
10381,Rachael,New Christina
10382,Michele,Stewartshire
10383,Albert,New Loriburgh
10384,Kristin,Glendaburgh
10385,John,North Kennethville
10386,Richard,Port Brittanyshire
10387,Blake,South Steve
10388,Justin,Fieldschester
10389,Elizabeth,Richardsonton
10390,Kim,East Ashleyberg
10391,Joseph,West Lisa
10392,Traci,Port Brian
10393,Rhonda,Perezview
10394,Tyler,Turnerchester
10395,Matthew,Evanstad
10396,Corey,Leeton
10397,Nicholas,North Dean
10398,Melinda,Bartonland
10399,Haley,Stevemouth
10400,Matthew,East Loriview
10401,Sheila,Lake Jerryfort
10402,Joyce,Lake Mark
10403,Christopher,South Jessicashire
10404,Justin,Scottton
10405,Elizabeth,East Lauren
10406,Diana,East Anthonyport
10407,Natasha,South Brandon
10408,James,West Colleen
10409,Katie,Ramirezborough
10410,Gail,Christopherton
10411,Dawn,Rachelside
10412,Cynthia,East Andreachester
10413,Kevin,Port Johnmouth
10414,Stephanie,North Johnmouth
10415,Carla,New Melissa
10416,Jacob,Morganchester
10417,Mark,Baileymouth
10418,Evelyn,Dicksonton
10419,Kristen,Lake Kathyfurt
10420,Michelle,North Carolineberg
10421,Erica,East Karenville
10422,Jeffrey,East Matthew
10423,Tina,South Matthew
10424,Shawn,Smithville
10425,Brittney,West Stephanieburgh
10426,Calvin,West Tina
10427,Evan,East Timothystad
10428,Pedro,Port Thomasview
10429,Jennifer,Joshuaborough
10430,Regina,Woodwardshire
10431,Yvonne,New Devinchester
10432,Shannon,East Monicafort
10433,Joshua,Sanchezshire
10434,Scott,Thomasbury
10435,Scott,West Jonmouth
10436,April,Maryberg
10437,Samantha,Whitneytown
10438,Erica,Parkshire
10439,Angela,North Alexander
10440,Brenda,Christopherview
10441,Sandra,North Carrieview
10442,Joyce,Shawntown
10443,Jennifer,East Zacharystad
10444,Michael,Lake Michael
10445,Lisa,East Alexisport
10446,Stephanie,Shaunbury
10447,Mason,East Michaelside
10448,Elizabeth,Lake Danielberg
10449,Patrick,Tonyton
10450,Jason,Donnaland
10451,Rebecca,New Davidside
10452,Phillip,Velasquezfurt
10453,Danielle,Port Chad
10454,Kenneth,Port Michael
10455,Alicia,New Sierratown
10456,Robert,North Dennis
10457,Samuel,Russellport
10458,Jennifer,South Amy
10459,April,Donaldfort
10460,Tonya,Jonesmouth
10461,Michelle,Campbellmouth
10462,Tyler,Kristaburgh
10463,Alexis,Frazierland
10464,Joshua,Wallaceburgh
10465,Earl,Jacquelineport
10466,Andrew,Frazierville
10467,Adam,Barneshaven
10468,John,Andrewside
10469,Virginia,East Amystad
10470,Daniel,Fisherville
10471,Meredith,North Robertfort
10472,Sandra,East Sylvia
10473,David,Port Annaborough
10474,Lisa,West Joseph
10475,Charles,Tracytown
10476,William,East Angela
10477,Christopher,East Charles
10478,Robin,Loriville
10479,Susan,New Elizabethview
10480,Blake,Joneschester
10481,Rebekah,Edwinview
10482,Toni,North Meagan
10483,Jacob,Lake Austinville
10484,William,West Kevin
10485,Patricia,East Kimberly
10486,Brian,East Kristenview
10487,April,New Karamouth
10488,Denise,Johnside
10489,Sonia,Port Allisonport
10490,Anthony,North Jamie
10491,Anthony,Sherrybury
10492,Margaret,West Ricardo
10493,Amanda,Port Robert
10494,Belinda,Prestonburgh
10495,Sean,Mooremouth
10496,Jody,Roberttown
10497,Christopher,Lesliestad
10498,Denise,Sethland
10499,Amber,Ronaldmouth
10500,Hannah,South Kaylee
10501,Karen,Jenniferville
10502,Grace,Amyville
10503,Stephanie,Perryfurt
10504,Andre,East Thomasfort
10505,Christopher,Bakerton
10506,James,South Heather
10507,Jamie,Port Johnberg
10508,Debbie,Burnston
10509,George,North Anne
10510,Gregory,New Scottmouth
10511,Lori,Pattersonshire
10512,Jerry,New Corey
10513,Jesse,Port Katherine
10514,Samuel,Cannontown
10515,Haley,Brendabury
10516,Juan,Holmesburgh
10517,Emily,Lake Kirstenbury
10518,Albert,Shepardport
10519,Michael,South Carrie
10520,Brandy,Lake Michael
10521,Austin,Port Jasonfort
10522,Alexander,Port Robinville
10523,Matthew,Pricehaven
10524,Kathleen,West Emilytown
10525,Beth,Port William
10526,Edward,New Denise
10527,Alan,East Kelseybury
10528,Meagan,Ericfurt
10529,Stacy,Owenbury
10530,Meghan,Greenstad
10531,James,Torresville
10532,Wayne,South Perry
10533,John,New Davidmouth
10534,Ashley,Lake Jared
10535,Rebecca,Aaronview
10536,Ryan,Suarezbury
10537,Rachel,East Peterborough
10538,Alan,Andrewview
10539,Latoya,New Danielberg
10540,Alexandra,Jessicaburgh
10541,Erica,Toddton
10542,Michael,Port Erica
10543,Terri,Franklinberg
10544,Daniel,Noahberg
10545,Mark,Snowland
10546,David,Cassandraview
10547,Melanie,Lake Ashley
10548,Shari,Kathleenview
10549,George,Dustinland
10550,Tonya,Lake Frank
10551,April,Port Lindseyberg
10552,Bobby,Owensstad
10553,Andrea,Lake Aaronstad
10554,Alexandra,Lauriestad
10555,Heather,Michaelville
10556,Steven,Port Sarahside
10557,Leslie,Curtisbury
10558,Christopher,Martinfort
10559,Robert,Glennstad
10560,Whitney,Mcclureport
10561,Andre,New Kelly
10562,Ashley,Port Joseton
10563,Nicole,East Dustinfurt
10564,Lisa,Lake Latashaport
10565,Monica,New Susanborough
10566,Megan,Daltonmouth
10567,Steven,Laneburgh
10568,Jennifer,North Annette
10569,Cynthia,West Kristinashire
10570,Jake,East Kimberlyberg
10571,Jennifer,South Natasha
10572,Jenna,New Jacksontown
10573,Janet,South Melissafort
10574,Keith,Christyborough
10575,Christopher,West Heather
10576,Rachel,Lake Denise
10577,Steven,Melissastad
10578,Dana,Lauraside
10579,Heather,West Michaelshire
10580,James,New Autumn
10581,Michael,West Joshua
10582,David,Lake Karen
10583,Jeffrey,Michaelbury
10584,Jennifer,North Charles
10585,Rebecca,Wilsontown
10586,Karen,East Victoriaview
10587,Jimmy,Lake Jamesfurt
10588,Anthony,Butlerfurt
10589,Brian,North Christopher
10590,Ashley,South Nicholaston
10591,Sarah,Martinhaven
10592,Deborah,South Davidborough
10593,Kayla,New Brandon
10594,Nicole,Lake Charlesshire
10595,Paula,North Randy
10596,Joshua,South Katie
10597,Suzanne,Josephberg
10598,Rebecca,Lake Juliehaven
10599,Charles,South Michael
10600,Lisa,Banksburgh
10601,Amber,New Ambermouth
10602,Jessica,New Davidmouth
10603,Stephen,West Deborahbury
10604,Sierra,South Amyside
10605,Joseph,Carterchester
10606,Victoria,Michelebury
10607,Jasmine,Port Christopher
10608,Charlotte,North Autumn
10609,Christopher,Dianeton
10610,Emily,Jamiebury
10611,Elizabeth,Collinsside
10612,Grace,Nelsonchester
10613,Keith,Port Jimmy
10614,Michael,North Natalieshire
10615,Wendy,West Stephanie
10616,Robert,North Jaimeland
10617,Randy,Reginaberg
10618,Todd,Carterburgh
10619,Jessica,Aaronville
10620,Jimmy,Martinview
10621,Joshua,North Robertfurt
10622,Thomas,North Jamesmouth
10623,Tina,Jessicamouth
10624,Veronica,Nunezport
10625,Thomas,South Patriciaview
10626,Henry,North Susan
10627,Evelyn,Kimberlyfurt
10628,Andrea,West Nicole
10629,Thomas,East Leahville
10630,David,New Chelsea
10631,Victoria,Brianhaven
10632,Keith,North Codyside
10633,Michael,South Alison
10634,Tammy,South Kristina
10635,Nicholas,Port Christianton
10636,Jennifer,East Brianbury
10637,Antonio,Reynoldsville
10638,Heidi,Lake Amber
10639,Christopher,Rebeccaborough
10640,Craig,Guyland
10641,Jessica,West Kimberly
10642,Elizabeth,Lake Alyssaport
10643,Tony,North Wanda
10644,Jacqueline,Brandyside
10645,Emma,Tinaton
10646,Jennifer,East Matthew
10647,Michael,Fosterport
10648,Jacqueline,East Elizabethland
10649,David,Paulport
10650,Samantha,Patrickmouth
10651,Michael,Charlottefort
10652,Tina,West Natalieshire
10653,Carlos,Russellton
10654,David,East Lisabury
10655,Tyler,Port Mary
10656,John,Kellyhaven
10657,Erika,Ellenshire
10658,Dominique,North Lori
10659,Patricia,East Garrettview
10660,Jeff,Matthewchester
10661,James,North Brandon
10662,Lee,Smithland
10663,Keith,Lake Vanessa
10664,Katrina,South Amberburgh
10665,Bryan,East Elaineberg
10666,Roberto,Ewingshire
10667,Zachary,East Kathleenchester
10668,Ray,Andrewborough
10669,Katherine,Port Jenna
10670,Anthony,East Linda
10671,David,Williamston
10672,Leslie,New Mariaton
10673,Patrick,South David
10674,Mercedes,Goodstad
10675,Jonathan,Wademouth
10676,Gina,New Joseph
10677,Jodi,New Catherine
10678,Joseph,Cannonton
10679,Theresa,West Kimberly
10680,Matthew,New Shanemouth
10681,Aaron,Christopherland
10682,Robert,Anthonymouth
10683,Susan,Davidchester
10684,Janice,Port Joy
10685,Eric,West Blake
10686,Cheryl,Nelsonfurt
10687,Nancy,South Ashleyberg
10688,Anthony,Michaelmouth
10689,Stacey,Port Nicoleborough
10690,Kelly,Lake Christinaside
10691,James,Callahanfort
10692,Joseph,Adamsshire
10693,Teresa,Fernandezton
10694,James,Watsonfurt
10695,Michael,Hansenberg
10696,Dale,Tuckershire
10697,Theodore,East Lawrenceborough
10698,Rebecca,Davidland
10699,Vanessa,North Jessicatown
10700,Thomas,Duranchester
10701,Samantha,Kellyburgh
10702,Alexander,Brownton
10703,Michael,Russellhaven
10704,Thomas,New Victoriaburgh
10705,Thomas,Bakertown
10706,Charles,Johnhaven
10707,Elizabeth,North John
10708,Dawn,Pachecomouth
10709,Kevin,Lake Josebury
10710,Brian,New Katiefort
10711,Parker,East Michael
10712,Jordan,Lake Robert
10713,Joshua,Haleland
10714,James,West John
10715,Kelly,Port Brittneyburgh
10716,Alexa,South Grantbury
10717,Andre,Lake Karenborough
10718,Stephanie,Port Jacquelinemouth
10719,Elaine,Matthewhaven
10720,Donna,Mariafort
10721,Debra,West Lori
10722,Cody,West Abigailborough
10723,David,Claudialand
10724,James,Jeremyfurt
10725,Jennifer,Allenhaven
10726,Cassandra,Allenville
10727,Teresa,East Michael
10728,Dennis,Port Victoria
10729,Gregory,Nelsontown
10730,Alan,Lake Ritaland
10731,Joseph,Deniseport
10732,William,Kiddchester
10733,Tara,Thomaston
10734,Robert,Serranotown
10735,Brandon,East Carolyn
10736,Jennifer,South Ashley
10737,Mark,New Ryan
10738,Catherine,Shawntown
10739,James,North Jose
10740,Tyrone,Brendaland
10741,Olivia,Blakefort
10742,Jill,Port Annettefort
10743,Mark,Allenton
10744,Paula,Floresstad
10745,Sarah,New Jessicaville
10746,Steven,Johnathanmouth
10747,Steven,Whiteside
10748,Elizabeth,Brendaborough
10749,Kevin,Matthewmouth
10750,Alexa,Lake Travis
10751,Michael,Cohenfort
10752,Michelle,New Whitney
10753,Robin,Castroport
10754,Linda,Lutzfurt
10755,Robin,Haleyport
10756,David,Reginaldside
10757,Alexandria,Nicoleborough
10758,Christopher,Conleytown
10759,Anita,Lake Heatherfurt
10760,Anthony,Johnmouth
10761,Rachel,Lake Danielle
10762,Brent,New Alexanderhaven
10763,Dennis,Lake Brandyberg
10764,Ashley,Riverafurt
10765,Kayla,Nicolefurt
10766,George,Port Michaelbury
10767,Victor,South Kayla
10768,Thomas,Collinsberg
10769,Theresa,Garciashire
10770,Laura,Kaylabury
10771,Jorge,Johnsontown
10772,Patricia,Port Rebecca
10773,William,Johnview
10774,Cody,Hoffmanbury
10775,Ashley,East Christianfort
10776,Sarah,Andreview
10777,Lauren,East Jefftown
10778,Joseph,East Jeremyhaven
10779,Mark,New Kimberly
10780,Mary,Crosston
10781,Eric,Martinland
10782,Benjamin,Shawnbury
10783,Sabrina,New Ana
10784,Jessica,Lake Ashley
10785,Crystal,North Jacobbury
10786,Henry,Port David
10787,Christopher,Donaldside
10788,Michael,Lake Rebeccaburgh
10789,Ronald,New Kylehaven
10790,Karen,South Justinside
10791,Daniel,Marshallshire
10792,Laurie,Jennifershire
10793,Rebecca,Carrollport
10794,William,Chelseaburgh
10795,Kaitlyn,West Yolanda
10796,Lori,East Haydenmouth
10797,Lisa,Mitchellland
10798,Mary,North Petertown
10799,Carrie,South Rickyfurt
10800,Robert,Andreaberg
10801,Aaron,Hintonview
10802,Richard,Port Jeffreytown
10803,Brian,Angelaborough
10804,Timothy,Blevinsfurt
10805,Jean,Port Derek
10806,Ana,North Andrewhaven
10807,Rachel,East Daniel
10808,Sherri,Bakerland
10809,Julie,South Michelleview
10810,Beverly,Jacobsville
10811,Melinda,New Donna
10812,Cody,Melissahaven
10813,John,Michaelfort
10814,Natalie,New Andreamouth
10815,John,Walterfurt
10816,Katherine,Johnton
10817,Tammy,Frankmouth
10818,Christopher,West Catherine
10819,Ashley,Lake Kennethfort
10820,Thomas,Tinaside
10821,Charles,Allenton
10822,Isaiah,New Morgan
10823,Adrian,Amyview
10824,Isaac,South Nathan
10825,Brandi,Catherinehaven
10826,Steven,South Kylebury
10827,Tiffany,West Michael
10828,Alexis,Webstermouth
10829,Jessica,Jacksonview
10830,Rebecca,Lake Bethany
10831,Gary,Juarezshire
10832,Deborah,Scottshire
10833,Justin,East Lindaton
10834,Madeline,Suarezshire
10835,Jessica,Jeremychester
10836,Jenna,West Brianchester
10837,Kevin,New Deborah
10838,Thomas,Annstad
10839,Luis,Michaelfurt
10840,Joseph,Port Taylor
10841,Jillian,Port Brian
10842,Matthew,New Patricia
10843,Thomas,Millerview
10844,Tiffany,Edwardsstad
10845,Michael,East Michellestad
10846,Joshua,Lake Brittanyport
10847,Nathaniel,New Kevinview
10848,Joan,Franklinberg
10849,Alejandro,Port Sean
10850,Kyle,West Kylestad
10851,Erica,Nancyshire
10852,Joshua,Prestonport
10853,April,North Vanessa
10854,Nicholas,West Diane
10855,Mary,Stewartborough
10856,Ronald,North Bernardmouth
10857,Rachel,Port Edwinfurt
10858,Tracey,Lake Josephmouth
10859,Jeffrey,Hermanton
10860,Jeffery,Port Scott
10861,Erin,Jadeland
10862,Rachel,New Jonathanland
10863,Laura,East Kevinchester
10864,Richard,Amandaside
10865,Samantha,Monicafurt
10866,Steven,Nguyentown
10867,Kevin,Brianberg
10868,Ryan,Susanstad
10869,Lisa,Port Wayne
10870,William,Figueroatown
10871,William,Kennethview
10872,Tiffany,Cynthiamouth
10873,Pamela,West Patrickfurt
10874,Brian,East Christineport
10875,Christopher,New Carrie
10876,John,Russellport
10877,Jack,North Louisfurt
10878,Monica,West Rachel
10879,Jesus,Port Jamesville
10880,Jody,East Jenniferbury
10881,Joshua,New Lesliemouth
10882,Bryce,Harveymouth
10883,Gabriel,Acostatown
10884,Aaron,Nashshire
10885,Tracey,Rebeccaport
10886,Jean,New Susanside
10887,Stephen,East Gregory
10888,Chelsea,New Kevinland
10889,Kelly,Lake Andrew
10890,Gregory,South Susanland
10891,James,North Jason
10892,Tammy,Piercebury
10893,Monica,Stevestad
10894,Jesse,Lesliefurt
10895,Laurie,West Marie
10896,Melissa,Jensenside
10897,John,Lake Alyssa
10898,Christopher,East Brian
10899,Julie,New Zacharyhaven
10900,Julia,South Melanie
10901,Richard,Port Benjamin
10902,Ian,West Andrea
10903,Anthony,Cynthiamouth
10904,Daniel,Jonesburgh
10905,Mary,South Tannermouth
10906,John,Crosbystad
10907,Kathleen,Josephchester
10908,Melissa,West Luis
10909,Natalie,East Kimberly
10910,Jody,Port Claudia
10911,Ricardo,Jessicaberg
10912,Rhonda,Seanville
10913,Kelly,North Michael
10914,Jaclyn,East Rachelchester
10915,Joshua,New Kevinview
10916,Nancy,Martinburgh
10917,Jose,New Emilyside
10918,Timothy,Lake Lisa
10919,Sean,Lorimouth
10920,John,Lake Robertville
10921,Tiffany,North Heatherville
10922,Antonio,Port Dillonburgh
10923,Michelle,Port William
10924,Taylor,Jacobhaven
10925,Renee,Daviston
10926,David,Sandersport
10927,Tommy,Williamside
10928,Victor,North Kathryn
10929,Gina,Haydenville
10930,Thomas,West Lisaview
10931,Natalie,Espinozaland
10932,Jenny,Bryanchester
10933,Michael,North Robert
10934,Denise,West Michael
10935,Linda,New Lucasborough
10936,Crystal,Lake Michael
10937,Joe,Masontown
10938,Lori,Peterburgh
10939,Denise,North Jessica
10940,Julie,Knighthaven
10941,Angela,Lake Nicholasshire
10942,Karen,Jacksonberg
10943,Lori,West Timothy
10944,Xavier,Port Rachelberg
10945,Derek,Martinport
10946,William,Angelafurt
10947,Christopher,Martintown
10948,Darrell,North Janet
10949,Jennifer,Priceview
10950,Karen,Gonzalezborough
10951,Jeffrey,East Anthonytown
10952,Charlotte,West Jacqueline
10953,Chelsea,Caseyberg
10954,Austin,North Krystal
10955,Deborah,Johnsonton
10956,Justin,Johntown
10957,John,Port John
10958,Eric,Charlesfurt
10959,Julia,Jimenezborough
10960,Victoria,West Saratown
10961,Michael,Port Johnview
10962,Rebecca,Lewisbury
10963,Michael,West Jeffrey
10964,Karen,Armstrongfurt
10965,Jennifer,Michelleview
10966,Sheri,Lake Thomas
10967,Martha,Port Lanceside
10968,Deborah,North Lawrenceshire
10969,Frances,North Jessica
10970,Larry,Chloehaven
10971,Barbara,Joyborough
10972,Allison,Garcialand
10973,Susan,West Toddchester
10974,Alejandro,East Lisastad
10975,Phillip,West Erinborough
10976,Madeline,Torresborough
10977,Brian,New Joycehaven
10978,Christopher,Johnsonmouth
10979,Kelly,North Brian
10980,Christine,Port Amy
10981,David,East Roger
10982,Pamela,New Benjamin
10983,Mitchell,Port Shaneport
10984,Steven,North Savannah
10985,Kellie,Michelleshire
10986,Kyle,South Glennton
10987,Chad,Carlsonshire
10988,Peter,Brettview
10989,Mason,Lake Jennifer
10990,Sharon,New Marc
10991,Henry,Jasonstad
10992,Andrew,Harrisfort
10993,Kimberly,Edwinfort
10994,Shane,Kyletown
10995,Stephen,Port Tammyberg
10996,Michael,West Paige
10997,Cheryl,Jamesbury
10998,Paul,Mcintoshside
10999,Shelly,Jerryfurt
11000,Tina,Douglasstad
11001,Mike,Millerburgh
11002,Elizabeth,Cranechester
11003,Steven,Frederickmouth
11004,Carlos,Lake Michellefort
11005,William,Jessicamouth
11006,Wesley,Brittneyton
11007,Kimberly,Lake Jessica
11008,Hannah,South Dustin
11009,Phillip,New Rachel
11010,Julie,Lake Michellemouth
11011,James,Michaelchester
11012,Desiree,South Deborahmouth
11013,Jerome,Jordanstad
11014,Mariah,Erikview
11015,Colleen,Mercerfort
11016,Ann,Waltersburgh
11017,Thomas,Port George
11018,Erica,Kevinport
11019,Andrea,South Tanya
11020,Linda,North Emilymouth
11021,Stephen,North David
11022,Stephanie,North Michael
11023,Keith,New Sydneyberg
11024,Katherine,North Victoria
11025,Christopher,Youngton
11026,Donna,Sparksfurt
11027,William,East Daltonchester
11028,Cynthia,Samanthaton
11029,James,Gardnerburgh
11030,Heather,Markton
11031,Brenda,West Frank
11032,Robert,South Lisastad
11033,John,West Michaelland
11034,Chelsea,West Kerri
11035,Meredith,Christianview
11036,Chad,Jimenezbury
11037,Ebony,North Jennastad
11038,Carla,South Mary
11039,Pamela,Ronaldmouth
11040,Marissa,Mooremouth
11041,Jodi,North Justin
11042,Gloria,West Leahville
11043,Julie,Kathrynfort
11044,Alexandria,Donaldchester
11045,Cory,New Thomas
11046,Heather,Port John
11047,Alyssa,Saraton
11048,Heather,South Anthony
11049,Kevin,Morganborough
11050,Steven,East Benjamin
11051,Austin,Lake Michaelmouth
11052,Donald,Bowmanfort
11053,Kevin,Cardenasfort
11054,Kendra,East Benjamin
11055,Allison,East Janicefurt
11056,Jonathan,South Shaneborough
11057,Kaitlyn,East Jameston
11058,Diane,Lake Bruce
11059,Craig,Morganland
11060,Brittany,North Brittanyview
11061,Amber,Katherinebury
11062,Connie,North Oliviashire
11063,David,Chambersbury
11064,Sheri,Laurashire
11065,Mackenzie,Hoffmanland
11066,Phillip,Lake Charlesview
11067,Eric,Ruizmouth
11068,Maria,South Theresamouth
11069,Ryan,Nortonshire
11070,Thomas,Albertfort
11071,Cheryl,North Kaitlyn
11072,Samuel,East Nicholas
11073,Martha,Port Jacob
11074,Kayla,Russellfort
11075,Jeffrey,Pamstad
11076,Tracie,Sandovalborough
11077,Ricardo,North Tammyburgh
11078,Shannon,Blankenshipberg
11079,Victoria,Lake Kelly
11080,Amanda,Jennifertown
11081,Diana,East Jessica
11082,Leah,North Melinda
11083,Tonya,East Davidport
11084,Ryan,Port Ronaldmouth
11085,Catherine,Cheyenneborough
11086,Courtney,Perezside
11087,Kristin,Carterville
11088,Andrew,Williamshaven
11089,Lindsay,New Rhondafort
11090,Stephanie,Grimesstad
11091,Gabriella,Millerborough
11092,William,West Chad
11093,Stacy,Shawnside
11094,Ashley,North Briana
11095,Timothy,South Sandraland
11096,Lauren,Gordonview
11097,Anthony,East Christopherberg
11098,Madison,North Courtneyborough
11099,Mary,Osbornbury
11100,Laura,Moorehaven
11101,Erin,New Rachelchester
11102,Maria,East Tonyville
11103,Robert,Port Taylorfurt
11104,Christopher,New Duane
11105,Alexandra,Anthonyton
11106,John,New Jeffrey
11107,Kyle,Larsonmouth
11108,Brandon,Port Ashley
11109,Brittney,New Oliviatown
11110,Lauren,South Cynthiamouth
11111,Nancy,West Stephen
11112,Joshua,Louischester
11113,Tamara,Cameronborough
11114,Justin,West Ashleyton
11115,Jessica,Sherryton
11116,Leslie,South Jonathanhaven
11117,Elaine,Melissaville
11118,Brenda,East Kim
11119,Ryan,Christopherberg
11120,Jeffrey,Lake Robert
11121,Tony,Patrickburgh
11122,Anthony,Bushtown
11123,Keith,Elizabethmouth
11124,Jacob,Lisaside
11125,Alexandra,Beckerstad
11126,Calvin,Gutierrezchester
11127,Michael,East Scott
11128,Greg,Youngside
11129,Gabrielle,Jamietown
11130,Kathleen,West Seanside
11131,Monica,Kelleymouth
11132,Sara,East Micheletown
11133,Ronnie,Taylorburgh
11134,Alex,South Melinda
11135,Timothy,Wallsfurt
11136,Austin,South Stephanieberg
11137,Deborah,North Lukeside
11138,Lisa,North Michelleside
11139,Brittany,South Jill
11140,Scott,South Karen
11141,Paula,New Ericmouth
11142,Bethany,South Donnamouth
11143,Pamela,Stevehaven
11144,Ashley,Roberttown
11145,Lauren,North Saraton
11146,Michael,Leeland
11147,Eric,New Maryland
11148,Hannah,South Leeville
11149,Benjamin,South Daniel
11150,Richard,Lake Brittanychester
11151,Lindsey,Millerfort
11152,Dylan,Johnside
11153,Joshua,North Michaelberg
11154,Cynthia,New Deborahport
11155,Frank,Lewisberg
11156,Carolyn,West Sierra
11157,Cassidy,North Timothy
11158,Lauren,Martinezborough
11159,Amber,New Matthew
11160,Aaron,Robertberg
11161,Mary,Jodyborough
11162,Stephanie,Dawnview
11163,Karen,Jimville
11164,Lisa,Martinezchester
11165,Karen,Laurenville
11166,Jason,New Cody
11167,Nancy,Nicholasmouth
11168,Patrick,Sharptown
11169,Theresa,North Jacobburgh
11170,Robert,Meltonburgh
11171,Angela,North Ianville
11172,Nathan,Petersontown
11173,Kaitlyn,West Gabrielmouth
11174,Natalie,Jenniferberg
11175,Donald,North William
11176,Sherry,South Scott
11177,Brianna,Collinshaven
11178,Caroline,Brittanyland
11179,Sandra,Kochmouth
11180,Juan,New Rogerfort
11181,Vickie,New Melissaburgh
11182,Matthew,North Marvin
11183,Daniel,Davisborough
11184,Heather,Robertsshire
11185,Yvonne,New Kimberlymouth
11186,Destiny,Gardnerfort
11187,Deborah,Williamsbury
11188,John,West Natashaton
11189,Joseph,Claudiabury
11190,Jason,East Toddtown
11191,Kelly,Castilloshire
11192,Frank,South Courtneychester
11193,Heather,East Cheryl
11194,Stephen,Colestad
11195,Angela,West Kellyhaven
11196,Tracy,North Kimberly
11197,Chelsea,Port Richard
11198,Amanda,East Matthew
11199,Melissa,North Sarastad
11200,Kyle,Aguilarstad
11201,Mike,New Andrea
11202,Jacob,Clarkview
11203,John,West Kathy
11204,Gregory,Williamschester
11205,Joseph,West Douglas
11206,Linda,Lake Coreytown
11207,Gary,Littleburgh
11208,James,Clarkchester
11209,Diamond,Port Tamara
11210,Shannon,Suarezport
11211,James,North Laura
11212,Dan,Lake John
11213,Angela,Ryanmouth
11214,Erica,East Jessicafurt
11215,Kristy,Moralesshire
11216,Nicole,Port Courtneychester
11217,Andrea,East Michael
11218,Jeremiah,West Sheena
11219,Rachel,Perryborough
11220,Edward,West Michaelshire
11221,Helen,Herrerashire
11222,Daniel,South Daniel
11223,Deborah,Stanleytown
11224,Carla,Williammouth
11225,Melvin,Lake Williamville
11226,Paul,Jonesburgh
11227,Jason,Lake Bryanmouth
11228,Robert,Ryanfurt
11229,Dawn,Danielmouth
11230,Tyler,New Randy
11231,John,Keithton
11232,Tammy,Pittmanview
11233,Joshua,Henryberg
11234,Brian,Fuenteston
11235,Michelle,West Scottfort
11236,Carol,Josephmouth
11237,James,Port Lorishire
11238,Diana,Tamaratown
11239,Nancy,Lake Laura
11240,David,Port Kathleen
11241,Becky,Rebeccafort
11242,Mark,Christianhaven
11243,Patricia,Lake Nancy
11244,Jordan,East Steven
11245,Shannon,Hancockberg
11246,Elizabeth,South Juliefort
11247,Amber,West Biancatown
11248,Melissa,Williamsstad
11249,Christopher,North Frank
11250,Lisa,New Donnashire
11251,Brittney,Katrinahaven
11252,Erica,Ericaburgh
11253,Molly,North Katherine
11254,Steven,New Williamhaven
11255,Matthew,Rebeccachester
11256,Diamond,Lake Grace
11257,Christopher,Mitchellstad
11258,Larry,Leechester
11259,Stephen,East Sherry
11260,Jessica,West Rachelport
11261,Tyler,New Rodneyport
11262,Edwin,Collinsmouth
11263,Nicole,Keithfurt
11264,Larry,North Christian
11265,Rebekah,East Richard
11266,Lauren,Stephaniechester
11267,Kristen,Calebshire
11268,Nicole,New Ryanbury
11269,Zachary,Port Brenda
11270,Andrew,Smithport
11271,Dennis,Johnland
11272,Daniel,Wrighthaven
11273,Bobby,South Ashleyfort
11274,Brian,East Teresaville
11275,Ashley,Lake Mariamouth
11276,Meghan,East Karenmouth
11277,Megan,Thomaschester
11278,Christine,Franciscostad
11279,Nancy,Lake Donna
11280,George,West Dale
11281,Lisa,North Elizabethburgh
11282,Nicole,Arroyoburgh
11283,Adrian,Jonathanport
11284,Edward,Margaretton
11285,Michelle,New Michaeltown
11286,Wanda,South Courtneystad
11287,Claire,North Sandraberg
11288,Dorothy,West Jason
11289,Alexander,New Adam
11290,Andrew,Jamesberg
11291,Megan,Katherinemouth
11292,Michael,Cynthiaport
11293,Amy,Lake James
11294,Andrew,Port Dianefort
11295,Patrick,South Miguelland
11296,John,New Jeffrey
11297,Rita,South Marytown
11298,Dean,Joneshaven
11299,Amy,Lauraberg
11300,Michael,South Brucefort
11301,Evan,Lake Katherineport
11302,Shawn,Michaelfurt
11303,Tyler,New Samanthaland
11304,Anna,New Zacharyberg
11305,Jennifer,New Louisberg
11306,William,South Danielshire
11307,Jonathan,Morenomouth
11308,Marie,West Stephanietown
11309,Courtney,New Billy
11310,Shelby,Lake Brandonton
11311,Michael,Powersberg
11312,Jeanette,New Mark
11313,Tiffany,Jordanborough
11314,Crystal,Barrettmouth
11315,Lori,Huntville
11316,Breanna,Ramosstad
11317,Stephen,Lake Amberstad
11318,Mark,South Connie
11319,Anna,Port Michael
11320,Charles,Andersonmouth
11321,Robert,New Rachel
11322,Gabriela,Hancockville
11323,Paula,Shepherdchester
11324,Patricia,East Nancyberg
11325,Jorge,Thomasfurt
11326,Sheila,New Brian
11327,Nathan,Jenkinsmouth
11328,Alexis,Sharpbury
11329,Robert,East Janet
11330,John,Hurleyton
11331,Rebecca,Juliaport
11332,Daniel,Port Heatherfort
11333,Cynthia,South Leahmouth
11334,Barbara,Rayville
11335,Holly,West Evelynville
11336,Bruce,Lake Alexander
11337,Melissa,New Adam
11338,David,Kempside
11339,Lauren,Reyesfurt
11340,Brandon,South Danielland
11341,Daniel,Thorntonburgh
11342,Megan,Blackport
11343,Wesley,Donaldberg
11344,Alyssa,West Jeffrey
11345,Christian,Porterfurt
11346,Shawn,East Mary
11347,Lisa,Loriburgh
11348,Carolyn,East Donna
11349,Justin,East Leah
11350,Lori,Lake Tom
11351,Morgan,South Johnny
11352,Michael,Coryhaven
11353,Kelly,Gibsonfurt
11354,Rebecca,Turnerside
11355,James,Anitastad
11356,Gregory,North Jasonside
11357,Jacob,Port Richardstad
11358,Brandon,North Derekburgh
11359,David,Roachmouth
11360,Susan,East Alexis
11361,Aaron,Washingtonshire
11362,Donald,Port Kevin
11363,Todd,North Cassandrafort
11364,Holly,East Lauren
11365,Brandy,Baileytown
11366,Meagan,Medinaport
11367,Martin,Michaeltown
11368,Douglas,East Jacob
11369,James,Longhaven
11370,Robert,Rayfurt
11371,Sierra,South Tristan
11372,Kayla,South Sethshire
11373,John,Taylortown
11374,Leah,Myersfort
11375,Heidi,Ginaberg
11376,Erica,South Markville
11377,Michael,Lucasmouth
11378,Daniel,Susanland
11379,Jessica,New Diane
11380,Danielle,Ellisside
11381,Jason,West Brittanyton
11382,Hector,Campbellhaven
11383,Sara,East Bruceborough
11384,Jon,Michaelborough
11385,Robin,Bryanchester
11386,William,Lake Michaelbury
11387,Brittany,Lindsayview
11388,Drew,Port Michelleshire
11389,Leslie,Chavezton
11390,Jordan,Port Donnaside
11391,Brittany,North Carolynmouth
11392,Nicholas,East Michaelville
11393,Julia,Andreaberg
11394,Steven,Collinsfort
11395,Garrett,Sherryfort
11396,Jennifer,South Andrew
11397,Caitlin,Josephshire
11398,Vanessa,Lake Billyville
11399,Rachel,Cookton
11400,Charles,Port Craig
11401,Kayla,Port Joseph
11402,Chris,Hernandezberg
11403,Tammy,Johnsonland
11404,Stacy,Amandaport
11405,Cynthia,Fordburgh
11406,David,Longmouth
11407,Kevin,Nicholasmouth
11408,John,Danielport
11409,Richard,Lake Dana
11410,Joseph,Andrewshire
11411,Courtney,Anthonystad
11412,Latasha,South Karen
11413,Kayla,Brianburgh
11414,Robert,North Kirstenberg
11415,Dawn,Port Elizabeth
11416,Brittany,Matthewshire
11417,Ashley,Rhodesmouth
11418,Thomas,Lake Anthony
11419,Christopher,East Jennifer
11420,Adrian,Hernandezfurt
11421,Eric,Ericberg
11422,Emily,Crystalmouth
11423,Karen,Port Elizabeth
11424,Allison,New Alexis
11425,Michael,New Stephanieberg
11426,Thomas,Port Kayleeborough
11427,Anthony,Lake Christopher
11428,Adam,Floresborough
11429,Michele,Kristytown
11430,Alyssa,North Amberport
11431,Riley,Leemouth
11432,Daniel,East Chad
11433,Brian,Wrightfort
11434,Brian,Port Tracyhaven
11435,Richard,Port James
11436,Robert,Joshuaborough
11437,Angela,East Lynnside
11438,Theodore,Davisview
11439,Kristen,Cathyfurt
11440,Rachael,New Corey
11441,Michael,Jessicaport
11442,Jeffrey,Lake Danielle
11443,Tommy,Stevensonfort
11444,William,East Nathanside
11445,Alisha,Smithland
11446,Sonya,South Annafort
11447,Stephanie,East Allen
11448,Jaime,Reedstad
11449,Jonathan,Benjaminberg
11450,Diana,East Nicholastown
11451,Lisa,West Christopherfurt
11452,Mike,Draketown
11453,Justin,Port Tonyaland
11454,Jeremy,New Randallmouth
11455,Steve,North Jamesland
11456,Linda,Port Ronaldview
11457,Donna,South Kaitlyntown
11458,Heather,Brandonmouth
11459,Stephanie,West Patricia
11460,Lauren,North Ericatown
11461,Ashley,Hardingview
11462,Tammy,East Thomas
11463,Vickie,Lake Coreyland
11464,Christopher,East Kim
11465,Geoffrey,Brownbury
11466,Jackson,Lake Derekton
11467,Tammy,North Annette
11468,Mary,North Jordanville
11469,Jennifer,North Holly
11470,Desiree,Nicholsstad
11471,Tanya,North Stevemouth
11472,Melissa,South Janet
11473,Michael,Goodwinport
11474,Aaron,Erinside
11475,Teresa,East Kyleside
11476,Todd,Port Christineberg
11477,Jacqueline,West Brianmouth
11478,Adrian,Williamsview
11479,Keith,West Randall
11480,Nicole,Melodyville
11481,Robert,Teresaborough
11482,Bruce,North Riley
11483,Cody,Anthonyport
11484,George,North Scott
11485,James,North Andrewchester
11486,Karen,West Stephanie
11487,Stephen,Ashleyberg
11488,Erika,Jefferyton
11489,John,New Tamara
11490,Thomas,New Lisahaven
11491,Justin,Lake Tina
11492,Terry,West Haileyview
11493,Emily,Cookburgh
11494,Cody,Ronaldshire
11495,Kevin,Toddton
11496,Stacy,West Derek
11497,Jason,East Scottberg
11498,Roger,Simmonsburgh
11499,Steven,North Brittany
11500,Jesse,New Maryton
11501,Gary,New Matthew
11502,Samantha,North Meganland
11503,Steven,West Chris
11504,Kimberly,Ashleyfurt
11505,Jesse,Lorichester
11506,Diane,Andrewstad
11507,Jared,Washingtonberg
11508,Thomas,Whiteburgh
11509,Paul,Davidland
11510,James,Justinstad
11511,Darrell,Leebury
11512,Donna,Port Deborah
11513,Christopher,New Adam
11514,Laura,Michaelshire
11515,Christian,West Loretta
11516,William,Joneston
11517,Mark,Susanmouth
11518,Jeremiah,Christopherborough
11519,Scott,Donnashire
11520,Hector,Karenborough
11521,John,Jillstad
11522,Kristin,Lake Debbie
11523,Jasmine,Russellchester
11524,Christopher,Port Robin
11525,Randy,Garciaberg
11526,Lynn,Lake Tina
11527,Haley,Lake Andrewberg
11528,Katrina,East Patrickland
11529,Kathleen,Lake Ronaldburgh
11530,Nancy,Lake Davidside
11531,Jose,South Christopherfurt
11532,Laura,Stewartton
11533,Daniel,Torresborough
11534,Sheila,North Kellyport
11535,Melissa,Ryanton
11536,Sierra,North Lisa
11537,Stephanie,Kristineton
11538,Virginia,Wrightstad
11539,Tammie,Gilbertmouth
11540,Courtney,Garyberg
11541,Carolyn,West Emily
11542,Matthew,West Melissaville
11543,Stephanie,Emilyberg
11544,Michael,North Danielshire
11545,Jenna,East Julie
11546,Michael,Sheltonhaven
11547,Kimberly,South Jessicaville
11548,Arthur,East Karen
11549,Pamela,Bergerton
11550,Kimberly,New Davidview
11551,Debbie,South Nicole
11552,Tammy,New David
11553,William,West Dawnborough
11554,George,North Anthonytown
11555,Jessica,Martinezfurt
11556,Dawn,Lake Kaitlin
11557,Anthony,West Susan
11558,Christina,Christinaland
11559,Rebecca,Bakerside
11560,Christopher,Smithhaven
11561,Joshua,East James
11562,Bryan,Port Saraberg
11563,Eric,Lake Jose
11564,Megan,New Mary
11565,Curtis,Port Jasmineport
11566,Robert,New Paula
11567,Marcus,West Michaelborough
11568,Jean,Anashire
11569,Christine,Petersonborough
11570,Nicole,East Elizabethland
11571,Karen,South David
11572,Eric,New Jeffrey
11573,Christy,North Nicholas
11574,Joseph,Port Angela
11575,Kayla,Port Michael
11576,Michele,Mcdonaldtown
11577,Michael,North Brandon
11578,Betty,East Lonnie
11579,Megan,North Chelseastad
11580,Rebecca,Bridgetburgh
11581,Joseph,Kimmouth
11582,Tamara,Johnview
11583,Taylor,Sanchezchester
11584,Michael,Port Sean
11585,Michelle,Lindsaychester
11586,Jessica,North Megan
11587,John,Hopkinsview
11588,Megan,Mistychester
11589,Garrett,West Sandra
11590,Susan,East Thomas
11591,Miguel,Quinnland
11592,Larry,Ronaldport
11593,Cheryl,New Ian
11594,Cindy,South Shelly
11595,Daniel,Christopherview
11596,David,Josefurt
11597,Betty,Joneshaven
11598,Jose,Christopherfurt
11599,Jerry,South Alexisland
11600,Brandon,West Christine
11601,Rebecca,Lake Jessica
11602,Geoffrey,Lake Johnville
11603,Melissa,Lake Heatherhaven
11604,Sergio,Port Keithfort
11605,John,Kylestad
11606,Austin,Port Courtney
11607,Holly,East Davidport
11608,Amy,Sierraborough
11609,Ryan,New Victoria
11610,Aaron,Villarrealland
11611,Rebecca,Gibsonhaven
11612,Shannon,East Michael
11613,Marcus,East Edwardport
11614,Randy,Peterville
11615,Crystal,Hallview
11616,Debbie,Port Anna
11617,Kristina,Lake Mitchell
11618,Lisa,Williamland
11619,Matthew,West Timothyfurt
11620,Rachel,Robertton
11621,Katelyn,Dalestad
11622,Sarah,Hallfurt
11623,Brittany,New Debbieside
11624,Joel,Parsonston
11625,Emily,Mannview
11626,Malik,Stephanieport
11627,Jenna,Matthewshire
11628,Ralph,New Aliciahaven
11629,Amber,Mortonburgh
11630,Harold,Barnesview
11631,William,North Melissa
11632,Vicki,Hillberg
11633,Matthew,New Mark
11634,Brenda,Lake Jesse
11635,Sabrina,South Glendamouth
11636,Lauren,New Timothyport
11637,Chase,Meyersmouth
11638,Scott,Paulatown
11639,Richard,Lake Paula
11640,Crystal,Wilsonburgh
11641,Nathan,Masonfort
11642,Jeffrey,New Meagan
11643,Dominique,Port Thomasbury
11644,Elizabeth,Meyerburgh
11645,Elizabeth,Webbport
11646,Allen,Padillashire
11647,Norma,East Hannah
11648,Raymond,East Danny
11649,Donald,Christopherville
11650,Margaret,Thomashaven
11651,Drew,Andrewsshire
11652,Katrina,New Christopherside
11653,Dustin,North Amanda
11654,Amy,Toddside
11655,Bill,Hicksside
11656,Angela,Jeremiahtown
11657,Laurie,East Thomasfort
11658,Victoria,New William
11659,Jessica,West Michellefurt
11660,Brandy,Olsonton
11661,Jamie,Gregoryside
11662,Molly,West Amber
11663,Victoria,Rachelberg
11664,Charles,Butlerhaven
11665,Monique,New Bradleyfort
11666,Jay,West Andrewberg
11667,Dominique,Kristineberg
11668,Austin,South Robert
11669,Diana,West Jonathanview
11670,Robin,North Alexandraport
11671,Steven,Port Justinport
11672,Anthony,Wongstad
11673,David,East Wendyport
11674,Brian,North Christopherton
11675,Tammy,Monicaside
11676,Margaret,Port Zachary
11677,Priscilla,Port Natalieport
11678,Kathleen,Annaside
11679,Jesse,East Lisa
11680,Shawn,South Lindaview
11681,Sean,Briggsmouth
11682,Rebecca,East Melissaton
11683,Dave,Vickiville
11684,Sean,North Billystad
11685,Dustin,Lake Soniaview
11686,Kristen,Gamblemouth
11687,Timothy,West Kimberlyfort
11688,Mark,Port Michelle
11689,Joel,East Melaniefurt
11690,Rachael,North Justin
11691,Andrea,East Zacharyland
11692,Andrea,Lesliemouth
11693,Kelly,Brittanyfurt
11694,Kelly,Gregoryshire
11695,Joel,South Ronnieview
11696,Jeffery,Andradeshire
11697,Richard,Port Debra
11698,Joshua,North Andrew
11699,Barbara,Lake John
11700,Melissa,Wolfeton
11701,Dennis,Blaketown
11702,Heather,Melanieside
11703,Adam,Gutierrezfort
11704,Carl,Hullchester
11705,Michael,Katherineburgh
11706,Kimberly,Port Chad
11707,Alicia,East Stephanie
11708,Mike,Jennifermouth
11709,Katherine,Whiteland
11710,Sandra,West Angela
11711,Patricia,Coleview
11712,William,Lake Donaldborough
11713,Jeremy,Ralphberg
11714,Morgan,South Lisa
11715,Andrew,Paultown
11716,Karen,Rogerschester
11717,Donald,Lake Patriciachester
11718,Brandon,West Stephanieton
11719,Tom,New Rebeccaborough
11720,Abigail,Gabrielletown
11721,Peter,Kevinmouth
11722,Stephanie,Boydmouth
11723,Brandon,South Dennis
11724,Deanna,Lake Samanthastad
11725,Jessica,East Zacharyside
11726,Rachel,West Whitney
11727,Brianna,Morenoborough
11728,Daniel,Cannontown
11729,Erin,Morenoburgh
11730,Amber,Johnsonhaven
11731,Jennifer,Andersonview
11732,Yvonne,Welchstad
11733,Adrienne,North Tiffany
11734,Jacqueline,East Carlosstad
11735,Shawn,Vaughnville
11736,Jasmine,Samanthaland
11737,Eric,Kylefort
11738,Jason,Lake Jonathanview
11739,Robert,New Jerome
11740,Kristen,New Linda
11741,Tiffany,New Thomas
11742,Vanessa,Lake Gregg
11743,Christopher,New Beth
11744,Robert,Elliottton
11745,Carolyn,Proctormouth
11746,Derrick,Copelandland
11747,Timothy,Millertown
11748,Brenda,North Ernest
11749,Jose,Lake Jaredberg
11750,James,Maxwellburgh
11751,Jesse,South Davidchester
11752,Tyler,East Michael
11753,Scott,Hubbardhaven
11754,Steven,Port Sarahborough
11755,Scott,East Kimberlyshire
11756,Lindsey,North Virginia
11757,Stephen,Tracyville
11758,Lance,Lake Nathan
11759,Richard,East Melissa
11760,Steven,New Joelfort
11761,Daniel,Amberfurt
11762,Tamara,Jacobchester
11763,Melinda,West David
11764,Scott,Rebeccaburgh
11765,Emily,Gabriellemouth
11766,Christina,South Pamelafurt
11767,Joe,Melindaville
11768,Timothy,Geraldland
11769,Kimberly,Port Brett
11770,Edward,Jeffreystad
11771,Tony,Kristibury
11772,Chad,Port Davidland
11773,Amanda,Boothmouth
11774,Jasmine,Penningtonhaven
11775,Kimberly,North Christopher
11776,Aaron,East Dustinmouth
11777,Colton,Marthachester
11778,Joshua,West Daniellehaven
11779,Ryan,Jessicaton
11780,Sara,Doylefurt
11781,Heather,North Andreaborough
11782,Alan,Hannahton
11783,Scott,New Joshuafurt
11784,Thomas,Younghaven
11785,Brittany,Margaretborough
11786,John,East Marie
11787,Angela,North Dennisfurt
11788,Denise,New Wandahaven
11789,Bradley,Coxview
11790,Lori,South Steven
11791,Keith,Brianton
11792,Joseph,Lopezmouth
11793,Calvin,Lake Dorothy
11794,Amy,East Joelstad
11795,Charles,North Kevin
11796,Daniel,New Kentchester
11797,Benjamin,New Austinstad
11798,Steve,Hillhaven
11799,Raymond,Santoschester
11800,Angela,West Yeseniaberg
11801,Lisa,New Gary
11802,James,Lake Jennifer
11803,Erin,North Alexandrafort
11804,Susan,Nelsonhaven
11805,Patricia,North Karlatown
11806,Angela,South Jesseborough
11807,Mark,Lake Kristie
11808,Christopher,Morrisbury
11809,Dean,Saraborough
11810,Sean,Karenfurt
11811,Cheryl,Ericchester
11812,Gabrielle,Port Michelefort
11813,Shane,Johnsonfort
11814,Ashley,Bradleymouth
11815,David,Millerland
11816,Laura,Donaldville
11817,Jennifer,Jenkinsport
11818,Jose,Lake Jerry
11819,Eric,New Kaylastad
11820,Lisa,West Daniel
11821,Wayne,Connortown
11822,Latoya,Tarabury
11823,Courtney,Nicholasborough
11824,Marc,Jessicamouth
11825,Christine,Carlashire
11826,Christian,Simmonsland
11827,Erin,Port Stephanie
11828,Candace,Amandabury
11829,Aaron,New Tamara
11830,Amanda,West John
11831,Stacie,Marthaport
11832,Dana,Port Ronald
11833,Adrian,Lake Brandonfort
11834,Linda,Port Laura
11835,Jose,Carsonborough
11836,Pamela,Alejandrotown
11837,Eric,West Cassandra
11838,Tiffany,Emilymouth
11839,Benjamin,South Melindaville
11840,Bryan,East Dana
11841,Michael,Cortezmouth
11842,Nathaniel,Lake Daniel
11843,Eugene,Curtisberg
11844,Sally,Smithview
11845,Christopher,Ramirezton
11846,Sharon,Port Anthony
11847,Karen,New Erica
11848,Jeremy,Dawsonchester
11849,Diana,Lake Austinview
11850,Rachael,Brianstad
11851,Allison,Spencershire
11852,Michelle,South Corey
11853,Stephanie,East Pamela
11854,Sherry,Lake Christopherbury
11855,Shaun,Ronaldstad
11856,Richard,Edwardfurt
11857,Heather,Lake Alexisbury
11858,Christian,Port Josetown
11859,Wesley,Lake Jay
11860,Peggy,Ashleystad
11861,Benjamin,Lake Karen
11862,John,Davidborough
11863,Kelly,Jenkinsview
11864,Peggy,Wilsonfurt
11865,Tonya,East Joefurt
11866,Yesenia,North Ryan
11867,William,Kevinbury
11868,Robert,Karaburgh
11869,Dawn,West Susan
11870,Nicole,West Patrick
11871,Kelly,Colinchester
11872,Louis,New Ashleyberg
11873,Anthony,Westberg
11874,Tina,North Christianview
11875,Lindsay,Seanchester
11876,Jose,Port Jamesport
11877,Felicia,Alvarezbury
11878,Connie,Castrostad
11879,Julie,Amymouth
11880,Angela,North Emilyport
11881,Laura,Lake Chadton
11882,Christopher,Port Bobby
11883,Nathaniel,Mendezfurt
11884,Kimberly,Gregoryfort
11885,Michelle,Perezburgh
11886,Denise,North Yolanda
11887,Larry,Stevensport
11888,Matthew,Jenniferton
11889,Kelsey,Lake Julietown
11890,James,Lake Sheila
11891,Megan,New Dwayneport
11892,Cassandra,Sarahbury
11893,Angela,New Erikhaven
11894,Vanessa,New Lindamouth
11895,Kelsey,Pittsfort
11896,Karen,New Hannahville
11897,Kerri,North Thomas
11898,Patrick,East Tammyhaven
11899,Kyle,Dawnmouth
11900,Jennifer,Lake Aaron
11901,William,Port Annetown
11902,Michelle,Jordanstad
11903,Jose,South Josephland
11904,Daisy,Annettemouth
11905,Janice,Francisborough
11906,Christina,Blackmouth
11907,Frank,East Oscarside
11908,Bradley,West Jose
11909,Mary,Brownshire
11910,Kevin,New Lanceberg
11911,Brittany,Michelleside
11912,Daniel,New Jennifer
11913,Chad,New Ericton
11914,James,Port Hunterchester
11915,Jack,West Dorothy
11916,David,East Johnmouth
11917,Nathaniel,East Walterside
11918,Allison,Salastown
11919,Terri,Port Debbie
11920,Kathleen,Johnsonborough
11921,Troy,Port Sheilashire
11922,Eric,New Phillip
11923,Victoria,New Robert
11924,David,West Kathryn
11925,Kevin,Lake Patriciafurt
11926,Wayne,Walkerton
11927,Vicki,Patelburgh
11928,Erica,West Benjamin
11929,Erin,Lake Joelberg
11930,Susan,Abbottville
11931,Justin,Ambertown
11932,Michael,Lake Steve
11933,Julie,Ryanhaven
11934,James,New Marissaburgh
11935,Kaylee,Lake Jesus
11936,Brian,Raymondbury
11937,Christopher,Duanehaven
11938,Jose,Myersland
11939,Brenda,Blanchardport
11940,Jeremy,North Barbara
11941,Erin,South John
11942,Benjamin,Michaelhaven
11943,Alan,Jameschester
11944,Luis,Port Jessicaport
11945,Ryan,West Melissa
11946,Miranda,Terrymouth
11947,Kayla,North Ericashire
11948,Christopher,North Taylor
11949,Lori,Andersonport
11950,Mitchell,Suareztown
11951,Cynthia,Holtbury
11952,Danielle,West Felicia
11953,Ronald,South Stacyville
11954,Holly,Port Mackenzie
11955,Eric,Ruizbury
11956,Robin,Toddberg
11957,Melinda,North Mariaview
11958,Daniel,Craigside
11959,Daniel,Lake Michael
11960,Nathan,Lake Davidtown
11961,Amanda,New Richardberg
11962,Shelly,Williamston
11963,Emily,Bensonstad
11964,Hannah,Lozanofurt
11965,Aimee,Thompsonborough
11966,Tracy,Davisshire
11967,Nicole,Port Joshua
11968,Rebecca,Lake Brandy
11969,Charles,Mcmahonview
11970,Melanie,New Kellyberg
11971,Tracy,New Brittanyborough
11972,Douglas,Patriciabury
11973,Michael,Jacobport
11974,Jessica,Lake Julie
11975,John,Mcguireberg
11976,Isaac,Rileyland
11977,James,Ericburgh
11978,David,South Kyle
11979,Gregory,West Matthew
11980,Wendy,West Alyssa
11981,James,Hayesbury
11982,Shelly,North Meaganborough
11983,Jeffrey,Jorgeport
11984,Teresa,Sylviaport
11985,Holly,Jameschester
11986,Benjamin,Beckyhaven
11987,Gina,Petersborough
11988,Anita,Rebeccastad
11989,Terri,Josephview
11990,Sherry,East Anita
11991,Catherine,Stoutburgh
11992,Michael,Rodriguezborough
11993,Travis,New Michael
11994,David,Jasonburgh
11995,Madison,South Ashleyshire
11996,Diane,South Michael
11997,Michelle,Yolandafurt
11998,Robert,New Pamela
11999,Joseph,South Kellyfurt
12000,Jessica,Laurentown
12001,Tom,West Tracy
12002,Steve,Port Debra
12003,Thomas,North Antonioborough
12004,Thomas,Wilsonchester
12005,Allen,South Kellyburgh
12006,David,Christopherton
12007,Elizabeth,South Lindaborough
12008,Jennifer,East Sabrinachester
12009,Cynthia,Sandovalburgh
12010,John,Kelseyhaven
12011,Olivia,South Susanshire
12012,Robin,Thomasfurt
12013,Tommy,South Rodney
12014,Heather,Lake Meganmouth
12015,Kevin,Sheilashire
12016,Kimberly,Brownside
12017,Tracy,Barnesberg
12018,Terry,Alyssaville
12019,Craig,Mcclainview
12020,Barry,Perkinsshire
12021,Albert,Perrymouth
12022,Heather,Lake Georgestad
12023,Mary,Phillipstown
12024,Andrew,Lopezfurt
12025,Jeremy,South John
12026,Edward,Victoriaton
12027,Mary,North Nathanielmouth
12028,Kristen,West Christopher
12029,Patricia,West Monica
12030,Steven,North Joshua
12031,Christian,Priceview
12032,Breanna,New Williamview
12033,Isabella,Houstonmouth
12034,Vanessa,West Angieport
12035,Evan,Smithton
12036,Jennifer,New Gregoryborough
12037,Robert,Port Melissa
12038,Brianna,Adrianburgh
12039,Mark,Lake Laura
12040,Jennifer,Sarahfurt
12041,Erica,Lake Linda
12042,David,Port Richard
12043,Tracy,Underwoodport
12044,Robert,Christopherburgh
12045,Kayla,West Brittanystad
12046,Mariah,West Karen
12047,George,South Cynthia
12048,Wanda,Crawfordville
12049,Michael,Scotttown
12050,Anna,North Wanda
12051,Bailey,Suarezstad
12052,Kelsey,Jamietown
12053,Jonathan,West Mark
12054,Kurt,Victoriachester
12055,Deborah,North Jordanshire
12056,James,Port Jenniferchester
12057,Curtis,New Miguelborough
12058,Kenneth,North Eileen
12059,Briana,Danielburgh
12060,Andrew,Harveyport
12061,Cynthia,West Kristinhaven
12062,Cassandra,New Michelletown
12063,Mary,Michaelmouth
12064,Eric,Lynchport
12065,Maria,Martinezton
12066,Amber,West Brendafurt
12067,David,Christophermouth
12068,Susan,East Bradmouth
12069,Jeffrey,Millerville
12070,Michael,Port Jessica
12071,Denise,Adkinsburgh
12072,Amy,Lake Gregory
12073,Erica,Jasonstad
12074,Sara,Clayhaven
12075,Christopher,North Brian
12076,Barbara,Josephstad
12077,Sarah,North Edwin
12078,Kent,Eileenbury
12079,Laura,Jasonberg
12080,Kayla,Petersville
12081,Damon,Greeneland
12082,Andrea,West Loritown
12083,Holly,North Joannaview
12084,Angela,Claytonchester
12085,Susan,Lake Andrewview
12086,Richard,Jonathanville
12087,Rebekah,Nicolemouth
12088,William,Alexanderton
12089,Chase,Sharonview
12090,Melinda,Steeleburgh
12091,Mario,Sallyborough
12092,Sean,Katrinafort
12093,Annette,Jacobsonview
12094,Paige,North Rhonda
12095,Craig,Mendozaville
12096,Christopher,Briannaburgh
12097,Christopher,Brownton
12098,Breanna,Pricemouth
12099,Elijah,New Rhonda
12100,Thomas,East Michaelmouth
12101,Jennifer,Hutchinsonburgh
12102,William,Marvinchester
12103,Christina,Ricemouth
12104,Brian,Loganchester
12105,Judy,Lake Richardstad
12106,Frank,West Cynthia
12107,Andrea,Robertport
12108,Brad,Lake Markborough
12109,Jacqueline,New Amandaville
12110,Mary,Tarachester
12111,Jason,Lake Cody
12112,Luis,East Dakotaport
12113,Heather,North Sandraborough
12114,Ivan,Kennedyton
12115,Brian,Richardmouth
12116,Angela,Hunterstad
12117,Matthew,Chandlerview
12118,Scott,Jontown
12119,Lisa,Jenniferfurt
12120,Jamie,Brittneymouth
12121,David,Harrisonside
12122,William,Port Lindsey
12123,Natalie,West Catherine
12124,Joshua,Cherylview
12125,Amanda,Michaeltown
12126,Dana,South Edwardburgh
12127,David,Gutierrezville
12128,Richard,East Shawn
12129,Amanda,New Alexander
12130,Matthew,Brianbury
12131,Rachel,New Anthony
12132,Timothy,Joanview
12133,Sherri,Lake Elizabethton
12134,Amanda,Cathyhaven
12135,Valerie,Jasonfurt
12136,Brandon,Hawkinsbury
12137,Cynthia,Jacksonfurt
12138,Regina,Port Melissa
12139,Natasha,Port Heather
12140,Brian,Josephmouth
12141,Brandon,New Juan
12142,Ruben,South Stacey
12143,Craig,Shortfurt
12144,Katherine,West Brianmouth
12145,Hunter,Howardborough
12146,Amber,South Joseport
12147,Rachel,Suzannebury
12148,Lori,Smithborough
12149,Shelly,Pattersonburgh
12150,Sydney,Davistown
12151,Joseph,Sampsonmouth
12152,Tom,Carterview
12153,Julia,West Kyleport
12154,Stephanie,Bentonfort
12155,Ariel,Williamville
12156,Bobby,Warrenville
12157,David,East Anthonyberg
12158,Steven,East Katherinetown
12159,Derek,Lake Bradleyhaven
12160,Patricia,Ellisview
12161,Louis,South Trevorview
12162,Maria,Smithbury
12163,Billy,Juliachester
12164,Heather,Lake Shirley
12165,Jocelyn,Knightland
12166,Tracy,Philipmouth
12167,Molly,South Mia
12168,Tammy,Olsonton
12169,Jeffrey,East Rose
12170,Donald,New Leslietown
12171,Jennifer,Michaelshire
12172,Jason,Prestonton
12173,James,Lake Joshua
12174,James,Jonesberg
12175,Sara,Lake Shaneside
12176,Diane,New Paulshire
12177,Tony,New Michael
12178,Philip,Port Melissafort
12179,Jeremy,South Christine
12180,Andrew,Lewiston
12181,Teresa,Isabellaburgh
12182,Alejandro,West Lukeview
12183,Nancy,Mclaughlinmouth
12184,Taylor,Scottville
12185,Jeffrey,Lake Donnachester
12186,Ryan,North Bonnieborough
12187,Amanda,East Zacharyborough
12188,Robert,South Ericstad
12189,Stephanie,Webbfurt
12190,Jeffrey,Simpsonfurt
12191,Terri,Coreyside
12192,Robert,Hillburgh
12193,Sarah,Jacksonland
12194,Michael,Kellyhaven
12195,Jennifer,South Brandonburgh
12196,Brett,West Carolport
12197,Daniel,Jameshaven
12198,Mary,New Sabrina
12199,Austin,Lake Mariamouth
12200,Julia,North Joeburgh
12201,Joshua,Melissatown
12202,James,Lake Michele
12203,Jacqueline,Port Michaelmouth
12204,Scott,West Philipstad
12205,Erica,New Tinabury
12206,Jessica,South Megan
12207,Erika,Pateltown
12208,Nicole,Johnsonfurt
12209,Randall,Port Jared
12210,Kendra,Ebonyport
12211,Peter,Miguelton
12212,Adam,Charleston
12213,Jason,Hillshire
12214,Jeff,New Latoyamouth
12215,Alex,North Jasminside
12216,Nicholas,Amychester
12217,Donald,Robinsonland
12218,Robert,Chadton
12219,Bonnie,Anthonyfurt
12220,Mindy,Sotoland
12221,Janet,Wilkersonville
12222,Nicholas,Raymondville
12223,Jennifer,East Keithville
12224,Kyle,Emmabury
12225,Vanessa,South Leahburgh
12226,Sydney,Barbarafurt
12227,Jacqueline,West Victoria
12228,Brittany,Jesseborough
12229,Cynthia,Melissaview
12230,Valerie,East Jamestown
12231,Raymond,Maryton
12232,Kimberly,North Matthewmouth
12233,Cassidy,South William
12234,Ana,Montoyaberg
12235,David,Port Christopherland
12236,Tamara,South Manuelborough
12237,Sabrina,West Crystal
12238,Shannon,East Danielchester
12239,Jason,Garyport
12240,Rick,Danielleberg
12241,Crystal,Thomaston
12242,Jeremy,North Anthonyton
12243,Anne,Lake Angelborough
12244,Scott,Port Jennifer
12245,Nathan,South Jessica
12246,Amy,Lake Stephanie
12247,Ricky,South Craigmouth
12248,Maria,North Jonathanfurt
12249,Adam,Mortonberg
12250,Brittany,North Markport
12251,John,East Sharon
12252,Jessica,New Ivan
12253,Karen,South Jasonmouth
12254,Elizabeth,South Victoriahaven
12255,Jose,East Michelle
12256,Eric,Jeffreytown
12257,Rebecca,Morrowville
12258,Angela,North Theresa
12259,Haley,North Jessica
12260,Tyler,Devinfurt
12261,Daniel,Wrighttown
12262,Morgan,North Christopher
12263,Robert,Lake Ashley
12264,Heather,Karenberg
12265,Eduardo,Port Mary
12266,Teresa,Nathanielborough
12267,Monica,North Hailey
12268,Andrew,East Eric
12269,Dana,Morsefort
12270,Andrea,Whitefurt
12271,William,West Anthony
12272,Martha,West Amyport
12273,Tiffany,Santiagoville
12274,Steven,Taylorbury
12275,Lindsey,West Natalieville
12276,Chris,Munozshire
12277,Michael,South Lisamouth
12278,Christopher,Lake Ericmouth
12279,David,Sandovalville
12280,Nicole,West Jennifer
12281,Brandi,Lake Dawnport
12282,Anthony,Barbaraville
12283,John,Wernerland
12284,Stephanie,Staciemouth
12285,Julie,Monroeburgh
12286,Andrew,Williamville
12287,Kathryn,Danielston
12288,Gregory,Paulbury
12289,Jennifer,Dianaview
12290,Jose,Port Josephbury
12291,Pamela,Dennisville
12292,Kathleen,Jeanstad
12293,Brittany,Christophertown
12294,Erica,East Mark
12295,Alexandria,South Shaneshire
12296,Brianna,New Joseph
12297,Maxwell,North Martinburgh
12298,Tonya,Elliottland
12299,James,West Jenniferfort
12300,Emily,Melindamouth
12301,Michael,Danielfurt
12302,Dana,North Samuel
12303,Suzanne,Webstermouth
12304,William,Bradshawburgh
12305,Keith,Brittanyton
12306,James,New George
12307,Michael,Port Christine
12308,Shane,New Michael
12309,Craig,Josephside
12310,Thomas,New Janiceberg
12311,William,South Virginia
12312,Sandra,Benjaminmouth
12313,Jorge,Davidstad
12314,Jacqueline,South Anthonyport
12315,Lauren,Milesshire
12316,Olivia,Powersbury
12317,Jerry,Rubenside
12318,Maria,South Dianemouth
12319,Lindsey,Brendahaven
12320,Chelsea,Jacobton
12321,Bobby,North Meganhaven
12322,Bruce,Lake Heather
12323,Logan,Lake Jamesmouth
12324,Kevin,New Anthonyberg
12325,Nicole,Wiseville
12326,Michael,Hunttown
12327,Lacey,New Coryhaven
12328,Carla,Jonstad
12329,Lisa,Aliciatown
12330,Katherine,Lake Timothy
12331,Brian,Amyborough
12332,Christopher,Joannafurt
12333,Christopher,Blakefurt
12334,Kimberly,Zacharyton
12335,Richard,West Teresa
12336,Mark,Brooksborough
12337,Jessica,Taylorfurt
12338,Joshua,Hillport
12339,Dean,Danielshire
12340,Holly,North Nicholas
12341,Brittany,Thomasland
12342,Mary,Craigshire
12343,John,West Nathan
12344,Alexandria,Williamhaven
12345,Richard,Lindabury
12346,Paul,Leefurt
12347,Michael,West Charlesshire
12348,James,Port Jennifer
12349,Lauren,Courtneymouth
12350,Laura,Hollyborough
12351,Laura,New Luis
12352,Paula,Bensonburgh
12353,Kevin,East Nicole
12354,Jacob,Lake Sandra
12355,Monica,South Maryfort
12356,Jessica,Emilyton
12357,Susan,New Samantha
12358,Julie,West Amandafort
12359,Cheryl,Lake Brian
12360,Jason,North Traceyberg
12361,Hailey,Port Tylerstad
12362,Mark,Port Rebecca
12363,Stephanie,Lake Marco
12364,Jeremy,Millerport
12365,Noah,Lake Alicebury
12366,Maria,Lake Keithview
12367,Catherine,North Michealland
12368,Christopher,Charlesland
12369,John,South Kellyfurt
12370,Geoffrey,Lake Lisa
12371,Cheyenne,Ashleychester
12372,Tonya,Leonstad
12373,Donna,North James
12374,Louis,Mooreborough
12375,Patrick,Gouldmouth
12376,Tamara,Port Travisport
12377,Jeremiah,Robertburgh
12378,Kenneth,New Elizabethside
12379,Stacey,Davidfort
12380,Jennifer,Port Mary
12381,Carla,West Ericland
12382,Stacie,Banksville
12383,Christina,South Stefanieport
12384,Kenneth,Barkerborough
12385,Janet,Timothyview
12386,Kyle,Port Patriciaport
12387,Cindy,Barbaramouth
12388,Melissa,Vargaschester
12389,Daniel,Perryburgh
12390,Penny,Arielville
12391,Jeremiah,Ericchester
12392,Kevin,South David
12393,Kristin,Amyborough
12394,Alicia,West Davidmouth
12395,Evelyn,Brandonchester
12396,Miguel,Millerstad
12397,Katherine,Port Carolyn
12398,Steven,East Maryhaven
12399,Nichole,Port Jordan
12400,Sue,Jordanside
12401,William,Smithmouth
12402,Robert,Lake Elizabeth
12403,Ryan,Lewisborough
12404,Bailey,Taraland
12405,Jeffrey,North Ashleehaven
12406,Mark,Ericksonshire
12407,Reginald,Davidfurt
12408,Brittney,Gilbertstad
12409,Kenneth,Port Kimberly
12410,Kevin,New Mark
12411,Felicia,New Fredericktown
12412,Misty,Port Rachel
12413,Jimmy,Mayville
12414,Alexander,Devonfort
12415,Wesley,West Allisonmouth
12416,Dawn,West Samuelton
12417,Kara,South Tinaland
12418,Anita,Amymouth
12419,Brian,Port Meganburgh
12420,Ariel,New Jennifer
12421,Lisa,Taylorberg
12422,Sandra,Catherineborough
12423,Jeremy,New Andreaside
12424,Thomas,Owenton
12425,Laura,Lake Josephbury
12426,Brandon,West Brandon
12427,Mary,West Heather
12428,Melissa,South Matthew
12429,David,Craigtown
12430,Jamie,West Briantown
12431,Brittney,West Aaronstad
12432,Taylor,Douglasstad
12433,Holly,Port Edwinburgh
12434,Thomas,West Katiehaven
12435,Heather,Ericburgh
12436,Jason,East Joseph
12437,Theresa,Justinshire
12438,Andrew,Cynthiaberg
12439,Antonio,South Kristentown
12440,Andrew,Jasmineville
12441,Christopher,West Grant
12442,Charles,South Alejandrafurt
12443,Michael,Freemanside
12444,Bradley,North Jacquelineburgh
12445,William,West Mariehaven
12446,Patricia,North Shannonchester
12447,Martin,Griffinshire
12448,Audrey,Tylermouth
12449,John,North Justin
12450,Michael,Adamstad
12451,Tracy,South Keith
12452,Troy,Torresshire
12453,Benjamin,Olsonside
12454,Laura,East Scott
12455,John,Christopherland
12456,Crystal,Port Brittanymouth
12457,Brian,New Cynthia
12458,Richard,Lake Cesarberg
12459,Sarah,West Lisa
12460,Lori,East Jennifer
12461,Misty,Lake Michael
12462,Pamela,Andersonside
12463,William,East Nathan
12464,Shawn,Port Laurabury
12465,James,North Elizabethville
12466,Deborah,Port Catherine
12467,Chelsea,Costaborough
12468,Willie,New Vanessaton
12469,Mark,Jacksonhaven
12470,John,North Geoffrey
12471,Anne,Port Jill
12472,Martin,Madisonchester
12473,Frederick,Stephanieville
12474,Kimberly,Dawnshire
12475,Shannon,Sarahton
12476,Rick,Josephberg
12477,John,North Douglaschester
12478,Joshua,New Alexa
12479,Tina,West Michaelfurt
12480,William,West Shawn
12481,Lonnie,Josefurt
12482,Jennifer,Brookeville
12483,Kristina,North David
12484,James,West Davidton
12485,Melissa,Tylermouth
12486,Donna,Johnsonhaven
12487,Benjamin,Kennedymouth
12488,Lisa,Davidville
12489,Darin,Aliciabury
12490,Jessica,Mikaylatown
12491,Candice,Adrianfort
12492,Jacob,South Beverlyview
12493,Catherine,Leebury
12494,Daniel,Franktown
12495,Madison,New Kimberly
12496,Stephen,Greenhaven
12497,Jeffrey,Cameronfurt
12498,Lisa,Ericport
12499,George,Port Vincent
12500,David,Port Christineland
12501,Lindsay,South Jodyfort
12502,Jonathan,Justinstad
12503,Jesse,Turnermouth
12504,Cynthia,Randyton
12505,Stacey,Penamouth
12506,Kelly,South Nicole
12507,Kimberly,Smithburgh
12508,Susan,Tinahaven
12509,Carolyn,North Scottland
12510,Christopher,Johnfort
12511,Marie,New George
12512,Rebecca,Wilsonbury
12513,Monica,Bendershire
12514,Tiffany,Brandonshire
12515,Erica,Port Christinatown
12516,Alexis,Lake Kathleenfurt
12517,Justin,East Marie
12518,Dominic,Colonburgh
12519,Mike,Lake Jessica
12520,Olivia,New Josephville
12521,Brady,East Ronaldmouth
12522,Latoya,Perezmouth
12523,Jon,Martinezberg
12524,Scott,Collinsshire
12525,Elizabeth,Joshuatown
12526,Jennifer,Romerofurt
12527,Lisa,West Billyside
12528,Justin,Kevinborough
12529,Stacey,West Jameston
12530,Javier,South Krystalberg
12531,Toni,Dukebury
12532,Tammie,Gallegoston
12533,Brittany,Carrhaven
12534,Jacqueline,Popefort
12535,Emily,West Eric
12536,Cindy,East Jaredberg
12537,Gail,South Lisa
12538,Amy,Johnnyhaven
12539,Andrew,Kyletown
12540,Stacy,Benjaminfort
12541,Lori,New William
12542,Kimberly,Port Peterberg
12543,Joshua,Lake Rachel
12544,Sonya,Kendraberg
12545,Christopher,Lake Jerrymouth
12546,Anna,Martinport
12547,Christine,Phamtown
12548,David,Nealside
12549,Rachel,West Stevenmouth
12550,Jenna,East Williamside
12551,Kelly,Phillipsmouth
12552,Emma,Coxside
12553,Lauren,Rodriguezbury
12554,Ryan,South Linda
12555,Vickie,South Roberttown
12556,Melissa,Kellytown
12557,Brian,Harrisonbury
12558,Travis,Nicholastown
12559,Christian,New Ellenburgh
12560,Adam,Alexandermouth
12561,Christopher,New Daniel
12562,Rachel,North Christopher
12563,Lindsey,Molinaland
12564,Lisa,New Leahton
12565,Russell,Loweburgh
12566,David,North Jonathan
12567,Stacie,Maystad
12568,Eric,Jamesview
12569,Gary,Davidbury
12570,Shane,Lake Lance
12571,Caroline,Port Heidi
12572,Patrick,Lake Anthonyland
12573,Lauren,Aaronport
12574,Wendy,New Donnatown
12575,Melinda,Kevinville
12576,Alice,Jamieton
12577,Amy,Evansville
12578,Samantha,East Gregorytown
12579,Ashley,Brianmouth
12580,Melissa,Castilloview
12581,Michelle,Petermouth
12582,Deborah,Bakerchester
12583,Angela,Lake Carrie
12584,Craig,South Michaelfurt
12585,Gabrielle,Lake Nicoleberg
12586,Kelly,Alexanderland
12587,Curtis,Hoganborough
12588,Tanner,New Rachael
12589,Matthew,New Adamhaven
12590,Jessica,Seanland
12591,Mike,New Julieberg
12592,Kevin,Kathyshire
12593,Christopher,East Marcburgh
12594,Megan,Hallside
12595,Marilyn,New Patricia
12596,Dana,Mariaville
12597,Scott,Sanchezfurt
12598,Michael,Brandimouth
12599,Crystal,Lake Tracy
12600,Christian,West Jasmine
12601,Lauren,North William
12602,Jeffrey,East Barbarahaven
12603,Stephanie,Hoffmanbury
12604,Leslie,Port Garrett
12605,Jennifer,Wallberg
12606,Mark,East Jonathan
12607,Seth,Sergiochester
12608,Ryan,Patelport
12609,Michael,New Betty
12610,Paul,Christopherchester
12611,Christopher,South Dominiqueberg
12612,Joshua,Jennaberg
12613,Joseph,Sanchezfort
12614,Cody,Turnermouth
12615,Timothy,North Jennifer
12616,Bradley,Sullivanstad
12617,Nicholas,Port Jennifer
12618,Vanessa,Joshuatown
12619,James,Justinside
12620,Patrick,Lake Jason
12621,Maureen,Jenningsstad
12622,Michelle,West Bethanyview
12623,Jack,Sabrinatown
12624,Melissa,Lake Jill
12625,Brian,South Thomas
12626,Antonio,Cainview
12627,Danny,Wellsport
12628,Rebecca,Adamsmouth
12629,Charles,East Margaret
12630,Peggy,Brandonland
12631,Michelle,Johnland
12632,Kathy,Reynoldsport
12633,Philip,Buckmouth
12634,Jordan,Rickyfort
12635,Michael,South Leonardfort
12636,Travis,Lake Nancy
12637,Stacey,New Mitchell
12638,Raymond,Mendezstad
12639,Dennis,Mitchellville
12640,David,East Karenstad
12641,Margaret,Wolfeburgh
12642,Kenneth,Marcusport
12643,Justin,Lake Andrewberg
12644,Darren,North Jennifer
12645,Mark,Dennisside
12646,Brian,Reillymouth
12647,James,Woodstad
12648,Stacy,Debbiemouth
12649,Theresa,East Josephchester
12650,Eric,Jasmineberg
12651,Douglas,Port Zacharybury
12652,Gregg,Gregstad
12653,Diane,Jeremiahborough
12654,Logan,North Kennethbury
12655,Lisa,Riceport
12656,Monica,Carrietown
12657,Mary,Grimeshaven
12658,Seth,Lewisbury
12659,Amber,New Benjamin
12660,John,West Jeremybury
12661,Michelle,North Davidbury
12662,Emily,East Chelseamouth
12663,Anna,West Vanessafurt
12664,James,East Angelastad
12665,Brittney,South Carlosport
12666,Nicole,South Ashley
12667,John,Haydenfurt
12668,Holly,Holmesshire
12669,Jacqueline,New Tamaraborough
12670,Michael,Larryton
12671,Mark,Petersenchester
12672,Alice,Amberberg
12673,Marie,Isaacside
12674,Kirsten,Hawkinsfort
12675,Allen,Benitezfurt
12676,Dillon,Victorview
12677,Joshua,Lake Jason
12678,John,New Paulland
12679,Mary,New Joshua
12680,Danielle,New Melissa
12681,Laurie,North Laurie
12682,Holly,Hollandtown
12683,Joseph,Wareborough
12684,Jennifer,Port Paul
12685,Cody,East Joseph
12686,Elizabeth,West Latashaville
12687,Christopher,South Mariaport
12688,Todd,Robertside
12689,Jessica,Daleview
12690,Regina,Jeffreyfurt
12691,Christopher,Port Derekberg
12692,Gary,New Williamshire
12693,James,New Valerieberg
12694,Michael,Leeview
12695,Ricky,New Jared
12696,Timothy,North Miguelton
12697,Samantha,Port Ginaberg
12698,Jamie,Jamesberg
12699,Cynthia,Johnsonbury
12700,Philip,Anthonyfort
12701,Joseph,East Dorothymouth
12702,Christina,New Haleyhaven
12703,Robert,Lake Manuelton
12704,Christopher,Gabrielfort
12705,Holly,North Kimberly
12706,Carolyn,Tiffanyton
12707,Laura,Port Jared
12708,Christine,Collinsmouth
12709,Ashley,Lake Janice
12710,John,Colemanville
12711,Christy,North Susan
12712,Dustin,New Gregg
12713,Jason,North William
12714,Carmen,Craigmouth
12715,Adam,Barberport
12716,Thomas,Jonesmouth
12717,Ashley,Port Veronica
12718,Jerry,Port John
12719,Richard,Hunterstad
12720,Mary,Myerstown
12721,Christopher,Jacksonport
12722,Kara,South Kenneth
12723,Natasha,Karenland
12724,Dylan,Sarahhaven
12725,Shelley,Cunninghamland
12726,Christopher,Chadburgh
12727,Bianca,North Karen
12728,Sierra,Jayview
12729,David,West Lori
12730,Caitlyn,Gloverburgh
12731,Kevin,Lyonsstad
12732,Cindy,Riveratown
12733,John,Hamiltonburgh
12734,Cassidy,Davidmouth
12735,Susan,Clinefurt
12736,Gina,Lake Robert
12737,Leah,Port Davidshire
12738,William,Roweside
12739,Megan,Grayfort
12740,Anne,New Jamesstad
12741,Randall,Port Staceyburgh
12742,Christopher,Williamsbury
12743,John,Abigailmouth
12744,Mark,Garrettmouth
12745,Michael,Mariehaven
12746,Roberto,North Jamesview
12747,Laura,Michelleshire
12748,Hannah,South Shelley
12749,Brandon,Huntport
12750,Hannah,Bernardbury
12751,Stacy,Danieltown
12752,Lindsay,Jimhaven
12753,Danielle,Kellyfort
12754,Matthew,Colemouth
12755,Laura,Port Thomasland
12756,Alison,Greerview
12757,Matthew,Amandatown
12758,James,Port Tina
12759,Gina,Laurenville
12760,Stephen,South Kellyberg
12761,Tonya,Port Michaelmouth
12762,Brittany,East Donald
12763,Kathleen,East Haley
12764,Joseph,South Ann
12765,Brandon,Foxfurt
12766,Amy,Lake Russell
12767,Alexander,North Codychester
12768,Christine,Lake Carl
12769,Margaret,West Melissaside
12770,Jason,Lake Janeland
12771,Kevin,Donnachester
12772,Gary,Stevenstad
12773,Michael,Paulatown
12774,Robin,Salazarberg
12775,Ronnie,New Jessicamouth
12776,Tiffany,West Allisontown
12777,Cory,Patrickport
12778,Jennifer,Angelaside
12779,Erin,Port Sharon
12780,Mckenzie,Owenschester
12781,Wendy,New Austinside
12782,Nicholas,Medinaburgh
12783,Dennis,North Heidi
12784,Adrian,Donaldshire
12785,Charles,Reginashire
12786,Jason,West Curtis
12787,Jessica,Lake Todd
12788,Jeffery,North Frank
12789,Stephanie,New Charlesstad
12790,Erin,West Jaimeview
12791,Kevin,South Gregory
12792,Jennifer,Whitefort
12793,Amanda,Trujillohaven
12794,Heather,Heathermouth
12795,Jody,East Jonathanview
12796,Amber,Port Charles
12797,Connor,West Brendan
12798,Albert,Randallberg
12799,Latoya,Banksfurt
12800,Sandy,East Kenneth
12801,Nicholas,Weaverburgh
12802,James,East Seanmouth
12803,Lori,Maryhaven
12804,Victor,East Jonathan
12805,Jessica,Omarview
12806,Brandy,Alexanderfurt
12807,Jessica,Port Dawnton
12808,Joseph,South Brianaview
12809,Marilyn,Darlenemouth
12810,Rebecca,Kathrynburgh
12811,Sara,East Patrickstad
12812,Jessica,West Douglas
12813,Pamela,Lake Elizabethstad
12814,Juan,Kaylatown
12815,Justin,Griffithview
12816,Barry,East Kaylaburgh
12817,Jill,Santanachester
12818,Colin,Durhamfort
12819,Steven,Lake Melanieberg
12820,Joseph,Kiddhaven
12821,Margaret,Lake Parkerstad
12822,Stephanie,Danielhaven
12823,Susan,Chavezmouth
12824,Stanley,Lopezbury
12825,Rodney,South Christopherfurt
12826,Brandon,East Jeremyland
12827,Gregory,Bartontown
12828,Gina,Mooreburgh
12829,Deborah,Zacharyville
12830,Amber,Ramosbury
12831,Vanessa,Kurtberg
12832,Jillian,North Katrinamouth
12833,Brian,Port Linda
12834,Alyssa,Lake Maria
12835,Jonathan,Port Erin
12836,Jacqueline,Michaelborough
12837,Jeffery,Smithshire
12838,Erik,Garciachester
12839,Joshua,Floresberg
12840,Christopher,Port Trevorside
12841,Sonya,North Sherry
12842,Crystal,Elizabethside
12843,Danny,East Marcus
12844,Lauren,Lake Tinamouth
12845,Brian,Scottborough
12846,Anthony,Port Jenniferton
12847,Todd,New Bethany
12848,Ashley,West Russell
12849,Crystal,Sweeneystad
12850,Patricia,South David
12851,Renee,Medinashire
12852,Selena,East Lindsay
12853,Carol,East Adamshire
12854,Emily,Port Matthew
12855,James,Rivershaven
12856,Justin,South Jackhaven
12857,Elizabeth,Thomasburgh
12858,Gina,Lake Jamesview
12859,William,East Daniel
12860,Heather,West Danielborough
12861,Jacqueline,Josephfort
12862,James,Port Anna
12863,Heather,Kimberlyfort
12864,Jon,Rebeccaport
12865,Jennifer,North Teresa
12866,Ronald,Perrystad
12867,Amber,Vazquezton
12868,Kara,Danielfort
12869,Christopher,New Josephfort
12870,Danielle,Matthewhaven
12871,Rachael,Lunafurt
12872,Felicia,Lake Jameschester
12873,Angela,Lake Joshuatown
12874,Keith,New Kevin
12875,Seth,Lake David
12876,Mary,Stevenmouth
12877,Sydney,East Mariaville
12878,Chad,North Garrett
12879,Christopher,West Lisafort
12880,Robert,Patelside
12881,Jennifer,North Virginia
12882,Gina,Port Maryburgh
12883,Stephanie,Port Larryborough
12884,William,West Seanport
12885,Becky,North Theresa
12886,Ryan,Christybury
12887,Andrea,Alexandriamouth
12888,Leah,Wigginsborough
12889,Daniel,Banksfort
12890,Neil,Bradyburgh
12891,Joshua,Shannonstad
12892,Stacy,Laurenberg
12893,Brian,Larastad
12894,Cameron,South John
12895,Raymond,Port Julie
12896,James,Rodneyshire
12897,Lindsay,New Steven
12898,Christopher,West Michael
12899,Anthony,Andrewview
12900,Amber,Lake Marcusfurt
12901,Chris,Jessicaland
12902,Curtis,East Jennifertown
12903,Rachel,Leeville
12904,Paula,New Tracimouth
12905,Jennifer,West Tamaratown
12906,Jessica,East Dianemouth
12907,Ronnie,Douglasfurt
12908,Monica,Michaelton
12909,Amy,South Heidifurt
12910,Jason,Lindseyfort
12911,Lisa,Port Jeffreytown
12912,Michael,East Jeremyburgh
12913,Catherine,Andrewsbury
12914,Gabriel,Riverafort
12915,Nathan,Lake Victorland
12916,Karen,New George
12917,Diana,Murphyborough
12918,Tiffany,Lake William
12919,Cheryl,Sheaborough
12920,Yvonne,Lake Veronica
12921,Samuel,New Michael
12922,Leslie,Port Kelsey
12923,Joanna,New Jeffrey
12924,Mark,West Aimee
12925,Tamara,Kimberlyborough
12926,Alexander,Brittanybury
12927,Alan,Kington
12928,Jeffery,Watkinsmouth
12929,Sarah,North Jonathonhaven
12930,Eric,Ricardohaven
12931,Craig,Timfurt
12932,Sherri,Coreytown
12933,David,West Sheilaburgh
12934,Brandon,South Aaronmouth
12935,Erica,North Kerri
12936,Daniel,Sandrahaven
12937,Elizabeth,Barbaraburgh
12938,Jorge,Port Rodney
12939,Ashley,Jacksonfort
12940,Brian,Rubiohaven
12941,Jeremy,Callahanside
12942,George,New Williamberg
12943,Troy,Skinnerborough
12944,Sandra,New Josephside
12945,Alan,Meganshire
12946,Alexandra,Clayburgh
12947,Ruth,East Nicholasmouth
12948,Daniel,South Susan
12949,Charles,North Richard
12950,Jessica,Davidland
12951,Connie,North Robertton
12952,Laura,Franklinberg
12953,John,Kennedymouth
12954,Scott,Michelestad
12955,Michelle,North Mark
12956,David,Port Randy
12957,Carol,Amandaville
12958,Carol,North Jenniferberg
12959,Nicholas,South Shannonmouth
12960,Dorothy,Bradleyshire
12961,Kimberly,Lopezchester
12962,Jennifer,Ronaldbury
12963,Kristin,East Peter
12964,Meredith,East Caitlin
12965,Robert,Shanemouth
12966,Sherry,Robertview
12967,Molly,Port Stephaniefurt
12968,Stefanie,Clarkchester
12969,Melody,Shawnberg
12970,Katherine,East Johnfort
12971,David,Lake Justinport
12972,Alexandra,North Chloeburgh
12973,Kristin,East Bradley
12974,Julia,North Feliciaton
12975,Justin,Cindyberg
12976,David,Rodriguezborough
12977,Anna,Port Vanessa
12978,Tiffany,Danielleberg
12979,John,Charlesbury
12980,John,Port Sharonland
12981,Loretta,Thomasside
12982,Jacob,Davidbury
12983,Melissa,North Edward
12984,Melanie,Leeborough
12985,Shawn,South Courtney
12986,Adam,North Amberfort
12987,Eddie,Georgeshire
12988,Emily,Howechester
12989,Brett,Oliviatown
12990,Sarah,Lake Cheryl
12991,Linda,Christopherside
12992,Martin,Reevesview
12993,Michelle,Port Juliemouth
12994,Cameron,North Nathanielborough
12995,Joseph,Lake Timothytown
12996,Ernest,West Waltermouth
12997,Gregory,Philipfort
12998,Patrick,Brownmouth
12999,Tammy,Wandabury
13000,Amy,New David
13001,Alicia,Jonburgh
13002,Ricky,Davistown
13003,Matthew,Johnsonland
13004,John,Larryborough
13005,Christopher,Schmidtmouth
13006,Katherine,Ralphton
13007,Mark,Lake Diana
13008,Maria,North Christie
13009,Olivia,Matthewton
13010,Dana,North Michaelland
13011,Cheyenne,Saunderston
13012,Darren,Delgadoside
13013,Denise,Danielside
13014,Christie,Penningtonborough
13015,Cheryl,Lake Johnport
13016,Gina,North Tamiborough
13017,Leslie,West Larry
13018,Jordan,South Justinburgh
13019,Lindsey,East Lindachester
13020,Sara,Obrienmouth
13021,Daniel,New Timothyfort
13022,James,Christopherhaven
13023,Kevin,Lake Jeffery
13024,Donald,Traceychester
13025,Emily,South Joshua
13026,Jennifer,Rebeccaville
13027,Lawrence,West Lauratown
13028,Steven,Harrisonborough
13029,Jacqueline,Annettechester
13030,Deborah,Port Richard
13031,Melissa,Lake Jeremystad
13032,John,Port Marilynville
13033,Robert,Lake Matthew
13034,William,West Michaelton
13035,Candace,East Lynn
13036,Michael,South Tiffanyhaven
13037,Alexander,Port Evan
13038,Emily,South Kirsten
13039,Stephen,Pattersonville
13040,Daniel,Stewartborough
13041,Angela,Oconnorton
13042,Timothy,East Elizabethmouth
13043,Kelly,North Mackenzie
13044,Bryan,Samanthaside
13045,Danielle,Tapiaborough
13046,Deborah,Lake Andrewmouth
13047,Nicholas,Christinemouth
13048,Steven,New Joanshire
13049,John,Brownmouth
13050,Amanda,Port Codyside
13051,Daniel,Cristianfurt
13052,Lisa,North Jodi
13053,Andrew,Lake Danielshire
13054,Joseph,Richardshaven
13055,Virginia,Johnhaven
13056,Emma,Amandatown
13057,Brittany,East Jamesborough
13058,Sara,North Roberta
13059,Richard,Elizabethborough
13060,Tina,Maryhaven
13061,Brian,Nelsonhaven
13062,David,New Codyland
13063,Phillip,Burkemouth
13064,James,New Ginachester
13065,Angel,Alanborough
13066,Jennifer,Clarktown
13067,Andrea,Robinsonville
13068,David,Lake Chad
13069,Edward,West James
13070,Lori,South John
13071,Dana,Kelleyshire
13072,Tiffany,Lake Douglasbury
13073,Shawn,East Maryside
13074,Jennifer,North Kenneth
13075,Jonathan,West Steveton
13076,Margaret,West Andreachester
13077,Micheal,Bradleyburgh
13078,Matthew,Marshton
13079,Carl,Robinsonville
13080,Sheila,East Stacey
13081,Frank,New Angela
13082,Gary,Curryville
13083,Kimberly,South Tammy
13084,Daniel,Patriciafort
13085,Danielle,Valerieville
13086,Christopher,New Alexandramouth
13087,Kelly,Lake Kimberlybury
13088,Jennifer,Russellhaven
13089,Aaron,West Danielfurt
13090,David,East Laurenmouth
13091,Dwayne,East Daniel
13092,Rebecca,Jessicabury
13093,Robert,Pattersonfort
13094,Kristina,West Alyssafort
13095,Richard,North Brandy
13096,Kayla,Port Julie
13097,Louis,Alvarezstad
13098,Derrick,Dianafort
13099,Shawn,South Denise
13100,David,North Alfred
13101,Tristan,Masontown
13102,Rebecca,Vancestad
13103,Kristina,Williamsstad
13104,Susan,South Peggy
13105,Robin,Douglasshire
13106,Robert,Gutierrezborough
13107,Matthew,North Jason
13108,Crystal,South Elizabeth
13109,Gregory,Port Sharon
13110,Amanda,Colemanchester
13111,Jaime,South Stevenville
13112,Michael,South Brandontown
13113,Adam,Port Patriciatown
13114,Matthew,Haynesbury
13115,Stephanie,Richardsonchester
13116,Joshua,Gibsonchester
13117,Heather,North Ann
13118,Benjamin,New Jacqueline
13119,Virginia,New Michaelburgh
13120,Edward,Lake Todd
13121,John,South Jasminestad
13122,Richard,Audreytown
13123,Zachary,Elizabethhaven
13124,Anthony,Robertmouth
13125,Kurt,Lake Justin
13126,Benjamin,Jamesbury
13127,Alyssa,New Anita
13128,David,Port Brian
13129,Gary,Hernandezside
13130,Tammie,Douglastown
13131,Eileen,North Tracyhaven
13132,Ricardo,Michellefort
13133,Monica,Jamesfort
13134,Emily,West Catherine
13135,Melissa,East Sharon
13136,Carlos,West Stanley
13137,Juan,East Evanland
13138,Dennis,North Josehaven
13139,Debbie,Shawmouth
13140,Victoria,New Marystad
13141,Karen,Chanburgh
13142,Shannon,Chelseaside
13143,Jennifer,North Timothychester
13144,Mary,Port Rebeccaland
13145,Ashley,South Annaville
13146,Kyle,North Johnmouth
13147,Norman,West Patrick
13148,Patricia,Lake Karenside
13149,Melissa,Lake Austinside
13150,Samantha,Lake Wayne
13151,Gail,Lake Veronicastad
13152,Lynn,Muellerside
13153,Wayne,East Jennifer
13154,Angelica,Mooreport
13155,Bradley,Lake Kenneth
13156,Randall,Port Taylorfort
13157,Brianna,Brandonside
13158,Kenneth,Lake Destiny
13159,Calvin,Woodwardfurt
13160,Amanda,Samuelstad
13161,Julie,Jessicafurt
13162,Erin,East Kevinmouth
13163,Joshua,Lake Karen
13164,Carolyn,Thomasberg
13165,Richard,South Heather
13166,David,East Matthew
13167,Teresa,South Mary
13168,Trevor,Terrimouth
13169,Christopher,East Michelleview
13170,Scott,East Haleyberg
13171,Robert,South Jamesland
13172,Julie,Karenstad
13173,Angela,Kevinborough
13174,Stephanie,Dianeberg
13175,Erica,South Jerryview
13176,Christopher,Brownburgh
13177,Michelle,Amandashire
13178,Travis,Port Travisville
13179,Andrea,Lake Mary
13180,Adam,North Laurieland
13181,Andrew,Hillland
13182,Christine,New Kennethton
13183,Margaret,Lake David
13184,Troy,Jenniferside
13185,Luis,Port Angela
13186,Robin,New Brianville
13187,Nicholas,Haneyfort
13188,Christopher,Garyhaven
13189,Scott,North Yvonne
13190,Jennifer,Port Johnhaven
13191,Mackenzie,Alecfurt
13192,Michelle,Jamesfort
13193,John,Turnerside
13194,Abigail,Port Angelaberg
13195,Robert,Bryanfurt
13196,Jeffrey,Markmouth
13197,Jacob,New Jonathan
13198,Michelle,Davidhaven
13199,Emma,South Staciechester
13200,Sara,Gibsonfort
13201,Julia,Andreaberg
13202,Rachel,New Joseph
13203,Carla,Port Isaacstad
13204,Brenda,Mayoshire
13205,Chelsea,Jaredside
13206,Patricia,Karenchester
13207,Hannah,North Michael
13208,Adrian,Hannahstad
13209,Yvette,Brianborough
13210,Bradley,Michaelmouth
13211,Sara,South Michellemouth
13212,Ariana,Mcdowellberg
13213,Dean,North Erinbury
13214,Kevin,Jamesborough
13215,Marvin,Jaimemouth
13216,Wanda,Youngville
13217,Lisa,East Christine
13218,Sharon,West Billy
13219,Christopher,Lake Savannahbury
13220,Cassandra,Lake Darren
13221,Bethany,East James
13222,Henry,Martinmouth
13223,Daniel,North Nathan
13224,Rebecca,New Kevinchester
13225,Jessica,Lake Christopher
13226,Lauren,Alvaradoshire
13227,Kathryn,New Henryborough
13228,Sarah,East Kyle
13229,Jennifer,Andersonburgh
13230,Matthew,Brianville
13231,Lauren,Patelborough
13232,Rebekah,New Christina
13233,Scott,South Megan
13234,Pamela,South Kellychester
13235,Nicole,Paulton
13236,Douglas,West Billyview
13237,Jasmine,North Melissa
13238,Michael,Ellenport
13239,Wesley,Marcustown
13240,James,Johnsonborough
13241,Karen,Gomezmouth
13242,Travis,Ericborough
13243,William,North David
13244,Paige,West Annamouth
13245,Matthew,Andrewport
13246,Amanda,Sellersbury
13247,April,Lydiamouth
13248,Tanya,Port Dianafurt
13249,Amy,New Sarah
13250,Martha,Port Eric
13251,Jose,West Isaiah
13252,Jonathan,East Susan
13253,William,Katherineville
13254,Robert,New Michael
13255,Lindsey,South Loriton
13256,Christopher,West Edward
13257,Joseph,Harrishaven
13258,Melissa,West Saraport
13259,Thomas,South Natashaland
13260,Marissa,South Robert
13261,Maria,Wheelerview
13262,Randall,Rushbury
13263,Sabrina,Lake Brian
13264,Christine,Jonesmouth
13265,Tony,Smithmouth
13266,Nicholas,East Erica
13267,Kathryn,New James
13268,Brenda,Gutierrezmouth
13269,Darlene,Mathewshaven
13270,Billy,South Nicholastown
13271,Lisa,North Duane
13272,Brandon,North Brian
13273,Deanna,Claudiaside
13274,Craig,South Crystalborough
13275,Jessica,South Belindahaven
13276,Lucas,Woodsburgh
13277,Kevin,Villarrealberg
13278,Jennifer,West Deborahtown
13279,Maurice,Stewarttown
13280,Darren,Jamesburgh
13281,Michele,West Phyllisport
13282,Sally,Louisview
13283,Jose,Brianborough
13284,Angela,Lake William
13285,Sandra,North Lauren
13286,Amy,Jasonberg
13287,Jeffrey,Brownbury
13288,Sara,West David
13289,Stephen,Burtonville
13290,Thomas,Sarahfort
13291,Arthur,North Ronnieview
13292,David,Whiteview
13293,Julie,Colemanmouth
13294,Miranda,New Crystalborough
13295,Misty,Port Georgeview
13296,Melanie,Woodview
13297,Peter,Matthewland
13298,Susan,North Elizabethview
13299,Mark,North Amandahaven
13300,Jessica,Frankberg
13301,Judy,Rhondaton
13302,Brian,East Kaitlynport
13303,Peter,Lake Lisahaven
13304,Eric,South Jamesland
13305,Amber,Port Brandonbury
13306,Cesar,North Amber
13307,Charles,Patelville
13308,Cathy,New Barbarabury
13309,Jared,New Carolyn
13310,Brandon,West Katherine
13311,Veronica,Lake Bruce
13312,Monica,Rodriguezchester
13313,Sandra,Nathanfurt
13314,John,East Michelleside
13315,Mario,Caitlinmouth
13316,Kelly,Michelleton
13317,David,East Stevenstad
13318,Samuel,Brendaland
13319,Kathleen,New Thomasland
13320,Valerie,North Michael
13321,Melissa,Eileenport
13322,Alyssa,North Jasmine
13323,Michele,North Christopher
13324,Patrick,Coreyport
13325,Elaine,West Sophiafort
13326,Christopher,New Sheila
13327,Vicki,North Bradley
13328,Kristie,Barbaraberg
13329,Matthew,Port Tammyfort
13330,Bradley,Randallhaven
13331,Grace,West Codyland
13332,Raymond,East Janet
13333,Jason,Lake Sarah
13334,Makayla,Boylebury
13335,Michael,Cantrellmouth
13336,Howard,North Gwendolyn
13337,Kelly,Scottside
13338,Sarah,West Brianfort
13339,Richard,Mcdonaldtown
13340,Angela,Madelinehaven
13341,Michael,Meaganberg
13342,Randall,Juliaburgh
13343,Patrick,Rachaeltown
13344,Heather,West Michellehaven
13345,Randall,North Danielport
13346,Travis,Josephshire
13347,Emily,South Patriciashire
13348,Meghan,Patelview
13349,Kathleen,North Angelaland
13350,Tanya,Edwardschester
13351,Alexandra,Leeton
13352,Nicholas,South Matthew
13353,Mark,Vincentview
13354,Debra,New Ian
13355,Norman,Jamesside
13356,Jodi,Javiershire
13357,Justin,Mckinneystad
13358,Carrie,Lake Rachelville
13359,Grant,Mendozachester
13360,James,Georgeton
13361,Wendy,Port Nancy
13362,Pam,Nataliemouth
13363,Andrew,New Kevin
13364,Christopher,Ginaport
13365,Seth,Barnesland
13366,Michael,New Johnchester
13367,Karen,Hamptonside
13368,Scott,New Antonioshire
13369,John,Samanthaside
13370,Todd,Juliemouth
13371,Alex,Mirandaside
13372,Isaac,Garystad
13373,Adam,Carneyburgh
13374,Phillip,Devinport
13375,Craig,North Garyside
13376,Michael,Christinemouth
13377,Preston,Jasonborough
13378,Noah,Baxterchester
13379,Matthew,Port Cathy
13380,Denise,Walshshire
13381,Chris,East Lisabury
13382,Allen,Parkermouth
13383,Sherry,Bradleyborough
13384,James,North Tracyton
13385,Vicki,Jasonberg
13386,Megan,New Angelafurt
13387,Daniel,South Dana
13388,Anthony,Lake Melvin
13389,Daniel,Matthewstad
13390,Luis,North Drewview
13391,Curtis,Suareztown
13392,Anna,New Deborahland
13393,Jennifer,Tranport
13394,Eugene,Lake Meganland
13395,Richard,Thomasstad
13396,Brian,Mercadoland
13397,Mary,New Monica
13398,Denise,North Sara
13399,Megan,West Daniellemouth
13400,Ann,Boydbury
13401,Nicholas,Port Mariah
13402,Jared,Marthaland
13403,Paul,Oliviabury
13404,Rebecca,Johnsontown
13405,Denise,North Jeffreyborough
13406,Diane,Harrisshire
13407,Maria,Martinezbury
13408,Francisco,Hendricksshire
13409,Elizabeth,Seanton
13410,Samuel,New Laurafurt
13411,Billy,Lake Robert
13412,Monica,Port Sarahview
13413,Ashley,Lake Jeffrey
13414,Colton,North Julieport
13415,Eric,New Nicholas
13416,Derrick,South Jasonview
13417,Jonathan,Lake Christopher
13418,Amy,West Ronald
13419,Nathan,North Elizabethfurt
13420,David,South Lauraburgh
13421,Vicki,Tylerberg
13422,Heather,Danielland
13423,Ashley,New Ericashire
13424,Nathan,East Meghanton
13425,Jeffrey,Port Tyler
13426,Jonathan,Nicolasburgh
13427,Nicole,South Ronniechester
13428,Zachary,Fieldstown
13429,Jeremiah,Haydenville
13430,James,Helenmouth
13431,Justin,Hendricksburgh
13432,Joshua,Amberberg
13433,Tina,Cynthiaville
13434,Gary,South Karenmouth
13435,Tracy,Lowefurt
13436,Donald,North Jennifermouth
13437,Terri,Mcdonaldside
13438,Tiffany,Lake Raymond
13439,James,Jamesberg
13440,Sheila,Garzaside
13441,George,Andremouth
13442,Amy,East Danielmouth
13443,Tommy,North Christopher
13444,Janet,South Timothyport
13445,Michaela,Gregorychester
13446,Theresa,Oscartown
13447,Miranda,Port Joseph
13448,Joseph,Waltertown
13449,Cheyenne,Larsenside
13450,Jesse,Fisherfort
13451,Dylan,North Malik
13452,Amber,Lake Jennifer
13453,Shannon,Myersport
13454,Michael,New Bruce
13455,John,Michaelside
13456,Timothy,Mcintyrefurt
13457,Cody,New Jeffreyfurt
13458,Andrew,East Gregory
13459,Jessica,Kylebury
13460,William,Mullenchester
13461,Diane,East Anna
13462,Katie,West Peterton
13463,Susan,West Veronicastad
13464,Cynthia,West Scottborough
13465,John,Lake Robert
13466,Brianna,Brendanberg
13467,Casey,Michelleton
13468,Robert,West Marc
13469,Lauren,Churchville
13470,Justin,Richardfurt
13471,Bethany,Port Saraberg
13472,Michael,Jeanettetown
13473,Alex,Jacksonhaven
13474,Ruth,Lynnborough
13475,Heather,Cookville
13476,Krista,North Christian
13477,Ann,West John
13478,Elizabeth,Ronaldchester
13479,Joan,Christineshire
13480,Taylor,Nicholasbury
13481,Julie,East Jessicatown
13482,Gary,Moorehaven
13483,Ronald,Darleneborough
13484,Nancy,North Derrick
13485,Catherine,Hawkinsville
13486,Kelly,Robinville
13487,Austin,Cooperbury
13488,Jeffery,Johnsonshire
13489,Kevin,Richardsview
13490,Veronica,Walterport
13491,Christopher,Chapmanton
13492,Diane,West Elaine
13493,Carla,Maryport
13494,Anne,New Barbara
13495,Bradley,Matthewmouth
13496,Jennifer,Port Donaldfort
13497,Bryan,East Jonathan
13498,Jennifer,Jeffreybury
13499,Yvette,East Jaime
13500,Christopher,Dawnland
13501,Jennifer,Wardburgh
13502,John,South Marilyn
13503,Barry,Millsmouth
13504,Amy,New Andrea
13505,David,Nathanielmouth
13506,Larry,West Courtney
13507,Madison,Carlachester
13508,Brittany,Autumnland
13509,Emily,North Carrie
13510,Scott,West Franklin
13511,Brandon,Gailstad
13512,Lori,Lake Anthonyview
13513,Rachel,North Bridgettown
13514,Sylvia,Davidshire
13515,Brenda,Allenview
13516,Melanie,West Jeffreyfort
13517,Jeremy,Howellfurt
13518,Angela,Ericstad
13519,Daryl,Andersonborough
13520,Trevor,Jasonview
13521,Jonathan,Riverahaven
13522,Brian,North Charleshaven
13523,John,Thomasstad
13524,Gabriel,Nguyenmouth
13525,Shari,Adamland
13526,Randy,Timothyfort
13527,Rachel,Johnsonland
13528,Olivia,Tiffanymouth
13529,Kristin,East Joe
13530,Angela,Walshmouth
13531,Stephanie,Kimberlyborough
13532,Benjamin,West Edwin
13533,Melanie,East Barbara
13534,Tiffany,Port Wendychester
13535,Gregory,Marissabury
13536,Douglas,Stephaniehaven
13537,Curtis,East Anne
13538,Elizabeth,West Gloriaport
13539,Jacqueline,Sanchezmouth
13540,Amanda,Hardingtown
13541,Joshua,Lake Angelashire
13542,Adam,North Alexander
13543,Amy,Tonyamouth
13544,Billy,Danielshire
13545,Felicia,Erinhaven
13546,Alyssa,Reynoldsstad
13547,Christopher,Millermouth
13548,Jacqueline,South Nicholasberg
13549,William,North Brent
13550,Andrew,Jamesbury
13551,Alexis,West Ricky
13552,Benjamin,East Robertton
13553,Justin,New Laura
13554,Tara,Clementschester
13555,Sherri,Kimberlyside
13556,Matthew,Port Amber
13557,Jason,Rachaelbury
13558,Christopher,Port Kimshire
13559,James,North Williamborough
13560,Amber,New Annette
13561,Allison,New Jeremybury
13562,Louis,New Carolineside
13563,Corey,Smithville
13564,Jill,Stevensonfurt
13565,Anna,South Lisa
13566,Caroline,Alvarezbury
13567,Robert,Pattersonburgh
13568,Emily,South Georgetown
13569,Caleb,Victoriamouth
13570,Pamela,Stewartborough
13571,Jerry,Carterfurt
13572,Brittany,Joneshaven
13573,Gail,Wyattshire
13574,Danielle,Jacksonbury
13575,Shawn,Patriciastad
13576,Donald,South Stephanieland
13577,Lisa,Port Richard
13578,Adam,Markland
13579,Sandra,South Tiffany
13580,Melissa,West Randallhaven
13581,Reginald,Johntown
13582,Rhonda,Johnfort
13583,Heather,Lake Vickihaven
13584,Billy,Michaelport
13585,Gabrielle,Jesusshire
13586,Jonathan,Dianaberg
13587,Michael,East Eddieport
13588,Matthew,North Carmenfort
13589,Thomas,Port Justinfurt
13590,Marie,Littlefort
13591,Sarah,East Anthonyside
13592,Monica,Ramosborough
13593,Joseph,Port Calvin
13594,April,South Wesley
13595,Mark,North Kristafurt
13596,Jessica,Harrisonville
13597,Michael,Pinedashire
13598,Linda,North Melissa
13599,Joseph,North Tarastad
13600,Victor,North Dakota
13601,Ryan,Petersonberg
13602,Madison,New Jeanetteberg
13603,Anna,South Peterberg
13604,Kristen,Lake Brenda
13605,Laura,Port Brittanytown
13606,Michael,Ericview
13607,Caitlin,Wilsonmouth
13608,Brittany,Fuenteschester
13609,Brian,North Kaylaview
13610,Kristen,North Courtneyburgh
13611,Andrea,North James
13612,Beth,Lake Arthur
13613,Thomas,East Brianport
13614,Billy,Robbinsmouth
13615,Jody,Kennedymouth
13616,Renee,West Eugeneberg
13617,Kimberly,Christinaview
13618,Jeremiah,East Megan
13619,Tina,Josephmouth
13620,Justin,Rileytown
13621,Christina,Sharpbury
13622,Cynthia,Dakotaport
13623,Tina,North Marisahaven
13624,Christopher,Coxburgh
13625,Sabrina,North Megan
13626,Mary,Port Jacobmouth
13627,Michelle,Hunterstad
13628,Ashley,Rogersville
13629,Sarah,Port Robert
13630,Brian,Ryantown
13631,Erik,Lake Sierra
13632,Michael,Lorettaville
13633,Brenda,Gonzaleztown
13634,Christopher,New Benjaminside
13635,Victoria,New Jennaview
13636,Carol,Port David
13637,Kelly,Smithborough
13638,Melinda,South Lauren
13639,Candace,South Sharonland
13640,Allison,North Dylan
13641,Kari,Lake Kellyborough
13642,Tanya,Christopherfurt
13643,Lindsey,Joycebury
13644,Courtney,West Amymouth
13645,Daniel,South Dwaynemouth
13646,Mark,Franciscomouth
13647,Ryan,Lake Penny
13648,Timothy,Port Brandymouth
13649,Henry,Wagnerville
13650,Paul,East Susanview
13651,Kayla,Williamsberg
13652,Teresa,Maciasshire
13653,Bethany,Randolphhaven
13654,Leslie,Nicholsmouth
13655,Angela,Lake Margaretfort
13656,Bradley,New Kristi
13657,Martin,New Stevenburgh
13658,Christina,Reneebury
13659,Shaun,Port David
13660,Kelly,West Elizabethview
13661,Aaron,New Jamiefurt
13662,Nicole,Proctortown
13663,Tyler,Michaelburgh
13664,Christina,South Pamelaville
13665,Maria,Thomasfort
13666,Kelly,Jenniferbury
13667,Angelica,Kathleenmouth
13668,Joel,Port Melissafurt
13669,Veronica,Christinatown
13670,Erik,West Michaelton
13671,Brett,Robertsonhaven
13672,Annette,South Keith
13673,Leah,Flemingport
13674,Nicholas,Morganmouth
13675,Maureen,Scotthaven
13676,Maria,Huffmanfurt
13677,Alicia,New Ericchester
13678,Jennifer,Donaldstad
13679,Brittany,North Sarah
13680,Julia,New Victoria
13681,Tammy,New Jacob
13682,Matthew,New Brittney
13683,Sarah,Davidside
13684,Mark,Port Theresachester
13685,Philip,Emilymouth
13686,Jesse,West Deannafurt
13687,Kendra,Port Devinberg
13688,Michael,Michaelburgh
13689,Robert,New Nicholas
13690,Kenneth,Garciaburgh
13691,Andrew,New Michaelmouth
13692,Ethan,Blanchardbury
13693,Crystal,New Kimberlybury
13694,Brittany,Thompsonchester
13695,Jeffery,Benjaminshire
13696,Sandra,Bauerfurt
13697,Michael,Toddshire
13698,Joseph,Port Crystal
13699,Robert,East Paultown
13700,Jennifer,West Rhondaside
13701,Max,Buchananfort
13702,Richard,Birdchester
13703,Deborah,Hansentown
13704,Kimberly,North Richardbury
13705,Jennifer,North Kathleenborough
13706,Carolyn,Spencershire
13707,Wanda,Johnburgh
13708,Zachary,North Richardchester
13709,James,Chavezberg
13710,Amanda,Lowemouth
13711,Joseph,West Dylanstad
13712,John,East David
13713,Amanda,Batesland
13714,Edward,Soniaberg
13715,David,Holmesville
13716,Jacob,Kennethfurt
13717,Crystal,Timothyborough
13718,Michael,Christopherhaven
13719,Jasmine,Kaylastad
13720,Kristy,West Alex
13721,David,Oconnorport
13722,Scott,Lake Virginia
13723,Brittany,Jamesport
13724,Alexandra,Lake Davidshire
13725,Regina,Richardfurt
13726,Brian,Mcclureside
13727,Amber,Johnnymouth
13728,Michael,Port Stacyberg
13729,Kelly,Navarroville
13730,Joseph,Williambury
13731,Mark,New Christopherburgh
13732,Wanda,New Stacy
13733,Justin,Port Charles
13734,Brandon,North Danielshire
13735,Michael,Ashleyview
13736,Meagan,Lorimouth
13737,Joshua,Port Courtney
13738,Cody,Tonyashire
13739,Gerald,Matthewbury
13740,Natalie,South Breanna
13741,Melissa,Port Janetburgh
13742,Jeffrey,Bellside
13743,Lucas,Wilsonport
13744,Judith,West Carloschester
13745,Philip,North Anna
13746,Jeffrey,North Jaclyn
13747,Megan,Devinfort
13748,Sean,Scottburgh
13749,Oscar,South Shannon
13750,Amber,South Johnland
13751,John,North Kathryn
13752,Gary,North Bryan
13753,Sarah,South Vanessahaven
13754,Jennifer,Josephview
13755,Nicole,Garzaberg
13756,Matthew,Christophershire
13757,Anthony,East Jessica
13758,Michael,New Michaelland
13759,Ruth,North Jessica
13760,Taylor,Lake Megan
13761,Curtis,Brownbury
13762,Terri,East Sherryland
13763,Joseph,East Deanna
13764,Robert,East Matthew
13765,Anne,Greenborough
13766,Tyler,Port Chelsea
13767,Karen,Gatesville
13768,Michael,Chavezton
13769,Sharon,Port Kaylee
13770,Bianca,Nicolemouth
13771,David,Wilsonmouth
13772,Gregg,Port Dalton
13773,Amy,Jessicahaven
13774,Jason,Tinafort
13775,Ashley,Greenshire
13776,Patricia,Kimton
13777,Jacob,North Ryanfort
13778,James,Williamfurt
13779,Brian,Lake Gina
13780,Shannon,Lake Donna
13781,Stephen,Ellisview
13782,Jason,Kennedyland
13783,Melissa,Huntertown
13784,Sara,Wagnermouth
13785,Gabriel,Peterview
13786,Christopher,East Jeffrey
13787,Debra,Brennanfort
13788,Stephanie,Port Taylorhaven
13789,Jesus,Carrillomouth
13790,Susan,Kimberlytown
13791,Bonnie,North Taylor
13792,Tammy,Kellychester
13793,Kristen,Scottview
13794,Cynthia,North Elizabethton
13795,Michael,Sierramouth
13796,Samantha,North Gloria
13797,Amy,Port Connie
13798,Peter,East Angela
13799,Gary,North Amanda
13800,Kristen,Sarahstad
13801,Tiffany,East Melinda
13802,Justin,Jasmineburgh
13803,Gina,Lake Michael
13804,Brenda,Port Kevin
13805,Joshua,Reyesstad
13806,Jamie,Michaeltown
13807,Fernando,Ochoafort
13808,Evan,East Alicia
13809,Gina,South Christina
13810,Nicholas,Lake Rebeccabury
13811,Deborah,South Kylehaven
13812,William,West Nicole
13813,Austin,Andrewburgh
13814,Jim,Port Michellefurt
13815,James,Olivermouth
13816,Julie,New Matthew
13817,Lee,Carolynton
13818,Sarah,Josephfurt
13819,Cynthia,Maxhaven
13820,James,Henryfurt
13821,Ronald,West Elizabethhaven
13822,Angela,East Scottton
13823,Sandra,New Rachelmouth
13824,Christopher,New Jaime
13825,Amy,Melissaton
13826,Erica,Port Bruce
13827,Sarah,Danielberg
13828,Elizabeth,Christopherview
13829,Jennifer,East Anneland
13830,Gregory,Port Alexmouth
13831,Karen,North Isaiahfurt
13832,Michael,Boydmouth
13833,Garrett,Port Gina
13834,Brenda,Jessechester
13835,Mark,New Kelly
13836,Karen,Douglasbury
13837,Samuel,Youngmouth
13838,James,Graceland
13839,Erin,Stonestad
13840,Derek,Lisastad
13841,Nicholas,Kylefort
13842,Emma,South Derrick
13843,Christopher,Michaelville
13844,Matthew,Woodborough
13845,Catherine,Walkerport
13846,Charles,Maxwellhaven
13847,Sarah,East Steventown
13848,Julie,Port Courtneyland
13849,Michelle,Kendramouth
13850,William,Port Brittany
13851,Cynthia,New Mandyview
13852,Amy,Lake Adamland
13853,Nicholas,Gonzalezton
13854,Amanda,West Katiebury
13855,Hannah,New Rodney
13856,Monique,Frenchhaven
13857,Jacob,Brittanyport
13858,Nathan,Lake Brianview
13859,Cody,Lake Davidmouth
13860,Laura,Terrybury
13861,Andrew,Amytown
13862,Heather,North Raymond
13863,Lauren,Daleberg
13864,Kathleen,Darleneshire
13865,Erin,East Barryhaven
13866,Alison,Hoburgh
13867,Jerome,Gardnerburgh
13868,Douglas,North Debbie
13869,David,East Erika
13870,Jill,East Jason
13871,Melanie,New Derrickview
13872,Peter,Mariofort
13873,Dana,Jillland
13874,Tina,Weissbury
13875,Melissa,Leeville
13876,Rachel,North Jennifermouth
13877,Angela,Phillipsbury
13878,Patricia,East Brett
13879,Ashley,Wagnerburgh
13880,John,Catherinemouth
13881,Christine,Deniseland
13882,Michael,Ernestside
13883,Elizabeth,North Michaelhaven
13884,Traci,Clarkstad
13885,Matthew,Deniseside
13886,Gordon,New Crystalland
13887,Paige,Wendyberg
13888,Kevin,New Barbarachester
13889,Kelly,West Brandon
13890,Don,North Gina
13891,David,South Danielleland
13892,Denise,Wilsonport
13893,Harold,Hernandezmouth
13894,Kyle,Julieside
13895,Peter,Colontown
13896,James,Mooreburgh
13897,Kenneth,East Jamesborough
13898,Matthew,East Kelly
13899,Michael,Thompsonmouth
13900,Joshua,Lake Michelle
13901,Stacy,Ryanton
13902,Danny,New Angelicaville
13903,Angela,North Alison
13904,Rodney,Robertburgh
13905,Michael,Rhodesmouth
13906,Kristy,Port Anthonyville
13907,Anthony,Dannyland
13908,Michael,Zacharyberg
13909,John,Port Jacobtown
13910,Heather,West Dustinburgh
13911,Kaitlin,East Timothyton
13912,Jacob,Brookschester
13913,Leslie,Murphyfurt
13914,Shane,West Bryanfort
13915,Sarah,North Melinda
13916,Samuel,New Sandra
13917,Emily,West Valeriehaven
13918,Christopher,Vincentview
13919,Cynthia,East Michaelport
13920,Anthony,Phillipshaven
13921,Annette,Smithhaven
13922,Amy,Lake Timothy
13923,Grace,East Nina
13924,Kelli,Rogershire
13925,Andrew,Port Melissashire
13926,Brittany,Lake Robertland
13927,Jerry,North Joshuabury
13928,Thomas,Lake Eric
13929,Katie,North Carmenmouth
13930,Michael,New Thomasland
13931,Travis,New Jeremiahland
13932,David,Jonesport
13933,Ashley,South Jenniferstad
13934,Elizabeth,Sullivanstad
13935,David,Jasonchester
13936,Cynthia,New Elizabeth
13937,Scott,East Raven
13938,Janet,Tannerville
13939,Michael,Deckerland
13940,John,Charlesbury
13941,Jonathan,Lake Michael
13942,Amy,Alvarezville
13943,Christine,East Taylorburgh
13944,Carla,East Theresaside
13945,David,Woodsville
13946,Joy,South Jessica
13947,Frederick,Connertown
13948,Amanda,West Johnside
13949,Madeline,Port Roger
13950,Diane,South Deanna
13951,Shawn,Jasonton
13952,Brian,Tonyafort
13953,Joan,Natalieport
13954,Louis,North Paul
13955,Lisa,South Roger
13956,Emily,Charlesborough
13957,Lisa,East Candicetown
13958,Henry,Chadfurt
13959,Lawrence,Montgomeryfort
13960,Tonya,Hoffmanburgh
13961,Nicole,Port Trevorburgh
13962,Corey,Shawnmouth
13963,Elizabeth,Nicolechester
13964,Jonathon,South Samantha
13965,Brian,East Victor
13966,Harry,Lewisberg
13967,Christy,East Barbara
13968,Rebecca,South Brandiside
13969,Eddie,Lake Robert
13970,John,Cooperport
13971,Lisa,Youngchester
13972,Mary,Averyshire
13973,Brandi,Lake Debraport
13974,Bethany,Laurenport
13975,Kristen,Johnsonchester
13976,Steven,Michaelstad
13977,Brian,Pattersonland
13978,Vanessa,Port Raymondport
13979,Tiffany,Levineton
13980,Dana,East Anthonyfurt
13981,Christopher,Martinezhaven
13982,Frank,North Nicole
13983,Chad,North Stephaniefurt
13984,David,Danielfort
13985,Ryan,Cooktown
13986,Nicholas,East Tony
13987,Richard,East Jeffreystad
13988,Jennifer,West Bryan
13989,Douglas,New Robinchester
13990,Hannah,Coreyside
13991,Nancy,Alechaven
13992,Troy,Nicolefort
13993,Joseph,Jenniferhaven
13994,Sarah,Cindyland
13995,Robert,East Annechester
13996,Charles,Hunterborough
13997,Renee,New Jonathan
13998,Ronald,Cobbmouth
13999,Antonio,Lake Martin
14000,Jennifer,East Jonathan
14001,Lisa,North Jennifer
14002,Kyle,Annebury
14003,Brooke,Samanthachester
14004,Curtis,Port Stephanietown
14005,Johnny,East Jonathan
14006,Eric,Markborough
14007,Joshua,West Felicia
14008,Lisa,Alexanderstad
14009,Anita,South Jacquelinehaven
14010,Alison,Lake Courtneyburgh
14011,Todd,Francisside
14012,Stacey,Duncanchester
14013,Connie,Port Heathertown
14014,Brandon,West Paul
14015,Thomas,Claudiastad
14016,Nicholas,Matthewville
14017,Richard,Gutierrezmouth
14018,Nathan,South Hannah
14019,Veronica,Jocelynberg
14020,Jeffrey,Sandybury
14021,Elizabeth,Port Randallstad
14022,Gary,New Anneberg
14023,Daniel,North Teresafort
14024,John,North Shelly
14025,Christian,Nicoleberg
14026,Nancy,Amandaview
14027,Anthony,Lake Christopher
14028,Ashley,North Josephview
14029,Aaron,Arroyoville
14030,Jonathan,South Jennifer
14031,Joseph,North Brittanybury
14032,Crystal,East Kathrynchester
14033,Deborah,New Kellimouth
14034,Jesse,Mahoneyfurt
14035,Autumn,Paulchester
14036,Isabella,Wattsville
14037,Rachel,Port Sarahchester
14038,Mario,Anthonystad
14039,Michelle,Port Rodneyborough
14040,Mary,South Samantha
14041,Michael,East Lorraineland
14042,Alan,Freemanport
14043,Rebecca,Jenniferhaven
14044,Samantha,North Brian
14045,Kenneth,North Javierstad
14046,George,Taylorville
14047,Barbara,Garyport
14048,Amber,East Kellyburgh
14049,Brian,Mosston
14050,Lauren,North Henry
14051,Cameron,New Kellyview
14052,Kelly,Carrieville
14053,William,Watkinschester
14054,Paul,West Aaron
14055,Kristen,Juanberg
14056,Christina,New Jennifer
14057,Cody,Amyfort
14058,Christine,Port Derekview
14059,Cassandra,Lake Jason
14060,Anthony,Snyderbury
14061,Barbara,South Lawrencetown
14062,Peter,West Stephanieborough
14063,Dustin,Rushland
14064,Scott,Andrewborough
14065,George,South Adam
14066,Jeffrey,Port Lindabury
14067,Mary,Lake Albertland
14068,Cody,Rayport
14069,Steve,Masonstad
14070,Madison,Mossside
14071,Henry,West Davidburgh
14072,Nicholas,Kevinborough
14073,Rachel,Burnsside
14074,Amy,West Stacymouth
14075,Tammie,Glassside
14076,Emily,East Benjamin
14077,Luis,Hendersonville
14078,Nicholas,South James
14079,Debra,Port Kathleen
14080,Matthew,West Sharon
14081,Lisa,Wyattview
14082,Amber,Port Richard
14083,Nancy,Jenniferberg
14084,Jeffrey,Raymondfurt
14085,Stephen,West Jessica
14086,Bruce,Port Jamesmouth
14087,Karen,West Michaelfurt
14088,Angelica,Hancockberg
14089,Darrell,Port Randy
14090,Christine,Davidport
14091,Aaron,Port Debbiestad
14092,Crystal,South Tracybury
14093,Diana,Port Wesleyberg
14094,Katelyn,Port Alyssamouth
14095,Jessica,Jamesbury
14096,Julie,North Kyle
14097,David,Lake Karen
14098,Heather,East Robertfort
14099,Ian,Port Tanya
14100,Stephanie,New Judith
14101,Sherri,New Courtney
14102,Sylvia,Lake Veronica
14103,Sara,Baileyborough
14104,James,Fishertown
14105,Patricia,Bradyfurt
14106,Alexis,Phillipsfort
14107,Larry,Lewismouth
14108,Sarah,Port Kimberlyfort
14109,Shawn,Lake Roger
14110,Elizabeth,Stokeston
14111,Heidi,North Bonnieberg
14112,Jacob,Charlesport
14113,Sheena,Williamstad
14114,Shannon,Kellyland
14115,Teresa,North Dylan
14116,Teresa,Lake Jason
14117,Douglas,New Williamland
14118,Susan,North Janeport
14119,Jared,West Shanehaven
14120,Timothy,Julieside
14121,William,Russellhaven
14122,Melissa,Bushshire
14123,John,North Tom
14124,Rhonda,Lake Thomasmouth
14125,Jordan,Brownborough
14126,William,Kevinville
14127,Ashley,Wrightview
14128,Anthony,West Michelleburgh
14129,Jennifer,North Gregory
14130,Christopher,Camachoport
14131,Jennifer,Lake Erinshire
14132,Jason,Howellstad
14133,Justin,Lake Nicholasland
14134,Alexander,Anitachester
14135,Zachary,Johntown
14136,Monique,Joshuafort
14137,Jose,Rachelmouth
14138,Debra,West Christianborough
14139,Megan,Boyerbury
14140,Tiffany,Lake David
14141,Patrick,Michelleborough
14142,Brian,Port Michelle
14143,Mark,South Kristinchester
14144,Kimberly,Lake Maryview
14145,Gregory,Ramirezberg
14146,William,Christineburgh
14147,Lee,Andersenstad
14148,Frederick,West Isabel
14149,William,Davishaven
14150,Ryan,Lake Johnnyton
14151,Stephanie,North Maria
14152,Ricardo,Alexandriafurt
14153,Billy,Perryfurt
14154,Philip,Jonathanhaven
14155,Julia,Brandyburgh
14156,Melissa,Garciastad
14157,Ryan,Heatherfurt
14158,Adam,East Nancy
14159,Phyllis,Elizabethfort
14160,Benjamin,East Kayla
14161,Ross,East Sierrachester
14162,Jose,Lake Kathryn
14163,Melissa,Perryton
14164,Theresa,Henryfort
14165,Amy,Toddport
14166,Rebecca,Lake Sarahmouth
14167,Juan,Jamietown
14168,Robert,North Robert
14169,Mary,New Danabury
14170,Annette,East Justin
14171,Jaclyn,North Kaitlynchester
14172,James,New Timothy
14173,Caroline,North Michaelberg
14174,Paul,Lake Gary
14175,Melissa,Salinasborough
14176,Steven,Bartonmouth
14177,Kristen,East Matthewhaven
14178,David,Port Robert
14179,Nicole,Wilsonfurt
14180,Laura,Port Ryan
14181,Erika,West Carrieville
14182,Amy,Coffeybury
14183,Michael,North Jamieville
14184,Brad,Michellechester
14185,Isabel,Mayerview
14186,Krista,Caitlinville
14187,Troy,Lake Jillfort
14188,Shawn,Andradeport
14189,William,New Eric
14190,James,New Alex
14191,Kelly,Katieton
14192,Hector,Port Mary
14193,Albert,West Jon
14194,Caleb,Lake Valerieburgh
14195,Oscar,West Aaron
14196,Cameron,East Julia
14197,Veronica,East Nicolestad
14198,Troy,Annaside
14199,Colton,Frederickmouth
14200,Jeffery,Johnburgh
14201,Patricia,Lake Davidborough
14202,Brandon,South Michael
14203,Wendy,Lopezhaven
14204,Cindy,Nicoleport
14205,Anthony,North Greg
14206,Charles,Lake Colleenstad
14207,Christopher,Andersonside
14208,Jennifer,New Kristin
14209,Tiffany,Lake Benjaminshire
14210,Christopher,West Elaineberg
14211,Elaine,Maryborough
14212,Jared,Shawborough
14213,Ryan,Hatfieldland
14214,Jesse,Lake Paul
14215,John,New Gloria
14216,Brandon,Ortizfort
14217,Brandon,West Cody
14218,Kathryn,West Nicholas
14219,Christine,Scottview
14220,Mary,East Joshuaborough
14221,Dorothy,East Linda
14222,Chad,Myersville
14223,Justin,Victoriamouth
14224,James,Leonchester
14225,Nicholas,Lake Matthewberg
14226,Jason,North Daniel
14227,Catherine,Port Joseph
14228,Melissa,East Sarah
14229,Cynthia,Johnbury
14230,Angel,Lake Christopher
14231,Victoria,Carlfurt
14232,Keith,Hillton
14233,Brittany,Lanceton
14234,James,Pooleburgh
14235,Patrick,Colleenland
14236,Scott,Port Marcusside
14237,Marcus,Rickfurt
14238,Jenna,West Charlestown
14239,Michelle,Port Jonathan
14240,Daniel,East Travisland
14241,Nicholas,Lake Michaelburgh
14242,Richard,West Amanda
14243,Amber,Martinezville
14244,Samantha,Johnsonport
14245,Christopher,Charlesfort
14246,Alexandria,Port Christopherborough
14247,Kristopher,Perryview
14248,Kelli,Kyleport
14249,Joseph,Port Andrewfurt
14250,Denise,Christineberg
14251,Breanna,Ryanberg
14252,Lisa,Christinaville
14253,Shelia,Marthamouth
14254,Rachel,West Maryshire
14255,Kimberly,Farrellmouth
14256,Timothy,Barkerfort
14257,Curtis,East Patriciaville
14258,Joe,Thomasfort
14259,Tami,Calhounmouth
14260,Melissa,Sueton
14261,David,Port Douglasside
14262,Lori,Mauricefort
14263,Heidi,West Matthew
14264,Maria,Fullershire
14265,Barbara,Gonzalezstad
14266,Rhonda,West Sandrahaven
14267,Stacy,East Donaldport
14268,Traci,Carolynstad
14269,Gerald,Lake Daniel
14270,Gary,North Robertton
14271,Robert,Abigailhaven
14272,Aimee,Sandrachester
14273,Mary,Fishertown
14274,Jake,Lake Davidton
14275,Christopher,Cynthiahaven
14276,Donna,Whitneyfurt
14277,Matthew,North Amandaview
14278,Angela,North Shannon
14279,Harold,North Paul
14280,Tiffany,North Alexandra
14281,David,Rachaelmouth
14282,Lindsey,Jamiefort
14283,Brian,Lake Theresabury
14284,Alan,New Chrismouth
14285,Rodney,Port Johnfurt
14286,Richard,Matthewville
14287,Dawn,South Bradley
14288,April,Kimberlyfurt
14289,Alicia,Davidsontown
14290,Janice,North Philip
14291,Karen,Elliottmouth
14292,Mike,East Thomas
14293,April,Lake Tammy
14294,Anthony,Tiffanyview
14295,Juan,New Brian
14296,Charles,Port Andreamouth
14297,Joshua,New Danielstad
14298,Jennifer,Hollandmouth
14299,Elizabeth,Smithville
14300,Gabriella,Lake Kellymouth
14301,Timothy,Brownland
14302,Alex,Sandrastad
14303,Courtney,Julieside
14304,Rachel,Jamesville
14305,Amy,Lake Rebeccachester
14306,Carol,East Emilyshire
14307,Martha,North Jacobton
14308,Nicholas,Port Victoriastad
14309,Joseph,Christyfort
14310,Gregory,Adrienneville
14311,Barbara,Justinton
14312,Pamela,North Anaville
14313,Krystal,Millsland
14314,Stacey,East Stacy
14315,Steven,Greerchester
14316,Michael,Butlerland
14317,Patrick,Lake Jamesborough
14318,Logan,South Denise
14319,John,Timothyton
14320,Samuel,North Erichaven
14321,Shelia,Hardinview
14322,Jeffrey,South Justin
14323,Brandy,Lake Rebecca
14324,Douglas,Port Jonathanfort
14325,Tara,Beckville
14326,Miranda,East Thomasshire
14327,Jonathan,Hendersonton
14328,Donna,West John
14329,Brianna,Ryanmouth
14330,Jenny,East Patriciamouth
14331,Barry,Williamsview
14332,Jerry,Lucasland
14333,Tony,New Robert
14334,Jasmine,Lake Kevin
14335,Ashley,Dennisview
14336,Brian,Edwardsmouth
14337,Ashley,Sarahfurt
14338,Jessica,Lake Todd
14339,Brian,Feliciastad
14340,Eric,Port Lisa
14341,David,East Christopherfurt
14342,Ashley,Lesliechester
14343,Michael,East Cindy
14344,Rebecca,East Michael
14345,Michael,North Ashleyville
14346,Julie,Diazfort
14347,Seth,South Georgeport
14348,Ryan,New Karen
14349,Cynthia,Susanbury
14350,Elijah,East Joshuaburgh
14351,Jonathan,South Kristina
14352,Bradley,South Markburgh
14353,Amanda,Mistystad
14354,Valerie,Lorimouth
14355,Jenny,Melissachester
14356,Sierra,Port Cheyenne
14357,Jamie,Williamburgh
14358,Jamie,Brandonshire
14359,Aaron,Williamshaven
14360,Cheryl,Port Kaylee
14361,George,Port Brandonhaven
14362,Paul,East Jacksonmouth
14363,Michael,North Ashley
14364,Stephanie,Grantmouth
14365,Courtney,Port Ericville
14366,Shirley,East Crystal
14367,Nicholas,Vickiefurt
14368,Kathryn,Breannachester
14369,Angela,West Tabithabury
14370,Lindsey,Jimenezfurt
14371,Janet,North Cynthia
14372,Kevin,Williamston
14373,Michael,Katrinashire
14374,Eugene,Taraton
14375,Scott,Port Kevinstad
14376,Steven,New Chadchester
14377,Anthony,East Williamview
14378,Melissa,Williamston
14379,Jack,Dominguezchester
14380,Michael,Kennethberg
14381,John,Jenkinsport
14382,Lauren,Josephmouth
14383,David,Pattonborough
14384,Rodney,Port Sarah
14385,Andrew,Laurenhaven
14386,Matthew,Warrentown
14387,Mike,East Ryan
14388,Shannon,South Mark
14389,Matthew,Richardmouth
14390,Wesley,South Melissa
14391,Teresa,Gregoryside
14392,Patrick,Wilsonchester
14393,Alvin,Michaelchester
14394,Claire,Port Joanside
14395,Mark,Michaelshire
14396,Tommy,North Justinburgh
14397,Joseph,West Kimberly
14398,Ashley,East Alejandro
14399,Roy,Brownhaven
14400,Rebecca,Lake Kristinstad
14401,John,Simpsonview
14402,Monica,South Bobby
14403,Zachary,Jerryton
14404,Robin,Lake Candice
14405,Jason,North Becky
14406,Alejandro,West Ryanshire
14407,Michael,Colemanside
14408,Michael,Jonathanton
14409,Kathryn,South Frederickport
14410,Sarah,Velasquezton
14411,Louis,Rachaelport
14412,Anthony,Lake Krista
14413,Stephanie,Hendrixbury
14414,Alexander,West Kellyton
14415,Jeremy,Lunachester
14416,Gerald,East Richardview
14417,Natasha,Fernandeztown
14418,Stanley,North Paulbury
14419,Gina,Cooperberg
14420,Charles,Danielmouth
14421,Jason,Davenportburgh
14422,Carl,West Sara
14423,Bridget,New Eric
14424,Mary,West Davidborough
14425,Kerry,Kimberlychester
14426,Douglas,New Adam
14427,Diana,New Alvinfort
14428,Thomas,Stevensonburgh
14429,Ashley,Lake Jodi
14430,Justin,Port Phillipton
14431,Gerald,Guzmantown
14432,Derrick,New Timothyfurt
14433,Peter,Beverlyborough
14434,Michael,Diazland
14435,Dawn,Port Sharonview
14436,Howard,East Williamborough
14437,Alexander,Boydview
14438,Carmen,Brownview
14439,Mark,Jonesmouth
14440,William,Davidmouth
14441,Ricky,Woodston
14442,Zoe,Port Debra
14443,Shirley,Port Erica
14444,Shannon,Frankside
14445,Erika,Thomasland
14446,James,Crawfordshire
14447,Alyssa,Christychester
14448,Barbara,Turnerborough
14449,Leah,West Angie
14450,Diane,South Trevor
14451,Alexandra,North Heatherfort
14452,Jason,Phillipsmouth
14453,Kenneth,South Nathanport
14454,Crystal,East Dianeberg
14455,Joan,West Bonnie
14456,Megan,South Jakemouth
14457,Tammy,Carolineshire
14458,Amy,Lorraineside
14459,Jennifer,South Ashleymouth
14460,Amy,Martinezstad
14461,David,East Kathytown
14462,Johnny,Lake Cesarland
14463,David,East Bailey
14464,Phyllis,Ramirezhaven
14465,Teresa,South Anthony
14466,Martha,North Julieport
14467,Samantha,Lake Kelly
14468,Sabrina,Fletcherville
14469,Holly,Lake Gregorytown
14470,Karen,South Tammy
14471,Jennifer,New Rebeccashire
14472,Ashley,Jenkinstown
14473,Rebecca,East Gloria
14474,Mark,Parkshaven
14475,Jon,Port Audrey
14476,Shelly,North Sarahburgh
14477,Donald,West Rebeccamouth
14478,Tanya,West Tammy
14479,William,North Margaret
14480,Ariel,West Regina
14481,David,West Carmenton
14482,Samantha,Perezview
14483,Kimberly,West Jamesmouth
14484,Noah,Adamport
14485,Eric,East Kristin
14486,Elizabeth,Jordanton
14487,Olivia,East Andrew
14488,Joseph,East Andreaburgh
14489,Gregory,Jensenmouth
14490,Wesley,Frankfurt
14491,Michelle,Kristinshire
14492,Joseph,North Margaretville
14493,Todd,East Rhonda
14494,John,West Brandon
14495,Kevin,Garyview
14496,Natalie,Gardnerstad
14497,Kristen,Port Tom
14498,Tammy,Lake Thomasfurt
14499,Elizabeth,Mcdanieltown
14500,Courtney,North Justin
14501,Marcus,Thomasbury
14502,Victoria,Tammieberg
14503,Katrina,Lake Kimberlychester
14504,Austin,North Ashleyview
14505,Brandon,Clarkfurt
14506,Mikayla,Port Austinville
14507,Stephen,Lake Frankshire
14508,Lauren,Masonstad
14509,Chris,Simmonstown
14510,Brandon,Mcknightberg
14511,Ricky,Port Debra
14512,Jacob,North Evelynburgh
14513,Anthony,West Ryanland
14514,Claire,Port Richard
14515,Tammy,Teresaton
14516,Christopher,Scottfort
14517,Debra,Mccormickshire
14518,Mary,East Jessicamouth
14519,Lori,Floreshaven
14520,Bobby,Carlyfort
14521,Roy,West Melanieside
14522,Nicole,Michaelmouth
14523,Belinda,East Jeffrey
14524,Joshua,Lake Kennethmouth
14525,Michael,North Roberta
14526,Jesse,Johnbury
14527,Theresa,Payneview
14528,Jose,New Brendaport
14529,Kyle,West Anntown
14530,David,Smithfurt
14531,Nicholas,Lake Nancyview
14532,Philip,Lake Benjamin
14533,April,Latoyatown
14534,Dustin,Santosland
14535,Nicole,North Jenniferville
14536,Kevin,East Ericbury
14537,Pamela,South Robertview
14538,Shelley,New Seanberg
14539,Mary,South Crystalville
14540,Judith,Virginiamouth
14541,Zachary,Kirbyport
14542,Stephanie,Kevinborough
14543,Kristina,Bentleychester
14544,Antonio,East Jeffreyland
14545,Amanda,Ramirezfurt
14546,Mary,Port Brandon
14547,Brandy,Lake Ryanburgh
14548,Glenn,Barbaraside
14549,Kelly,Trevortown
14550,Daniel,Birdtown
14551,Carol,West Keithmouth
14552,Sarah,North Meganfurt
14553,Donald,Lake Sarahburgh
14554,Casey,Smithmouth
14555,Kimberly,New Alexander
14556,Michelle,New Sean
14557,Steven,Lake Larryland
14558,Katrina,Kristenborough
14559,Daniel,Williammouth
14560,Justin,East Christinafurt
14561,Alexandra,East Howard
14562,Scott,West Josephton
14563,Michael,Barrychester
14564,Amanda,Dixonside
14565,Michelle,Ricechester
14566,Christine,North Erin
14567,Cynthia,Jameston
14568,Michael,New Stacy
14569,Evelyn,Petersonborough
14570,Mark,Hortonborough
14571,Alicia,Michaelberg
14572,James,Normanstad
14573,Haley,Hobbston
14574,Rick,Brandonville
14575,Katherine,Chadburgh
14576,Eric,Port Sarahfurt
14577,Misty,Hoffmanbury
14578,Robert,New James
14579,Jason,Jeffreyfort
14580,Joe,Deborahbury
14581,Kenneth,New Gwendolyn
14582,Ashley,Juliachester
14583,Brandon,South Brittany
14584,Timothy,East Susan
14585,Kaitlyn,Sandersfort
14586,Kimberly,Lake Jonathanchester
14587,Richard,East Savannahborough
14588,Nancy,Jamesmouth
14589,Brady,Daviston
14590,Jacqueline,Gabrielberg
14591,Joyce,Perkinshaven
14592,Philip,South Angela
14593,David,East Michael
14594,Roger,North Peter
14595,Steve,Malonemouth
14596,Robert,Lake Garrett
14597,Jacqueline,Rebeccatown
14598,Julie,East David
14599,Timothy,Hollyside
14600,Jennifer,Dustinmouth
14601,Rachel,Mayertown
14602,Margaret,Smithhaven
14603,Ashley,North Zacharyfurt
14604,Matthew,Simpsonfort
14605,Matthew,North Lisafurt
14606,Dennis,Lake Nicolefurt
14607,Anne,Lake Rose
14608,Matthew,East Tina
14609,Barbara,East Coreytown
14610,Jennifer,Port Kaylaburgh
14611,Anthony,Lauraland
14612,Julia,West Sarahville
14613,Betty,Lake Melindachester
14614,Justin,New Barbaraview
14615,David,Jessicaview
14616,Katherine,New Larry
14617,Valerie,Kirkview
14618,Gregory,Lake Katherinestad
14619,Blake,Taylorton
14620,Dominique,Nicholasfurt
14621,Alexis,New David
14622,Benjamin,West Jason
14623,Michael,Jeffreyville
14624,Anthony,Port Randyhaven
14625,Terri,North Christine
14626,Janet,Kristihaven
14627,Brian,South Donnahaven
14628,Elizabeth,East Andrewhaven
14629,Deanna,Kristophershire
14630,Samantha,Lake Kennethborough
14631,Elizabeth,Lake Natashafurt
14632,Shannon,New Courtneyfurt
14633,Kimberly,Carmenfurt
14634,Jessica,Lake Adamberg
14635,Kelly,New Kevinport
14636,Sophia,New Edwardport
14637,Lee,Port Elizabeth
14638,Ricky,Patelborough
14639,Megan,East Alexis
14640,Brian,Lake Ericport
14641,Bryan,East Annland
14642,Carolyn,New Calebstad
14643,Teresa,West Jesse
14644,Jaclyn,Stephanietown
14645,Carrie,South Emma
14646,Jason,South Seanburgh
14647,Joseph,Lake Erikmouth
14648,Michael,East Kathryn
14649,Sarah,Port Jennifer
14650,Victoria,Lake Christopher
14651,Jeffrey,Gonzalezshire
14652,Kristen,West Judithshire
14653,Wesley,Millerside
14654,Kelly,Johnchester
14655,Amy,West Sara
14656,Sherri,North Daniel
14657,Jasmine,Joshuaborough
14658,Javier,Raybury
14659,Danielle,Brennanberg
14660,Jennifer,Whitneyberg
14661,Michaela,Adamsmouth
14662,Kim,New Patricia
14663,Gabriel,Herreraville
14664,Matthew,Cisnerosview
14665,Brian,Lake Mitchellfort
14666,Emily,Catherineside
14667,Shelby,Boyleville
14668,Ashley,Brendashire
14669,Kathleen,Geraldstad
14670,Cody,East Michael
14671,Allison,North Melissaborough
14672,Paul,North Mitchellview
14673,Samuel,West Kevinhaven
14674,Aaron,Goodview
14675,Brian,Ravenberg
14676,Kathryn,Port Traceyshire
14677,Stephanie,Mayoview
14678,Austin,Medinaton
14679,Joshua,Ericamouth
14680,Annette,South Johnnyfurt
14681,Michael,South Carolinemouth
14682,Sandra,Rodriguezside
14683,Anthony,Tonymouth
14684,Sheila,Joseville
14685,Frank,North Charlesview
14686,Desiree,Crawfordside
14687,Timothy,Lake Danaton
14688,David,Lake Ann
14689,Shane,Briannamouth
14690,Paul,South Calebshire
14691,Terri,Rebeccaland
14692,Anthony,Lake Howardmouth
14693,Austin,Lake Melissa
14694,Tammy,West Joshuaton
14695,Kimberly,East Thomasberg
14696,Michael,West Meganstad
14697,Christopher,South Aaronhaven
14698,Erika,Johnsonberg
14699,Craig,North Michelle
14700,Karen,Tiffanyborough
14701,Mark,South Daniel
14702,Betty,Wilsonside
14703,Maxwell,Frankfurt
14704,Ian,Larrymouth
14705,Angela,South Denisetown
14706,Amanda,Lake Donaldport
14707,Benjamin,Jessicaville
14708,Crystal,Wrightport
14709,Derek,South Peterberg
14710,John,North Judytown
14711,Ryan,North Michaelchester
14712,Jonathan,Oliverport
14713,Robin,Hawkinsstad
14714,Todd,Bellhaven
14715,Eric,Jerryfurt
14716,Nathan,West Rachelton
14717,Elizabeth,Underwoodfurt
14718,Dawn,West Erika
14719,Mary,Port Julia
14720,Andrew,Lake Renee
14721,Elizabeth,North Craig
14722,Lisa,Amyfurt
14723,Donald,Gregoryberg
14724,David,South Joeside
14725,Elizabeth,Port James
14726,Laura,East Brittanyberg
14727,Jacqueline,South Jacobfurt
14728,Elizabeth,Lake Jeremiah
14729,Justin,Rodriguezshire
14730,Vanessa,East Erik
14731,Mark,Martinland
14732,Lawrence,Thomasbury
14733,Amber,Jonmouth
14734,Ashley,Jeffreystad
14735,Terri,South Laurenmouth
14736,Kimberly,New George
14737,Albert,East Marissatown
14738,Anita,New Laura
14739,Joshua,Myersmouth
14740,Jeffrey,Vanessaton
14741,John,Leefort
14742,Tiffany,South Pamelaport
14743,Derrick,Adamsfurt
14744,Angela,North Andrew
14745,Tricia,Saraside
14746,Antonio,Harrisstad
14747,Kevin,Port Paigeport
14748,Justin,Priscillamouth
14749,Samantha,Jamietown
14750,Jeremy,Davisville
14751,Nicholas,Waterschester
14752,Vanessa,Port Tina
14753,Ian,Karenfurt
14754,Robert,Jenniferton
14755,Erin,Garystad
14756,Lauren,Parkview
14757,Deborah,North Matthew
14758,Mitchell,Jenniferton
14759,Tara,Alyssaton
14760,Olivia,South Lesliefurt
14761,Samantha,Susanport
14762,Brandon,Brownfurt
14763,Douglas,Lake Laura
14764,Corey,Amystad
14765,Zoe,North Todd
14766,Calvin,Vazquezhaven
14767,Jeanne,East Matthew
14768,David,Lake Scottfurt
14769,Brian,South Katiemouth
14770,Lisa,Thomasview
14771,Melissa,Lewisville
14772,Randy,Meghanburgh
14773,Henry,Millerville
14774,Colleen,Jessicaton
14775,Maria,East Joseph
14776,Stephanie,Lake Matthewbury
14777,Craig,Angelport
14778,Brianna,North Donaldview
14779,Christian,New Shannon
14780,Autumn,Port Tiffanymouth
14781,Jason,South Michelle
14782,Autumn,East Leslieland
14783,Ashley,Olsonhaven
14784,Shelby,Smithhaven
14785,Lisa,West Carlos
14786,Robert,West Brian
14787,Jose,East Madeline
14788,Jeffrey,North Johnmouth
14789,Mary,New Eddieshire
14790,Deborah,East Laurenhaven
14791,Patrick,New Bradley
14792,Jennifer,Nelsonberg
14793,Kevin,West Barbarafort
14794,David,Mooreville
14795,Andrew,Diazside
14796,Adam,Lake Brian
14797,Heather,New Sandrastad
14798,Lisa,East Stephanie
14799,Samantha,Molinafort
14800,Matthew,Briannafort
14801,Jason,East Rebekah
14802,Michael,West Michaelhaven
14803,Richard,Clarkville
14804,Cynthia,Melaniehaven
14805,Richard,West Paul
14806,Pamela,Whiteview
14807,Adriana,Port Ashley
14808,Amber,Lake Lisa
14809,James,West Ronaldview
14810,Gabriel,Port Ryanchester
14811,Corey,Port Jenniferton
14812,Susan,North Alanbury
14813,Jessica,Teresaland
14814,Robert,West Christopherberg
14815,Julie,South Tanyamouth
14816,Jennifer,Grahambury
14817,Brandon,Baileymouth
14818,Desiree,Charleshaven
14819,Meagan,West Shawnchester
14820,Joshua,Wilsonhaven
14821,Ashlee,Port Austin
14822,Catherine,Kentshire
14823,Robert,Jeffreyside
14824,Michael,East Calebmouth
14825,Lisa,Zamorahaven
14826,Melinda,New Haroldmouth
14827,Anthony,Port Ronald
14828,Terri,Clarkehaven
14829,Kenneth,Timothyton
14830,Monica,Lake Robert
14831,Mary,East Phillipborough
14832,Kenneth,Port Charles
14833,Vanessa,North Lindaburgh
14834,Alicia,New Brenda
14835,Vanessa,New Emma
14836,Gary,South Crystal
14837,Renee,Bellshire
14838,Erin,Brendashire
14839,Nicole,Lake Brookeburgh
14840,Roy,East Robertville
14841,Alex,Port Erin
14842,Daniel,Cynthiaville
14843,Caleb,Wattsville
14844,Kenneth,Jacobsonmouth
14845,Max,Collinstown
14846,Louis,Mariaville
14847,Mercedes,Timothyville
14848,Amanda,Adamsshire
14849,Brian,New Elizabethchester
14850,Jeffrey,Katherinefurt
14851,David,Lake Michelle
14852,Jackie,New Julie
14853,Seth,Rosalesland
14854,Adam,South Elizabethfort
14855,Sarah,Alisonville
14856,Christopher,Lake Brooke
14857,John,Sandrastad
14858,Michael,North Robertport
14859,Jean,North Kimberly
14860,Jacqueline,New Christopherfort
14861,Thomas,New Frances
14862,Scott,Andersonmouth
14863,Jason,Mcguiremouth
14864,Kyle,West Donna
14865,Anna,Schmidtshire
14866,Sarah,Lake Nicoleberg
14867,Daniel,Gomezland
14868,Christopher,Lake Andreaville
14869,Katherine,Adamland
14870,Alan,West Justin
14871,Robert,Lake Phillip
14872,Benjamin,New Kimberlyburgh
14873,Gary,Aarontown
14874,Lisa,New Amy
14875,Dustin,New Robertfurt
14876,James,New Tina
14877,Charles,Robinsontown
14878,Mary,Andersonburgh
14879,Steve,Murphyview
14880,John,Port Elizabeth
14881,Joshua,South Peterfort
14882,Michelle,Deanchester
14883,Hunter,North Katelyn
14884,Tony,Thomasmouth
14885,Amy,Lake Margaret
14886,Derek,Rhodesfort
14887,Stacey,Turnerside
14888,Arthur,Connorport
14889,Heidi,South Brianview
14890,Patricia,Johnsonland
14891,Laurie,East Amyfort
14892,Michele,Thompsonland
14893,Sierra,Lake Eric
14894,Wayne,North Amanda
14895,Crystal,Kimberlyburgh
14896,Deanna,Lake Lisa
14897,Matthew,North Steve
14898,Maria,Michaelmouth
14899,Renee,Port Kelly
14900,Melanie,Lake Jeremiahchester
14901,Jared,Shieldsmouth
14902,Nicole,Humphreyside
14903,Mark,Lake Heather
14904,Daniel,Lauraberg
14905,Janice,New David
14906,Shannon,Hudsonside
14907,Michele,Timothybury
14908,Mary,Lake Nathaniel
14909,Michael,Port Justinfurt
14910,Joseph,Raymouth
14911,Nicolas,South William
14912,Sandra,Mariachester
14913,Danielle,Morganbury
14914,Tracy,Blackburnmouth
14915,Raymond,Brettburgh
14916,Stacey,Claytonhaven
14917,David,Lake Nicole
14918,Christopher,New Katherine
14919,Lucas,Port Jennifer
14920,Ryan,Bakerchester
14921,Christina,Wilsonstad
14922,Julie,Kellychester
14923,Nicole,West Ryan
14924,Christopher,Port Dannymouth
14925,Bradley,Brendaview
14926,Michael,Whitneyborough
14927,Paula,North Alanmouth
14928,Pamela,South Jamesport
14929,Daniel,West Debra
14930,Stacie,Ortizbury
14931,Christopher,Andersonview
14932,Christine,Parkerhaven
14933,Christopher,Ballside
14934,Walter,New Coryfort
14935,David,North Jessicaview
14936,Matthew,Port Mariahaven
14937,Patricia,Lake Clifford
14938,Christopher,Leebury
14939,Tim,Chadberg
14940,Elizabeth,Mayochester
14941,Michelle,New Amandaport
14942,Thomas,Port Suzanneside
14943,Bonnie,North Chad
14944,Barbara,Martinville
14945,Mark,North Kari
14946,Brenda,Rojasfurt
14947,Bryan,South Brianborough
14948,Renee,Stephenmouth
14949,Tommy,Lake Jonfurt
14950,April,Deborahbury
14951,Terri,Kimberlyville
14952,Kristopher,Rachaelport
14953,Sarah,Cynthiamouth
14954,Philip,Bradybury
14955,Alejandro,Port Stephanie
14956,Patrick,New Baileybury
14957,Charles,Timothyberg
14958,Scott,New Brian
14959,Andrew,Nicholasville
14960,Andrea,Keithview
14961,Jessica,Nicholasmouth
14962,Kaitlyn,East Carol
14963,Michael,Drewfort
14964,Yolanda,North Dylan
14965,David,Lake Coltonport
14966,Lisa,Wrightside
14967,Alan,West Williamfort
14968,Jared,East Mary
14969,Deborah,Bernardville
14970,Sabrina,West Jessicaberg
14971,James,East Robertfort
14972,Amy,South David
14973,John,Griffinview
14974,Jennifer,Lake Brianfort
14975,Jeremy,Amystad
14976,Debra,Lake Thomas
14977,Nicholas,East Kristy
14978,Brenda,Amberland
14979,Linda,Port Travis
14980,Natalie,Nancyshire
14981,Joseph,North Melissaville
14982,Kim,Lake Brittanyborough
14983,George,North Sheila
14984,Richard,Mackenziestad
14985,Robin,West Jenniferland
14986,Levi,Briannaland
14987,Timothy,Port Nancy
14988,Michelle,Daviesfort
14989,Erin,New Phillip
14990,Susan,East Morganport
14991,Andrew,Valentinestad
14992,Derrick,New Samanthamouth
14993,Dakota,Kelseyfort
14994,Lori,Stevenstown
14995,David,South Lauratown
14996,Allen,East Johnshire
14997,Timothy,Hernandezbury
14998,Melissa,North Victoriaton
14999,Abigail,Port Angelaborough
15000,Travis,Sharonfort
15001,Shannon,South Jessicaburgh
15002,Michael,New Harry
15003,Mark,Lake Samanthaberg
15004,Rebecca,North Huntermouth
15005,Erik,New Elizabeth
15006,Noah,Greenmouth
15007,Amanda,South Dennis
15008,Jessica,Christopherville
15009,Jeremy,Karenbury
15010,Mary,West Brandiview
15011,Christopher,Port Jacobberg
15012,Brian,Frostfurt
15013,Taylor,Lake Donnaside
15014,Deborah,Annberg
15015,Danielle,North Luis
15016,Joseph,West Elizabeth
15017,Nancy,Davischester
15018,Russell,Faulknerville
15019,Charles,Hunterland
15020,Desiree,North Lorihaven
15021,Laura,South Jamesview
15022,Wanda,Johnmouth
15023,Alan,Hollyshire
15024,Brittany,West Jamietown
15025,Gary,North Angelaburgh
15026,Courtney,Lake John
15027,Rebecca,West Kristinemouth
15028,Shannon,Herrerashire
15029,Tara,Thomasville
15030,Eric,Port Melissafort
15031,Caitlin,East Derrick
15032,Christopher,Moniqueton
15033,Michael,New Abigailtown
15034,Juan,Ballardside
15035,Steven,Porterborough
15036,David,East Nancy
15037,Leonard,North Heather
15038,Valerie,Cliffordfurt
15039,James,Burnsmouth
15040,Mark,Janeville
15041,Cynthia,Port Kimberlyfort
15042,Jeffrey,Port Melissahaven
15043,Timothy,North Susan
15044,James,North Brendan
15045,Ronald,Port Jennifer
15046,Jackie,Jasonmouth
15047,Jonathan,East Kimberly
15048,Andre,Michaelborough
15049,Anthony,Santanabury
15050,Theresa,Lake Elizabethstad
15051,Jessica,East Jamiestad
15052,Michele,East Mary
15053,Brenda,New Christine
15054,Shelley,Patrickfort
15055,Michelle,Kennethfurt
15056,Jimmy,North Aaron
15057,Kristen,Ochoatown
15058,James,Jonathanmouth
15059,Christina,Lake Marc
15060,Tracy,New Andrea
15061,Angela,Barbarastad
15062,Margaret,New Chelsea
15063,William,Reneeborough
15064,Andrew,Millertown
15065,Michaela,Port Donnaside
15066,Jonathan,North Barbara
15067,Megan,East Heather
15068,Brianna,Joefort
15069,Brad,New Lisashire
15070,Angela,Lisabury
15071,Benjamin,Adrianland
15072,Victoria,Phamstad
15073,Jacqueline,Caitlinview
15074,Rachel,Lake Danland
15075,Andrew,Lake Stephen
15076,Alan,East Douglas
15077,Nicole,North Holly
15078,Robert,North Maria
15079,Steven,Ferrellmouth
15080,Christopher,Port Josephhaven
15081,Christina,North Stevebury
15082,Alyssa,North Frankland
15083,Matthew,Port Steven
15084,Steven,Hernandezside
15085,Jacqueline,Grahamland
15086,Matthew,Lake Samuel
15087,Joseph,Walterfort
15088,Robert,West Deanville
15089,Luke,West Matthew
15090,Brian,North Robertstad
15091,Joyce,Hansenburgh
15092,Linda,Port Caseyfurt
15093,Diana,Port Nicoleborough
15094,Michelle,Sheilaside
15095,Valerie,Gabrielland
15096,Kimberly,South Gregoryton
15097,Jennifer,Emilyside
15098,James,North Glendaberg
15099,Katrina,Anthonyburgh
15100,Aaron,Lauraview
15101,Diane,West Angelica
15102,Marcus,North Jeffreytown
15103,Lori,Lake Aaron
15104,Daniel,Port Michaelport
15105,Richard,New Tara
15106,Catherine,Rickyfurt
15107,Meghan,Port Daniel
15108,Roger,Port Robinfort
15109,Andrea,North Valerieview
15110,Danny,Burnstown
15111,Dominique,Brianview
15112,Danielle,New Lori
15113,Nathan,Karenberg
15114,Carl,Lake Brandonshire
15115,William,New Jennifer
15116,Anita,Jenniferbury
15117,John,South Lauren
15118,Ryan,South Michael
15119,Michael,Elizabethside
15120,Steven,East Scotttown
15121,Richard,Leeberg
15122,Jennifer,Lynchchester
15123,Jacqueline,Davidtown
15124,William,Russellchester
15125,Leah,Benjaminmouth
15126,Joanna,Douglasshire
15127,Diana,East Patricia
15128,Justin,Smithborough
15129,Donna,New Terri
15130,Jillian,Codystad
15131,Anthony,Port Ernestside
15132,David,North Josephfurt
15133,Sharon,Jacksonchester
15134,Douglas,East Erin
15135,Craig,West Danielle
15136,Jane,East Elizabeth
15137,Amanda,Vincentview
15138,Kimberly,West Donnatown
15139,Megan,Morganburgh
15140,Julie,South Jenniferberg
15141,Amy,South Erinport
15142,Elizabeth,North Theresa
15143,Mason,Williamfurt
15144,Michael,Port Brendatown
15145,Derrick,Amymouth
15146,Laura,New Tonyland
15147,Nancy,Cassandraborough
15148,Erica,West Jonathan
15149,Megan,Amberstad
15150,Sarah,Darrylton
15151,Crystal,South Amandaside
15152,Michael,Allisontown
15153,Margaret,Seantown
15154,Natalie,Lake Anthonyview
15155,Matthew,Maryberg
15156,Regina,Port Michellebury
15157,Justin,Port Stephaniemouth
15158,Ryan,Port Kathyburgh
15159,Chelsea,East Luis
15160,Jennifer,West Emmaport
15161,Michelle,Christophershire
15162,John,West Brett
15163,James,North Victoriastad
15164,Jessica,Heathmouth
15165,Parker,South Jenniferburgh
15166,Cameron,Port Randall
15167,Alice,Brianside
15168,Kaylee,East Margaret
15169,Jon,South Joseph
15170,Alexandra,Jarvisburgh
15171,Eric,South Zachary
15172,John,Davidmouth
15173,Justin,Millerside
15174,Travis,North James
15175,Wendy,Elizabethfurt
15176,Jon,South Amyfort
15177,Jacob,Franklinton
15178,David,New Johnchester
15179,Michael,South Roy
15180,Anthony,North Michaelstad
15181,William,New Catherinechester
15182,Matthew,New Nancy
15183,Manuel,Laurahaven
15184,Trevor,Port Davidland
15185,Leah,Lake Amber
15186,Victoria,Shannonfurt
15187,Kenneth,West Brianaview
15188,Mary,Jennifershire
15189,Andrew,Cruzville
15190,William,New Matthewhaven
15191,Sean,Erictown
15192,Michael,Knoxhaven
15193,Andrew,Allisonmouth
15194,Mary,East Angela
15195,Joseph,Gutierrezshire
15196,Jennifer,Lake Jessica
15197,Brittany,South Ralphberg
15198,Jason,Adamview
15199,Nicholas,Davidshire
15200,Brian,Gonzalezberg
15201,Heidi,Peterfurt
15202,Jeffrey,Tracyfort
15203,Michael,Merrittport
15204,Grace,Brennanshire
15205,Veronica,Josephberg
15206,Jessica,Walkerland
15207,Dale,Michaelland
15208,April,Lake Shawntown
15209,Jessica,Smithview
15210,Jason,Gonzalesfort
15211,Christina,Port Michael
15212,Gail,West Gary
15213,Teresa,Reginaldfort
15214,Tony,Levystad
15215,Brent,North Dennis
15216,Elizabeth,Lake Corey
15217,Tonya,West Morganland
15218,Nicole,Lake Laurenchester
15219,Jonathan,Karenport
15220,Jennifer,Claytonshire
15221,Joanna,Port David
15222,Kimberly,Lopezport
15223,Brian,South Carolynview
15224,Richard,Jeffreytown
15225,Marissa,New Georgeburgh
15226,Seth,Larsonville
15227,Lisa,North Micheleville
15228,Peter,South Lori
15229,Anthony,Williamsstad
15230,Jason,Barnesport
15231,Craig,East Zacharybury
15232,Daniel,Stephenfurt
15233,Briana,Maryfort
15234,Kimberly,Jamestown
15235,Jennifer,West Kevin
15236,Joseph,Alexanderland
15237,Karen,Brownfort
15238,James,New Tylerport
15239,Kathryn,Johnton
15240,Bryan,Millerstad
15241,Katrina,West Terrencestad
15242,Anthony,South Richard
15243,Haley,Wilsonview
15244,Danielle,East Tara
15245,Mike,Pettystad
15246,Emily,Wongstad
15247,Tamara,North Julialand
15248,Lisa,South Daniel
15249,Michelle,Ronnieshire
15250,Samantha,Whitemouth
15251,Richard,Fryehaven
15252,Joseph,West Emilyburgh
15253,Brandon,Webbburgh
15254,Kristin,New Glen
15255,Savannah,Port Danielleville
15256,Allen,West Joseph
15257,Sheena,Tranfort
15258,Jeffrey,West Lauren
15259,Suzanne,Aaronside
15260,Jonathan,North Christopher
15261,Pamela,Alexanderland
15262,Cheryl,Powellmouth
15263,James,South Laurabury
15264,Caitlyn,Jonesborough
15265,Katie,New Cynthia
15266,Donna,North Anthony
15267,Christina,West Robinburgh
15268,Michelle,Brownport
15269,Colton,Melvinbury
15270,Joseph,New Brandon
15271,Kimberly,Kennedyberg
15272,Drew,Lake Linda
15273,Daniel,East Soniastad
15274,Stephen,Courtneyhaven
15275,Kristi,Rodriguezmouth
15276,Brent,New Melanieshire
15277,Tiffany,Ryanhaven
15278,Kyle,New Scott
15279,Kevin,Dawnbury
15280,John,North Ronaldchester
15281,Aaron,Taylorshire
15282,Kenneth,Ericksonview
15283,Steven,North Tinamouth
15284,Gary,Lake Andrewton
15285,Edwin,Keithtown
15286,Linda,New Michaelmouth
15287,Melissa,Lake Sarah
15288,Justin,North Mark
15289,Diane,South Denise
15290,Ian,Mckeemouth
15291,Mallory,Moraleshaven
15292,Eric,North Jennifer
15293,Jacqueline,Johnmouth
15294,Douglas,Lake Graceside
15295,Leslie,East Krista
15296,Edward,East Andrew
15297,John,Hebertmouth
15298,Christina,New Georgemouth
15299,Michelle,Donside
15300,Lucas,Port Sandra
15301,Adam,East Matthewmouth
15302,Tiffany,Tapiamouth
15303,Danielle,South Kathrynside
15304,Theodore,Davidland
15305,Ray,Lake Robertstad
15306,Gerald,New Charles
15307,Paul,Lake Larry
15308,Sean,South Josephville
15309,Kenneth,Meyerport
15310,Michele,North Carolfurt
15311,Christy,Brooksborough
15312,Jennifer,West Jessica
15313,Terry,North Christophermouth
15314,Pamela,Lake Christina
15315,John,East Shaneburgh
15316,Christopher,Jamesfurt
15317,Mercedes,Knightfurt
15318,Emily,New Laurahaven
15319,Leslie,Taylorchester
15320,Joy,New Keith
15321,Derek,Erikaside
15322,Ruth,Bradybury
15323,Monica,Lake Rhondaton
15324,Joshua,Annabury
15325,Thomas,Parkerside
15326,Catherine,New Karlamouth
15327,Rachel,New James
15328,James,Pachecoborough
15329,Grant,Port James
15330,Jessica,South Laurafort
15331,Amanda,New April
15332,Anthony,Alexanderside
15333,Justin,South Robert
15334,Michael,Lake Heatherland
15335,Amy,West Amy
15336,Jeffrey,West Anthonyland
15337,Benjamin,South Connor
15338,Heidi,Joshuaton
15339,Susan,Mooreland
15340,Jeremy,East Alyssaside
15341,Susan,Jeffreybury
15342,Nancy,Samuelbury
15343,Holly,Taylorchester
15344,Megan,Kimville
15345,Kimberly,Murphyfort
15346,Michael,Rodneyborough
15347,Ashley,West Sarah
15348,Julia,Christopherborough
15349,Calvin,Salazartown
15350,Gary,Fisherfort
15351,Lauren,Yorkland
15352,David,New Michael
15353,Christopher,Scottburgh
15354,Frank,Patriciamouth
15355,Christy,East Steven
15356,Melanie,Allentown
15357,Jessica,West Travis
15358,Angela,West Deannaton
15359,Courtney,New Steven
15360,Pamela,East Sherritown
15361,Courtney,Port Loganside
15362,Willie,North Janiceport
15363,Donna,Sherylville
15364,Jason,Wilsonchester
15365,Carrie,Gonzaleshaven
15366,Emily,Hartview
15367,Brooke,Johnsonmouth
15368,Ruth,Youngbury
15369,Patricia,Johnsonberg
15370,Kimberly,East Amanda
15371,Daniel,Lake Sharon
15372,Joan,Danielleshire
15373,Cheryl,Bakerfurt
15374,Amanda,New Christy
15375,Natasha,Campbellville
15376,Erin,West Pamelachester
15377,Mathew,Spencermouth
15378,Steven,Nancymouth
15379,Brianna,Port Johnathanchester
15380,Brenda,Rodriguezview
15381,Kevin,Gentryfurt
15382,Natalie,North Tonyaview
15383,Courtney,North Debra
15384,Zachary,Thomasmouth
15385,Stephen,West Thomasside
15386,Rachael,Larsonton
15387,Tammy,Lake Philipburgh
15388,William,Mccluremouth
15389,Clifford,North Diana
15390,Vincent,East Katherine
15391,Andrew,Rothton
15392,Adriana,Karenshire
15393,Cynthia,South Jamesside
15394,Kelly,New Brianside
15395,Michael,South Benjaminview
15396,Sophia,Anthonyland
15397,Daniel,Johnland
15398,Brittany,Mosleybury
15399,Charles,Spencechester
15400,John,Nelsonburgh
15401,Rachel,Kristinfort
15402,Brianna,Lake Robert
15403,Rebecca,Carterchester
15404,David,Port Kennethland
15405,David,South Alejandraville
15406,Gail,Michaelborough
15407,Peggy,Reevestown
15408,Richard,Isaiahmouth
15409,Ryan,Trujilloville
15410,Nicole,Lake Tamara
15411,Shelley,Port Margaretmouth
15412,Collin,Huntfort
15413,Carrie,Collinshaven
15414,Tiffany,Murphyborough
15415,Jasmine,Ashleychester
15416,Stephen,Millerport
15417,Elizabeth,Berryfort
15418,Samuel,Port Andrew
15419,Joseph,Lefurt
15420,Karen,Riveraberg
15421,Mark,Johnshire
15422,Jennifer,Hannahmouth
15423,Anne,Port Kristi
15424,Sean,Johnmouth
15425,Stephen,Lisafurt
15426,Elizabeth,Lake Jakefurt
15427,Martha,New Jordan
15428,Sheila,Mariamouth
15429,Anthony,Martinezbury
15430,Taylor,New Matthew
15431,Hunter,Fieldsberg
15432,Blake,South Donnaberg
15433,Stephanie,Alicetown
15434,Matthew,Samuelburgh
15435,Monica,New Erinmouth
15436,Mark,West Linda
15437,Dennis,West Derekberg
15438,Victoria,Lake Vanessamouth
15439,Jennifer,Palmerstad
15440,Larry,Timothyside
15441,Jennifer,Christianshire
15442,Jaclyn,Port Andrea
15443,Francisco,West Ianport
15444,Maria,Cassandrahaven
15445,Taylor,Schmidtport
15446,Megan,Smithberg
15447,Brandon,Jeremystad
15448,Edwin,Joshuaborough
15449,Brian,Lake Alexanderport
15450,Cynthia,New Brian
15451,Nicole,Perezmouth
15452,John,Lake Melanieside
15453,Troy,East Ethan
15454,Shane,Davidhaven
15455,Mark,Ortizfort
15456,Suzanne,Warrenfurt
15457,Brian,Dixontown
15458,Jasmine,Williamston
15459,Jon,Vincentmouth
15460,Dylan,North Jordanville
15461,Gabriella,Farrellmouth
15462,Alejandro,Justinview
15463,April,New Jessicaview
15464,Amy,Carpentermouth
15465,Kenneth,New Robertstad
15466,Marcus,Stephaniestad
15467,Mary,Hamiltonbury
15468,Elizabeth,Fowlerchester
15469,Kimberly,Vincentchester
15470,Shane,Nataliefort
15471,Aaron,Freemanchester
15472,Cole,Diazborough
15473,Valerie,Lake Danieltown
15474,Danielle,Benderburgh
15475,Shane,Lewisbury
15476,Heather,Robertchester
15477,Christopher,Lake Kimberly
15478,Carl,Nicholasborough
15479,Melissa,Rebeccaborough
15480,Justin,East Paula
15481,Hannah,Port Kimberlymouth
15482,Dawn,Port Oliviaburgh
15483,Jonathan,East Anthonyfort
15484,Grace,Port Victoria
15485,Aaron,Elizabethtown
15486,Timothy,West Aliciahaven
15487,Lisa,Aliciabury
15488,Tyler,Davidside
15489,Cathy,Maynardport
15490,Scott,North Hollymouth
15491,Mary,Stuartfort
15492,Matthew,Herreraland
15493,Alexandria,South Douglas
15494,Jessica,South Rachelmouth
15495,Ronald,New Scottmouth
15496,Kathleen,North Jill
15497,Yvette,North Kyleshire
15498,Joshua,Bakershire
15499,Ann,Sanchezton
15500,Erin,Jamesberg
15501,Kayla,Lake Jeffery
15502,Robert,Lewisborough
15503,Michael,Taylorfort
15504,Julie,Turnerburgh
15505,Chad,Danielside
15506,Amy,Avilamouth
15507,Kim,East Aaron
15508,Karen,Beverlyshire
15509,Natalie,Michaelton
15510,Gina,Lake Dominique
15511,Ryan,East Lori
15512,Jennifer,East Anthonyside
15513,Amanda,Jamesfurt
15514,William,Leahberg
15515,Adam,North Frederickburgh
15516,Darlene,South Desireeville
15517,Melvin,Brownstad
15518,Shelly,Floresside
15519,Pamela,Port Carl
15520,Jeffery,Johnsonville
15521,Sheila,Reyesville
15522,Christopher,Edwardsview
15523,Samantha,Lake Saraview
15524,Erica,North Christopher
15525,Megan,Lake Jack
15526,Jamie,Loriland
15527,Alexandra,East Kenneth
15528,Corey,South Tyler
15529,Darren,Emilyport
15530,Anthony,Debraborough
15531,Jennifer,Woodwardville
15532,James,Colleenside
15533,Thomas,Lake Heidi
15534,Richard,South Jonathanstad
15535,Corey,Port Sydney
15536,Andrew,North Samuel
15537,David,East Juanton
15538,Jacob,South Maria
15539,Phillip,Gillespieview
15540,Jeremy,East Ian
15541,Jerome,Walkerfurt
15542,Vincent,Stoneland
15543,Shannon,Caldwellville
15544,Karen,North Matthewside
15545,Adam,Hurstland
15546,Laura,New Stevenmouth
15547,Anthony,West Jenny
15548,Linda,Allisonfurt
15549,John,Donton
15550,Jennifer,Erinberg
15551,Ronald,Lake Anitamouth
15552,Justin,Smithfurt
15553,Charles,Samanthaton
15554,Danielle,Micheleshire
15555,Brent,South Paul
15556,Patricia,Port Danielleville
15557,Diana,North Charlesmouth
15558,John,North Mary
15559,Felicia,New Barbara
15560,Paul,East Jennifer
15561,Deborah,New Mark
15562,Lawrence,Delgadomouth
15563,Kayla,Noahshire
15564,Tammy,South Katherineburgh
15565,Roy,Maynardshire
15566,Crystal,Jenniferborough
15567,Craig,Sanchezmouth
15568,Matthew,Sandramouth
15569,Diane,Shellyview
15570,Colleen,Matthewmouth
15571,Austin,Smithhaven
15572,Anthony,Martinberg
15573,Allison,Port Sheila
15574,Grant,Smithhaven
15575,Carla,West Markberg
15576,Nicole,Rossfort
15577,Erica,Lake Coreyside
15578,Kimberly,Cruzville
15579,Breanna,Sheilaberg
15580,Samantha,West Michael
15581,Kevin,Lake Donna
15582,Kathleen,Shawnport
15583,Anthony,South Donald
15584,Regina,Stephaniehaven
15585,Joy,Gregoryfort
15586,Caitlin,North Keithton
15587,Alexander,North Molly
15588,Laura,Martinezmouth
15589,John,East Joannhaven
15590,Kevin,Port Joshua
15591,Tanya,Lewiston
15592,Cory,Dennisburgh
15593,Stanley,Steventon
15594,Brandon,New Russellberg
15595,John,North Lisaland
15596,Kirk,Jaimeside
15597,Richard,New Patrick
15598,Jennifer,Ellisonton
15599,Jonathan,Lisaburgh
15600,James,New George
15601,Matthew,East Russellmouth
15602,James,North Robert
15603,Denise,West Carolyn
15604,Wesley,Port Taylor
15605,Cynthia,Cruzborough
15606,Keith,East Paul
15607,Justin,New Claudia
15608,Amber,Lake Sean
15609,Jonathon,North Lee
15610,Matthew,New Veronicaview
15611,Carla,East Johnnyton
15612,Ellen,Marcustown
15613,Luis,Martinview
15614,Michael,Knightburgh
15615,Charles,Port Edward
15616,George,Audreybury
15617,Phillip,New Jonathan
15618,Jillian,Port Kelsey
15619,Lindsey,West Joshua
15620,Steve,New Kimberly
15621,Keith,Rodriguezborough
15622,Kelly,Angelaberg
15623,Melinda,East Bethany
15624,Chelsea,North Diane
15625,Amy,Courtneymouth
15626,Rebecca,Timothymouth
15627,Justin,Nicholaschester
15628,Melissa,East Tomland
15629,Nicole,Jasonville
15630,Kevin,Jeffreyhaven
15631,Sarah,North Christopherfort
15632,Tammy,New Jasmine
15633,Martha,Rollinschester
15634,John,Zacharyland
15635,Jody,West Robin
15636,Brittany,Armstrongmouth
15637,Kyle,South Joshuaside
15638,Virginia,Alexshire
15639,Margaret,New Briana
15640,Ashley,New Carmenstad
15641,Jessica,Lake Jackside
15642,Benjamin,Stacyland
15643,Charles,North Michellefort
15644,James,East Dawnfurt
15645,Denise,Santosview
15646,Pamela,Lake Jaredview
15647,Roger,Port Georgeport
15648,Frederick,South Andrewborough
15649,Megan,Lake Susanbury
15650,Drew,West Johnnybury
15651,Garrett,New Alexander
15652,Donald,New Vincent
15653,Jamie,Castroside
15654,Christina,Vanessaberg
15655,Jessica,Stephanietown
15656,Michael,Lake Paulchester
15657,Tiffany,North Keithside
15658,Tamara,Brendashire
15659,Thomas,Lake Amanda
15660,Susan,Port Susan
15661,April,Smithview
15662,Virginia,Dawsonstad
15663,Holly,Lake Jessicaton
15664,Shelly,South Karenhaven
15665,Amy,Clarkton
15666,Heidi,Landryburgh
15667,Steven,North Kimberlyside
15668,Ronald,Lake Alexis
15669,Bradley,Newmanbury
15670,Laura,South Kathryn
15671,David,East Kennethchester
15672,Tiffany,Fishermouth
15673,Robert,Lorichester
15674,Brenda,South Jerry
15675,Jessica,Jenniferland
15676,Kathryn,North Pamela
15677,Julia,Lake Elizabethberg
15678,Christine,Amberfurt
15679,Yolanda,Owenstown
15680,Laura,Ericport
15681,Kathleen,Holdenville
15682,Austin,Johnstonmouth
15683,Andrea,Grossberg
15684,Robert,Cohenside
15685,Ann,Jasonland
15686,Stephen,North Brittanyhaven
15687,Elizabeth,North Christopherchester
15688,William,Wendyfurt
15689,Derrick,Millershire
15690,Michael,Port Ginaburgh
15691,Melissa,Frederickview
15692,Benjamin,South Shawnberg
15693,Andrew,Wangfurt
15694,Richard,Jameschester
15695,Charles,North Michelleville
15696,Brooke,Port Richard
15697,Robin,Blackside
15698,Monica,South Dustintown
15699,John,South Justin
15700,Michael,West Joshuaview
15701,James,Palmerside
15702,Amy,Nathanberg
15703,David,Wrightbury
15704,Donna,Nicolebury
15705,Clinton,Trevinoside
15706,Bonnie,West Julie
15707,Crystal,Floresport
15708,Jessica,Stonemouth
15709,Johnathan,Gonzalezfurt
15710,Matthew,South Amberstad
15711,Samuel,New Melissaton
15712,James,Andreaside
15713,Beverly,Martinezport
15714,Robin,West Connie
15715,Krystal,East Danielview
15716,James,Erinstad
15717,Matthew,East Angelhaven
15718,Donna,New Clayton
15719,John,Angelaborough
15720,Jason,Port Davidchester
15721,Brianna,Michaelview
15722,Briana,Ryanberg
15723,Samuel,North Jenniferfurt
15724,Jessica,Laurenport
15725,Kelly,Sarahchester
15726,Phillip,West Jennifershire
15727,Melissa,Port Sharonmouth
15728,Diana,Matthewfurt
15729,Edward,Justinchester
15730,Kari,Rodriguezberg
15731,Jesus,New Heatherburgh
15732,Cassandra,Lisaside
15733,William,Lake Felicialand
15734,Patrick,Amandafort
15735,David,Wolfland
15736,Jordan,Stevenburgh
15737,Maria,Angelicahaven
15738,Kyle,Stephenland
15739,Rebecca,Lake Jennifer
15740,Scott,Alvarezton
15741,Christopher,New Chad
15742,Matthew,South Jamesborough
15743,Franklin,Kennethbury
15744,Samantha,South Troymouth
15745,Jacqueline,New Trevorberg
15746,Dawn,Whiteville
15747,Alan,Rosalesburgh
15748,Andrew,South Melissahaven
15749,Katherine,East Joshuaton
15750,Russell,Jimenezside
15751,Yvonne,North Karibury
15752,Bridget,North Shawnview
15753,Bianca,Stephenshire
15754,Antonio,North Kevinside
15755,Erin,Lake Jennifer
15756,John,East Christopher
15757,Jennifer,New Kaylaton
15758,Michael,Clarktown
15759,David,Harveymouth
15760,Kenneth,Patriciahaven
15761,Lisa,New Susan
15762,Michael,East Kimberlyview
15763,Rachel,Mezamouth
15764,Jaime,Floresburgh
15765,Sarah,Lake Joshuashire
15766,Caleb,Jamesside
15767,Kristy,Robinsonburgh
15768,Tracie,Shannonhaven
15769,Bailey,West Alexport
15770,Christopher,Tracyview
15771,Brittney,North Maureen
15772,Sharon,Rogershire
15773,Troy,Kristimouth
15774,Matthew,East Keith
15775,Michelle,Hendricksstad
15776,Alicia,West Robert
15777,Patricia,North Brady
15778,Alexandra,South Josephmouth
15779,Arthur,South Richard
15780,Christian,Ericshire
15781,Nathan,Lake Gregory
15782,Dalton,Port Megan
15783,Edward,North Ashleybury
15784,Adrienne,Port Donna
15785,Lisa,Lake Rebecca
15786,Toni,New Samantha
15787,Christine,Elliottport
15788,Kristen,Port James
15789,Cathy,Rosschester
15790,Nicholas,Port Gloria
15791,Michael,South Scottchester
15792,Jacob,West Mark
15793,Vincent,Patriciaville
15794,Maria,Lake Courtney
15795,Mark,Lopezberg
15796,Nicole,West Joshua
15797,William,Davisborough
15798,Teresa,Reedchester
15799,Joshua,Johnstad
15800,Kathryn,East Crystalhaven
15801,Kimberly,New Patrickside
15802,Logan,Geraldberg
15803,Samantha,New Thomasberg
15804,Mark,West Mandystad
15805,Logan,Jonesside
15806,John,Port Davidberg
15807,Kendra,West Bobby
15808,Kelly,South Melindaton
15809,Ryan,Port Michaelburgh
15810,Heather,Thomasview
15811,Brian,Villarrealmouth
15812,Grace,Victorbury
15813,Lisa,Jillview
15814,Aaron,Sherrymouth
15815,Matthew,Port Brendaville
15816,Michelle,Port Anthony
15817,Stacy,Lake Sara
15818,Jeffery,Port Donaldland
15819,Eric,Jenniferstad
15820,Rhonda,Lake Phillipfurt
15821,Eric,Acostaview
15822,Matthew,Gomezland
15823,Daniel,Brownbury
15824,Desiree,East Adamborough
15825,Caitlin,Henryview
15826,Brittany,Mcbridefurt
15827,Patrick,North Cody
15828,Sarah,Lake Johnport
15829,Joseph,North Shawn
15830,Roger,Tuckerbury
15831,Tiffany,Morganstad
15832,Michael,Jillside
15833,Erin,Pamelastad
15834,Tanya,East Nicolemouth
15835,James,Port Kevinmouth
15836,Ryan,Youngborough
15837,William,Bishopbury
15838,Victoria,Freemanberg
15839,Linda,East Heathermouth
15840,Amy,Stevenhaven
15841,Amanda,North Carla
15842,Rachel,South James
15843,Paul,Lisaview
15844,Ian,Port Morgan
15845,Miranda,Port Chadmouth
15846,Jason,Davidtown
15847,Judy,Anthonyville
15848,David,Gibsonland
15849,Chad,East Sabrinafort
15850,Stephanie,Jamesmouth
15851,Andrea,Smithfort
15852,Anna,East Shannon
15853,Jennifer,North Claudiahaven
15854,Kristen,West Edwardbury
15855,Thomas,Lake Jennifer
15856,Rachel,Port Danny
15857,Jonathan,Johnsonmouth
15858,Katherine,Lake Annette
15859,Natalie,Jasonstad
15860,Melissa,Emilybury
15861,Cindy,East Robertside
15862,Patrick,Rogershaven
15863,Nicole,New Brianmouth
15864,Kathryn,Morrowside
15865,Deborah,Brianview
15866,Elizabeth,South Katrinahaven
15867,Jonathan,Jasonside
15868,Matthew,Joannachester
15869,Garrett,Gonzalezchester
15870,Carrie,Kennethland
15871,Monica,Watsonview
15872,Stephen,Burtonchester
15873,Cassandra,Jenniferland
15874,Kara,Lake Coreyside
15875,Matthew,South Candicestad
15876,Julie,Leebury
15877,Rachel,Paulhaven
15878,Robert,Port Jill
15879,Lisa,East Rileyshire
15880,Mary,Lake Heather
15881,Kelly,Ruizmouth
15882,Rodney,Port Bethland
15883,Cindy,Barbaramouth
15884,Sarah,Joville
15885,Leroy,Jonesview
15886,Elizabeth,Williamfurt
15887,Julie,Port Travis
15888,Taylor,Smithstad
15889,Sharon,Jeremymouth
15890,Meagan,Laneland
15891,Jeffrey,Port Frank
15892,Dustin,East Jessica
15893,Curtis,Russellview
15894,Gabriel,Stephenmouth
15895,Christopher,Nicoleborough
15896,Craig,Candaceview
15897,Danielle,Stewartmouth
15898,Karen,Staceychester
15899,Paul,Vaughnshire
15900,Andrew,Port Craig
15901,Leslie,East Patrick
15902,Tracy,West Ryan
15903,Eric,South Cynthia
15904,Nicole,Matthewtown
15905,Richard,East Omarstad
15906,Wesley,Chenfurt
15907,Gina,Madelinechester
15908,Jennifer,Perryfurt
15909,Heather,South Gabrielmouth
15910,Kiara,Port Robertland
15911,Travis,North Dawn
15912,Laura,Jennifertown
15913,Lisa,South Andrea
15914,Kevin,West Rachelville
15915,Jenna,Larsonbury
15916,Lisa,Lisamouth
15917,Carlos,West Alicia
15918,Brittany,East Nichole
15919,Daniel,Port Samantha
15920,Robert,South Adam
15921,Jonathan,South Maryside
15922,Edward,East Janice
15923,Sarah,New Savannah
15924,Nancy,Chadberg
15925,Sharon,Port Kelly
15926,Kristopher,Martinborough
15927,Shannon,Port Joelborough
15928,Linda,Emilychester
15929,Jeffrey,Karenhaven
15930,Eric,East Craigshire
15931,Michelle,Jessicaland
15932,Edward,Nancybury
15933,Mary,Angelaport
15934,Melanie,New Colleen
15935,Marilyn,Danielchester
15936,Timothy,Holdenmouth
15937,Julia,Michaelshire
15938,Brian,Victoriaville
15939,Jorge,North Shane
15940,Peter,West Maryborough
15941,Joy,East Cheyenneport
15942,Melissa,Bishopshire
15943,Pamela,Leslieland
15944,David,Lake Gina
15945,Randy,Diazmouth
15946,Carly,Ruizview
15947,Jessica,Vanessachester
15948,Kylie,Chloechester
15949,Joshua,East Barbarachester
15950,Karen,Nashborough
15951,Patricia,East Elizabeth
15952,Julie,Leonside
15953,Julie,Lake Jeffery
15954,Curtis,South Lauraport
15955,Reginald,Stevenport
15956,Matthew,Mariaborough
15957,Teresa,Dominguezborough
15958,Joshua,Thompsonside
15959,Robert,Washingtonmouth
15960,Jason,Smithchester
15961,Lynn,East Kelly
15962,Dwayne,East James
15963,Denise,West Georgeshire
15964,Tracy,Samanthaport
15965,Brandon,East Charles
15966,Jeffrey,Port Nicole
15967,Kenneth,Wileybury
15968,Cody,Roachbury
15969,William,Mortonview
15970,Dillon,Kylestad
15971,Kyle,North Nicholas
15972,John,Johnsontown
15973,Kimberly,Port Karenborough
15974,Brooke,Floresburgh
15975,Anthony,North Randy
15976,Colton,Lewismouth
15977,Joan,New David
15978,Ashley,Martinville
15979,Brian,Nelsonberg
15980,Sabrina,East Amanda
15981,Lance,New Jessicatown
15982,Joshua,Lake Rachel
15983,Michelle,Meyershire
15984,Lauren,Port Barbaraville
15985,Alexandra,Karenmouth
15986,David,Whitemouth
15987,Darren,Michaeltown
15988,Andrew,Harrisstad
15989,David,Port Steventown
15990,Michael,New Kelly
15991,Edward,Stacychester
15992,Thomas,Hansenhaven
15993,Mia,Berryshire
15994,Valerie,North Yvonne
15995,Randy,Howardshire
15996,James,East Christine
15997,Jesus,New Carlamouth
15998,Peter,East Jeffrey
15999,Crystal,Port Stephen
16000,Stephen,Jaredburgh
16001,Todd,Lake Alexander
16002,Abigail,Davisside
16003,Lisa,Craigview
16004,Judy,East Stevenfurt
16005,Colleen,South Danielle
16006,Ralph,Devinside
16007,Leslie,New Deannachester
16008,Jessica,Smithville
16009,Bethany,Franklinview
16010,Patrick,Snowton
16011,Madison,North Robertmouth
16012,Christopher,Meganbury
16013,Lisa,East Nathanstad
16014,Carrie,New Christyborough
16015,Kimberly,North Peterburgh
16016,Denise,South Raymondbury
16017,Wendy,Simmonsmouth
16018,Amy,Bethton
16019,Jesse,Garciabury
16020,Patrick,Veronicaview
16021,David,Lake Sharonmouth
16022,Keith,Robinsonland
16023,Laura,Port Michael
16024,Kevin,South Ericshire
16025,Heather,New Crystal
16026,Kelli,East Brandonview
16027,Roy,West Natalie
16028,Marie,East Erin
16029,Hannah,Michaelhaven
16030,Beth,Port Danielchester
16031,Bethany,Stephentown
16032,Kyle,West Barry
16033,Emma,Bennetttown
16034,Lauren,Martinezmouth
16035,Chelsea,Lisaberg
16036,Emily,Port James
16037,Nicholas,Woodton
16038,Regina,Carolynfort
16039,Ryan,Danielshire
16040,Alexander,Lake Matthew
16041,Brandy,North Jenniferville
16042,Samuel,Jamesmouth
16043,Julie,West Cherylmouth
16044,James,Sarahborough
16045,Karen,Richardton
16046,Janet,Michaelside
16047,Derek,Emilybury
16048,Michael,Juanburgh
16049,Philip,Fernandoburgh
16050,Christopher,North Mary
16051,Timothy,New Caitlin
16052,Shirley,Andreaborough
16053,Mark,Browningfort
16054,Richard,Timothyshire
16055,Natalie,Smithshire
16056,Zachary,North Taylor
16057,Clifford,Benjaminshire
16058,Anthony,Garciaberg
16059,Jennifer,Mcneilberg
16060,Anthony,Bakerfort
16061,Ronald,East Danielle
16062,Vincent,Michaelland
16063,Victor,Evanborough
16064,Bailey,Pamelamouth
16065,Nathan,North Gwendolynmouth
16066,Lauren,Lake Rhonda
16067,Tara,Huynhville
16068,Anthony,Joshuaport
16069,Kelly,East Katie
16070,Christopher,South George
16071,Caitlin,Robertsonmouth
16072,Stephanie,Johnsonview
16073,Kathleen,Victoriaburgh
16074,Kristen,Lake Sarahton
16075,Danielle,Parkerland
16076,Seth,Walkermouth
16077,Alexa,Sullivanport
16078,Jeff,Port Bradley
16079,Robert,Rebeccashire
16080,William,Ethanfort
16081,Ashley,Reeseborough
16082,Elizabeth,Garciaside
16083,Teresa,South Ryan
16084,Anthony,North James
16085,Natasha,New Georgeshire
16086,Monica,New Tracytown
16087,Catherine,North Jennifer
16088,Emily,Jennyton
16089,Laura,Barbaraton
16090,Darryl,Anthonyberg
16091,Sarah,North Bradley
16092,Valerie,Youngberg
16093,Christina,East Andrewmouth
16094,Ashley,Ronaldport
16095,Kevin,New Douglas
16096,Elizabeth,Port Cynthia
16097,David,Stevenshire
16098,Justin,Davisfurt
16099,Jenna,Michaelburgh
16100,Holly,Carlaton
16101,Samantha,Ericfurt
16102,Megan,Lindseychester
16103,Brenda,North Rebecca
16104,Mackenzie,Port Sharonfort
16105,Tyler,Jillianmouth
16106,John,Lucerobury
16107,Joann,Lake Maureen
16108,Matthew,North Rose
16109,Craig,North Brandiport
16110,Brian,Floresstad
16111,Sydney,New Robinmouth
16112,Carrie,West Terri
16113,David,Markmouth
16114,Nicole,South Kylemouth
16115,Courtney,New Jessicachester
16116,Mike,North Isaac
16117,Zachary,Kimberlystad
16118,Kelsey,Jenniferchester
16119,Andrea,Robertview
16120,Tammy,Port Patriciatown
16121,Robert,South Melanieshire
16122,Jacob,South Taylor
16123,Karen,West Hollyville
16124,Ashley,Lake Michael
16125,Adriana,New Jaime
16126,Richard,West Michaelview
16127,Jonathan,East Jacob
16128,Katherine,North Aaronstad
16129,Ann,North Stephanieberg
16130,Aaron,Colebury
16131,Russell,Sarahport
16132,Jason,Port Robin
16133,Betty,New Louisstad
16134,Gerald,Port Lucasview
16135,David,Port Loriborough
16136,Albert,Lake Anthonyfort
16137,Jennifer,Johnsonmouth
16138,William,South Brittneyberg
16139,Lisa,Kyleview
16140,Joel,New Amanda
16141,Christopher,Lake Danielhaven
16142,Kristen,Bassshire
16143,Shawn,Wrightville
16144,Kevin,Richardsonfort
16145,Julie,South Christinachester
16146,Kelsey,Willismouth
16147,Robert,Lake Rhonda
16148,Sean,Snyderport
16149,Elizabeth,Robertborough
16150,Norman,Robertview
16151,Frances,Ronaldtown
16152,Hannah,West Miguel
16153,Jared,Christopherland
16154,Juan,Lake Stephanieville
16155,Mark,Randyton
16156,Katherine,New Ryan
16157,Jessica,North Erica
16158,Christopher,North Cindy
16159,Kenneth,North Cory
16160,Laura,Victorport
16161,James,Lloydland
16162,Tony,Vanceton
16163,Lisa,North Rhondahaven
16164,Michael,Johnsonton
16165,Kayla,Lake James
16166,John,Johnsonberg
16167,Bobby,Craigport
16168,Brenda,Sarahfurt
16169,Christina,New Andrewborough
16170,Alison,Lake Jeffery
16171,Diana,East Latoyafort
16172,Ryan,North Stefanietown
16173,Jennifer,Odonnellland
16174,Ryan,North James
16175,Todd,South Matthew
16176,James,Port Richard
16177,Timothy,Littleberg
16178,James,Port Maryton
16179,Levi,Port Gwendolyn
16180,Marie,Brianfurt
16181,Ruben,Browntown
16182,John,Williamport
16183,Lauren,Moonberg
16184,Sabrina,Lake Jerome
16185,Melissa,North Jameston
16186,Sean,North Jasonview
16187,David,Ruizton
16188,Jack,Kathleenchester
16189,David,Coryburgh
16190,Alexis,East Scottstad
16191,Brian,East Phillip
16192,John,Port Chelsea
16193,Theresa,North Wendychester
16194,Catherine,Christopherborough
16195,Penny,New Gregorystad
16196,Cassandra,West Tiffany
16197,Steven,Patrickville
16198,Alex,Lake Courtney
16199,Shannon,South John
16200,Megan,Richardburgh
16201,Dwayne,North Courtney
16202,Terri,Frankland
16203,Bob,Ginatown
16204,Sandra,Lake Melissaport
16205,Sharon,Lake Tonyahaven
16206,Julie,Bellland
16207,Chad,Lake Cynthialand
16208,Theresa,Potterport
16209,Jacob,Rodrigueztown
16210,Joseph,East Samuelhaven
16211,Tracy,Smithhaven
16212,Monica,Hannahtown
16213,Steven,West Anitamouth
16214,Kathy,North Jamesshire
16215,William,New Joshuaport
16216,Emily,South Alan
16217,Thomas,East Virginiafort
16218,Johnny,Lake Jessestad
16219,Tricia,East Carl
16220,Kelly,Lake Jason
16221,Cesar,North Christianland
16222,Katie,Lanestad
16223,James,Fernandeztown
16224,Kathy,Edwardview
16225,Evelyn,Millsview
16226,Zachary,Crosstown
16227,Kristi,New Nathaniel
16228,Matthew,East Michaelport
16229,Peter,North Jasminestad
16230,Shawn,Port Cynthia
16231,Richard,Michaelshire
16232,Cassandra,Wilcoxshire
16233,Todd,Ronaldport
16234,Patrick,Lake Andrewhaven
16235,Meagan,East Jasonstad
16236,Keith,Laurenmouth
16237,Glenn,Youngfurt
16238,Jared,East Candace
16239,Heather,Wilsonberg
16240,Kyle,Sheliaberg
16241,Deborah,Edwardbury
16242,Dustin,West Diane
16243,Jeffrey,Lake Kyle
16244,Edwin,Austinshire
16245,Tammy,North Dawnton
16246,Lauren,Briannaberg
16247,Billy,Hamiltonstad
16248,Tammy,Wilsonfurt
16249,Richard,East Seanstad
16250,Joseph,Port Abigailland
16251,Linda,South Rebecca
16252,Edward,West Shelby
16253,Jonathan,South Jeffreyburgh
16254,Jason,Parksborough
16255,David,Amandaberg
16256,Dillon,South Gregorymouth
16257,Travis,Schultzville
16258,Eric,North Jessica
16259,Rita,Port Ericville
16260,Jessica,Hamptonside
16261,Brittany,North Melanieborough
16262,Nicole,Lake Dawn
16263,Megan,Brownview
16264,Jason,Teresaberg
16265,Hannah,Russellburgh
16266,Angela,Ericaburgh
16267,David,Robertbury
16268,Tara,Lake Ashley
16269,Sarah,Morrisfort
16270,Adam,Fryview
16271,Austin,New Jaimeport
16272,Cynthia,Gabrielleton
16273,James,Bonillamouth
16274,Bruce,New Lauren
16275,John,New Victoria
16276,Amy,Pattersonchester
16277,John,Peterchester
16278,Christopher,Austinton
16279,Gregory,Chelseahaven
16280,Martha,West Seanberg
16281,Amy,Wallaceview
16282,Brian,Kevinview
16283,Katherine,Robertborough
16284,Daniel,West Glennborough
16285,Vincent,North Edwardmouth
16286,William,Sheenashire
16287,Angela,East Lisa
16288,Eugene,Lake Holly
16289,Rebecca,West Teresa
16290,Kristin,New Sharonville
16291,Kyle,Jenningsbury
16292,Gina,Port Angelaborough
16293,Christopher,Samanthachester
16294,Ricky,South Samanthaside
16295,Eric,Thomasborough
16296,Joshua,Apriltown
16297,April,Cruzborough
16298,Ryan,Juliefurt
16299,Marissa,Hawkinshaven
16300,Jacob,West Patrickland
16301,Sara,West Harryport
16302,John,Ryanfort
16303,Susan,Wrighttown
16304,Jennifer,East Meghanton
16305,Karen,West Travis
16306,Jose,Gonzalezview
16307,Angela,New Andrew
16308,Elaine,Jenniferburgh
16309,Julia,Jaredton
16310,Charles,Kimberlymouth
16311,James,North Hunter
16312,Robert,New Katrinaland
16313,Robert,New Robertfort
16314,Jessica,East Williamfurt
16315,Rodney,North Peter
16316,Randall,Rodriguezstad
16317,James,Sharonhaven
16318,Christopher,Williamton
16319,Jeffrey,East Justinview
16320,Jerry,Paceland
16321,Sharon,Stevenshire
16322,Jeremy,Michellestad
16323,Paul,Johnsonburgh
16324,Kevin,Oliviahaven
16325,Mary,North Andrew
16326,Connor,North Christopher
16327,Matthew,Lake Ronald
16328,Yesenia,Heatherland
16329,Ashley,Jessicaview
16330,Antonio,Martinezbury
16331,Andrea,Port Erin
16332,Jillian,West Brandonview
16333,Jonathan,South Nicole
16334,Randy,Michelleview
16335,Anna,Craighaven
16336,Wendy,Norrisfort
16337,Lisa,Greenshire
16338,Daniel,Gardnermouth
16339,Ashley,Latoyaport
16340,Patrick,Patelborough
16341,John,West Conniebury
16342,Robert,East Juan
16343,Wayne,Robertmouth
16344,Douglas,Smithport
16345,Rebecca,West Leahchester
16346,Matthew,Kimberlymouth
16347,Travis,Michaelville
16348,Jeremy,Port Steven
16349,Lisa,Dianaview
16350,Taylor,Owenfurt
16351,Alejandra,North Zachary
16352,Kenneth,Salinasside
16353,Joseph,North Michael
16354,Benjamin,West Jamesmouth
16355,Stephanie,New Royberg
16356,Caleb,Robertsburgh
16357,Elizabeth,Natalieland
16358,Brenda,North Maryview
16359,Michael,West Katie
16360,Michael,West Holly
16361,Robert,Port Rodneyburgh
16362,Nicholas,Haydenton
16363,Ashley,Lake Colleen
16364,Joseph,Michaelburgh
16365,Alyssa,Valenzuelaland
16366,Alexander,West Peterstad
16367,John,New Sophiatown
16368,Jeremy,West Michael
16369,Cheryl,East Bill
16370,Aaron,Tylerside
16371,Stephen,South Jermainetown
16372,Carrie,Estradachester
16373,Jill,Jordanton
16374,Carl,Port Aliciaberg
16375,Michael,Alexishaven
16376,Angela,New Cameron
16377,Cynthia,Lake Georgeton
16378,Melissa,Port Cynthia
16379,James,West Amandaport
16380,Brian,Murillostad
16381,John,Smithberg
16382,Kimberly,Jeanburgh
16383,Aaron,East Willieberg
16384,Douglas,West Christopher
16385,Thomas,East Ryanshire
16386,Andrew,Sandrashire
16387,Carolyn,New Jenniferfort
16388,Joseph,East Donna
16389,Donna,West Loritown
16390,Jessica,North Dawn
16391,Andrew,South Andrewside
16392,Emily,New Cynthiaburgh
16393,Michael,Lake Sierra
16394,Matthew,West Jeffrey
16395,Randall,Leefurt
16396,Jeffrey,Stephenfort
16397,Lauren,Theresaberg
16398,Larry,Lake Ashley
16399,David,West Felicia
16400,Kimberly,Lesliemouth
16401,Alan,Mathewsfurt
16402,Miranda,Jofurt
16403,Matthew,North Micheletown
16404,Matthew,Lopezburgh
16405,Spencer,Brownfurt
16406,Paul,South Alexander
16407,Blake,Wallacestad
16408,Erica,Johnsonburgh
16409,Andrea,Shawshire
16410,Janet,Ortegaborough
16411,Cassandra,West Rachel
16412,Brandon,East Kathrynstad
16413,Jose,Christopherbury
16414,Nathan,Bellport
16415,Luis,Patelhaven
16416,Eduardo,New Garyberg
16417,Kaitlyn,West Jessica
16418,Michael,New Angela
16419,Angela,Snyderville
16420,Julie,North Rebecca
16421,Frank,Derekville
16422,Andres,Lake Melissa
16423,Christian,Shannonview
16424,Ronald,Spencerfurt
16425,Desiree,North Karen
16426,David,Bradfurt
16427,Lisa,East Paul
16428,Scott,Caitlinville
16429,Tiffany,Rebeccaside
16430,Chase,Harveytown
16431,Joshua,West Ericfurt
16432,Stephen,Caitlintown
16433,Monica,Petersport
16434,Bryan,East Manuel
16435,Thomas,Port Leslie
16436,Kelly,Port Vanessamouth
16437,Daniel,Lake Kenneth
16438,Richard,East Kelly
16439,John,Lake Debra
16440,Julie,South Brad
16441,Amanda,Meganberg
16442,Melissa,South Thomasshire
16443,Stacey,Jenniferland
16444,Melissa,Lake Kevin
16445,Brent,Elizabethland
16446,Brianna,West Emilyside
16447,Douglas,Tinatown
16448,Mark,Olsonberg
16449,Zachary,Anthonyshire
16450,Angel,Kennethport
16451,Tanya,North Shannon
16452,Terrance,Trevorland
16453,Sarah,West Kristiberg
16454,Tanner,Jacksontown
16455,Larry,West Chadmouth
16456,Rose,Brooksmouth
16457,Jose,Garciaville
16458,Megan,Billymouth
16459,Angel,East Ruth
16460,Austin,Sanchezside
16461,Mary,Tuckerburgh
16462,Allen,Smithmouth
16463,William,Thompsonmouth
16464,Carla,New James
16465,Jennifer,New Nicole
16466,Mitchell,South Kristine
16467,Jennifer,Cherylview
16468,Adam,Robinsonburgh
16469,David,West Denise
16470,John,East Mallory
16471,Anthony,Timothybury
16472,Michael,Lake Vickistad
16473,Ronald,Jenningsport
16474,Mary,Zacharyburgh
16475,Jennifer,Port Nicholas
16476,Margaret,East Latoya
16477,Cynthia,Weavermouth
16478,Carol,East Jenniferstad
16479,Kendra,Port Danielstad
16480,Charles,Carmenhaven
16481,Connie,Port Ashleyview
16482,Jeffrey,Porterberg
16483,Nancy,Christianfurt
16484,Jason,Kevinfort
16485,Joseph,Lawrenceland
16486,Amy,East Erin
16487,Marcus,West Melissa
16488,Richard,Marymouth
16489,Robert,South Joel
16490,Anthony,East Justin
16491,David,Smithborough
16492,Brian,Danielview
16493,Eileen,Baldwinmouth
16494,Rebekah,Natalietown
16495,Anthony,West Coreyland
16496,Laura,West Brian
16497,Peggy,Gonzalezchester
16498,George,North Cameronfort
16499,Mary,Lake Heidimouth
16500,Matthew,South Amber
16501,Kimberly,Debrafort
16502,Sheena,Gonzalestown
16503,Brenda,Julieton
16504,Gregory,South Crystal
16505,Benjamin,Stevenland
16506,Tiffany,Waltershaven
16507,Andre,North Meganburgh
16508,Miranda,New Josephburgh
16509,Ryan,Michaelview
16510,John,Port Brendatown
16511,Michael,Mendozaburgh
16512,Jessica,Gomezland
16513,Christian,North Lisaville
16514,Audrey,New Rogerfort
16515,Amanda,Justinberg
16516,Julia,Sherryburgh
16517,John,North Amber
16518,Debra,Port Michaela
16519,Sarah,East Melissastad
16520,Kristine,New Eduardo
16521,Michael,Smithfurt
16522,Dawn,North Scottside
16523,James,West Sandra
16524,Mark,Port Carla
16525,Melanie,New Samantha
16526,William,South Edwardberg
16527,Ann,Mauriceport
16528,Sherry,Lake Jessicamouth
16529,Jacqueline,Brownfurt
16530,Raymond,West Caitlin
16531,Nathan,West Ashleeborough
16532,Sarah,Santoschester
16533,Bryan,Kelleyville
16534,Sydney,West Dylanchester
16535,Kayla,Matthewbury
16536,Sandra,West Daniel
16537,Tracy,South Deborah
16538,Brandy,Port Markhaven
16539,Marie,North Zachary
16540,Cameron,Jacksonchester
16541,Joshua,South Russellberg
16542,David,West Matthewmouth
16543,Paul,Crystalfort
16544,Shelly,New Danny
16545,Joseph,Anthonyland
16546,Michael,West Johnton
16547,Katherine,West William
16548,Daniel,Kristinburgh
16549,Kristina,Meganburgh
16550,Tammy,Port Edwinborough
16551,Tammy,West Kylehaven
16552,Jason,Hammondland
16553,Brandi,Guzmanshire
16554,Virginia,South Christopherbury
16555,Samantha,Danielside
16556,Christopher,South Melody
16557,Jacob,East Jessica
16558,Anthony,Drakestad
16559,James,Harrismouth
16560,Brandon,Port Levi
16561,Whitney,Powersberg
16562,Jeffery,Nicoleshire
16563,Jeffrey,New Mistystad
16564,Mason,Vangmouth
16565,Frank,North Larryview
16566,Randall,East Codyshire
16567,Evelyn,Jasonville
16568,Jennifer,New Katherine
16569,Anthony,West Elizabethchester
16570,Randall,Paulville
16571,Heather,East Monicaville
16572,Michelle,West Daleburgh
16573,Donald,Garrettview
16574,Christopher,Justinmouth
16575,Dustin,Porterville
16576,Jackson,Arthurview
16577,Sharon,West Kenneth
16578,David,Port Michaelfurt
16579,Charles,New Brian
16580,Melanie,Port Rachelton
16581,Vanessa,Lake Christinemouth
16582,Christopher,Morrisfort
16583,Cynthia,Brianmouth
16584,Danny,Lake Aaronview
16585,Thomas,Douglasstad
16586,Rachel,Anthonyton
16587,Aaron,Kaitlynville
16588,Robert,East Jesus
16589,Brian,North Johnmouth
16590,Randy,Raymondburgh
16591,Holly,East Jacqueline
16592,Matthew,Careystad
16593,Kristina,East Shirley
16594,Scott,Lake Stacey
16595,Amanda,Port Zachary
16596,Brett,North Josephchester
16597,David,Lake Jeffrey
16598,David,New Timothy
16599,Robert,Jeffreyfurt
16600,Eric,Shieldstown
16601,Katherine,North Thomasview
16602,Amy,South Lisa
16603,Michelle,Garciamouth
16604,Jessica,Barnesborough
16605,Melissa,Krystalmouth
16606,Nathaniel,Port Russellfort
16607,Lee,Port Johnnyville
16608,Nathaniel,South Shane
16609,Cynthia,Lake Davidbury
16610,Nathaniel,South Karen
16611,Johnny,Travisview
16612,Lori,Kinghaven
16613,Michael,Saraton
16614,Haley,Davidhaven
16615,Gregory,South Ericbury
16616,Sara,Finleyhaven
16617,Thomas,South Christopher
16618,Jill,East Timothymouth
16619,Eric,South Seth
16620,Jose,East Cristianton
16621,Ross,Romerostad
16622,Brandon,Lake Rachelhaven
16623,Nicole,Laurenfurt
16624,Shelly,East Jonathanland
16625,Cheryl,West Jeffreymouth
16626,Denise,West Lisashire
16627,Ronnie,North Rebecca
16628,Lisa,Michaelshire
16629,Jill,South Alexandra
16630,Rachel,Dennisfurt
16631,Robert,Port Vincentburgh
16632,Cindy,North Erichaven
16633,Christopher,South Joseph
16634,Brian,West Matthewfort
16635,Vincent,Rodriguezborough
16636,Dominique,Port Zachary
16637,Kelsey,West Sierraview
16638,Samantha,Lake Ashley
16639,Andre,South Nicolefort
16640,John,Susanchester
16641,Todd,Port Aaronview
16642,Steven,West Annstad
16643,Joseph,Johnchester
16644,Melissa,Port Scottshire
16645,Janice,Cochranhaven
16646,Hannah,East Teresafort
16647,Nancy,Louismouth
16648,Patrick,Derrickville
16649,Adrian,East Christopherhaven
16650,Amber,Thompsonland
16651,Lindsey,Kristyville
16652,Justin,East Rodney
16653,Samantha,East Elizabethport
16654,Raymond,Angelaside
16655,Elizabeth,New Erikaport
16656,Gina,Herrerahaven
16657,Laurie,Bradleyville
16658,Natalie,Timside
16659,Tracey,Alexismouth
16660,Sara,Jilliantown
16661,Jamie,Danielsmouth
16662,Diana,Harrisonhaven
16663,Steven,New Robert
16664,Candace,Cynthiatown
16665,Christine,Thomasshire
16666,Michael,Alisonmouth
16667,Alicia,Carterborough
16668,Randy,Jonesberg
16669,Mary,Bonnieside
16670,Michael,Jenniferland
16671,Dustin,North Bridgetton
16672,Aaron,North Laurieton
16673,Allison,Wadeberg
16674,Darryl,Matthewton
16675,Hayley,Mcfarlandbury
16676,Anna,Lake Monicaview
16677,Laura,Smithborough
16678,Stephen,Rebeccaberg
16679,James,Port Anna
16680,Michael,Port Adrianaton
16681,Kevin,Georgeville
16682,Alejandro,Lake Matthewburgh
16683,Michael,Valentinefort
16684,Maria,Butlermouth
16685,Jim,Vincentchester
16686,Nicholas,South Alexandraside
16687,Jeffery,South Shannonburgh
16688,Elizabeth,Lake Kurt
16689,April,Perezton
16690,Jeremy,Lake Lindaborough
16691,Alex,West Janice
16692,Brian,Karenville
16693,Jennifer,North Mariah
16694,Debra,Port Natalie
16695,Angel,Johnfurt
16696,Melissa,Claireside
16697,Vicki,Hollyfurt
16698,Christina,Lake Danny
16699,Jacob,New Danielfort
16700,Megan,South Geraldland
16701,Courtney,New Derrickfort
16702,James,Michaelport
16703,Amy,North Walter
16704,Elizabeth,Port Daniel
16705,Amanda,Port Dylanshire
16706,Donna,South Rachelhaven
16707,Rodney,North Larry
16708,Jeanne,West Andrew
16709,Patricia,Michaelland
16710,Ashley,New Patricia
16711,John,Lake Jeanne
16712,Anthony,Stoutland
16713,Kaitlin,East Tara
16714,Kimberly,Shawnmouth
16715,Katherine,Walkermouth
16716,Ray,New Rebecca
16717,Donald,New Ricardoville
16718,James,Lindaton
16719,Michael,Michaelview
16720,Candice,Port Jesus
16721,Leslie,North Elizabeth
16722,Amy,Kelseystad
16723,Lacey,East Ellenton
16724,Anthony,East Robertberg
16725,David,Lake Bradleyville
16726,Lisa,Walkerberg
16727,Michael,Port Martin
16728,Peggy,Beckbury
16729,James,New Anita
16730,John,Port Dylan
16731,Daniel,Port Ashleyshire
16732,Donna,Petersontown
16733,Victoria,Coxport
16734,Patrick,South Jennifer
16735,Anthony,Littleton
16736,Ashley,Simpsonfort
16737,Sara,East Joeton
16738,Norma,Jeffreychester
16739,Marie,Lake John
16740,April,New Cherylside
16741,Eugene,South Jason
16742,Scott,North Patrick
16743,Jacqueline,North Davidton
16744,Erin,West Heathermouth
16745,Isaac,Port Charlesland
16746,Timothy,Campbellborough
16747,Patricia,Port Johnside
16748,Chad,West Josephland
16749,Jason,Gonzalezborough
16750,Jennifer,North Jennastad
16751,Raven,New Brookebury
16752,Chelsea,West Ashleeview
16753,Jesus,East Jenniferside
16754,Nicholas,South Amandaborough
16755,Brandi,Amyfort
16756,Taylor,North Kirk
16757,Anna,Vangburgh
16758,Jacob,Lisaport
16759,Cassandra,West Christinamouth
16760,Lori,Robertton
16761,Renee,South Richard
16762,David,Jasontown
16763,Debra,Bennettchester
16764,Julia,Sallychester
16765,Patricia,Flynnburgh
16766,Keith,Ericahaven
16767,Alexander,New Monicachester
16768,Kevin,Stevenville
16769,Jason,Ryanbury
16770,Lee,West Steven
16771,Tracy,Michaelstad
16772,Timothy,Williamsmouth
16773,Heather,Lake Dalton
16774,Dennis,Amandabury
16775,Sandra,New Kevinfurt
16776,Joshua,East Richard
16777,Kayla,Jessicafurt
16778,Francis,Andersonfort
16779,Valerie,Craigstad
16780,Alicia,Markland
16781,Mary,West Jared
16782,Joshua,North Jacob
16783,Brittany,Lake Kristin
16784,John,East Erinfort
16785,Christine,Sandershaven
16786,Stacy,Jaredberg
16787,Katie,North Jesseberg
16788,Seth,Silvabury
16789,Christopher,Susanfurt
16790,Cory,Erinburgh
16791,Briana,Garciabury
16792,Kevin,Port Emilybury
16793,Karen,North Jenniferton
16794,Loretta,Goodmanton
16795,Lindsay,Beltranmouth
16796,Juan,Davidfurt
16797,Selena,Lake Erin
16798,Anthony,Jonesport
16799,Keith,East Carol
16800,Spencer,Wilsontown
16801,Mark,Christopherfurt
16802,Marcus,Rachaelshire
16803,Jason,Jensenbury
16804,Adam,Ryanland
16805,Cody,East Tara
16806,Benjamin,Tonychester
16807,April,East Kimberlychester
16808,Amy,North Codyfort
16809,Ryan,Ryanbury
16810,Ashley,West Stephenside
16811,Michael,North Kevin
16812,Melissa,Elizabethburgh
16813,Edward,Port Michael
16814,Kristina,Lake Meganmouth
16815,Carolyn,Lake Benjamin
16816,Kevin,North Mark
16817,Allison,Brendafort
16818,Gregory,Sherishire
16819,Billy,New Joshuatown
16820,Amber,South Michael
16821,Brittany,South Megan
16822,James,Lake Scottton
16823,Michele,East Douglasville
16824,Joseph,Port Ryanside
16825,Kathleen,New Charles
16826,Amy,Hamiltonbury
16827,Kristen,South Barbara
16828,Diane,New Michael
16829,Brenda,East Chelsea
16830,Marcia,East Jenniferside
16831,Laurie,Lake Ryanside
16832,George,New Patrick
16833,Kathryn,Annestad
16834,Jeffery,Russellbury
16835,Nicole,Victorfurt
16836,Anthony,Mitchellton
16837,Henry,Timothychester
16838,Andrew,North Julia
16839,Zachary,Lake Joel
16840,David,Dennisburgh
16841,Jennifer,Port Jonathan
16842,Kimberly,Romeroland
16843,Krista,New Karaburgh
16844,Nathaniel,Wrightshire
16845,Marie,West Jasontown
16846,Nicole,West Jonathanmouth
16847,Ann,Lake Jennifer
16848,Nathan,Campbellland
16849,Travis,Lake James
16850,Kenneth,North Laurenside
16851,Sara,Wendyhaven
16852,James,Port Karenside
16853,Timothy,West Thomasside
16854,Andrew,North Jamie
16855,Ashley,Markview
16856,Alyssa,Lake Christianfurt
16857,Claudia,Watsonport
16858,Heather,Johnsonville
16859,Amy,Hooverside
16860,Melissa,Huntermouth
16861,Matthew,Lauramouth
16862,Ashley,Cindymouth
16863,Melissa,Hartchester
16864,Bradley,Port Robert
16865,Theresa,Port Stephanie
16866,Cheryl,Michaelton
16867,Ricky,Lake Michaelville
16868,Robert,Port Kyleview
16869,Natalie,Lake Victor
16870,Leslie,East Nicholasmouth
16871,Erin,New Matthewstad
16872,Ashley,West Jenniferfort
16873,Nathaniel,West Amandafort
16874,Peter,East Sylvia
16875,Kristen,Lake Nicholasshire
16876,Danielle,Christopherland
16877,Sarah,Rogerfort
16878,Brian,Robertfort
16879,Jaime,South Kevinside
16880,Christopher,North Sharon
16881,Mercedes,Howardport
16882,Nicholas,South Luis
16883,Sharon,Henryfurt
16884,Faith,Zacharystad
16885,Diane,East Richard
16886,Stacey,Kristenton
16887,Monica,Alvaradostad
16888,John,New Alexa
16889,Eric,Lake Edward
16890,Christopher,Michaelberg
16891,Michael,Lauraberg
16892,Donald,Reyesville
16893,Carol,Sandersmouth
16894,Joshua,Browntown
16895,Rebekah,Waltonfort
16896,David,Jimmyville
16897,Marissa,Port Luisville
16898,Roger,Warrenville
16899,Jamie,Thomasburgh
16900,William,Davidville
16901,Elizabeth,North Michael
16902,Michael,West Daniel
16903,Karen,East Jimmy
16904,Daniel,Howellside
16905,Julia,South Hannahmouth
16906,Joseph,Brandonview
16907,Paul,Danielberg
16908,Jennifer,Smithfurt
16909,Jennifer,North Jakestad
16910,Linda,Davidtown
16911,Jonathan,East Joshuaside
16912,Jason,Grantmouth
16913,Stephanie,Greenview
16914,Casey,New Donna
16915,Gina,Rayton
16916,Jodi,Lake Kimberlyburgh
16917,Derek,East David
16918,Steven,North Zachary
16919,Vincent,East Ryanview
16920,Michael,North Catherinestad
16921,Amanda,New Micheal
16922,Gilbert,Port Juanton
16923,Ronald,West Sethmouth
16924,Adrienne,South Patriciahaven
16925,Victoria,Jamesside
16926,Jonathan,Natalieport
16927,Jacob,New Patrickview
16928,Angie,Lake Patricia
16929,Megan,Nathanielport
16930,Patrick,Velezside
16931,Sara,Port Michael
16932,Tammy,West Brian
16933,Matthew,South Elizabethshire
16934,Ashley,Angelachester
16935,Alejandro,Lake Christina
16936,Richard,Heathermouth
16937,Nina,West Jacob
16938,Valerie,Thomasstad
16939,Kari,West Jason
16940,Randy,New Deanna
16941,Rodney,Aliceburgh
16942,Samuel,Crystalland
16943,Jesse,Port Garyberg
16944,Michelle,North Steven
16945,Mary,East Seth
16946,Jermaine,Tiffanyton
16947,Sheila,Terriport
16948,Michael,Oneillburgh
16949,Jennifer,Jeffreyside
16950,Jason,Boydton
16951,Melissa,South Tammy
16952,Denise,South Jamiemouth
16953,Adrian,East Thomasfurt
16954,Aaron,Adamsfort
16955,Mary,Angelafurt
16956,Daniel,Williamberg
16957,Sean,Port Cherylborough
16958,Kaitlin,Lake James
16959,Joel,South Jeffrey
16960,Chelsea,North Tracy
16961,Jared,Lake Gregorybury
16962,John,Fritzshire
16963,Mark,Garnerside
16964,Scott,Stacymouth
16965,Sarah,North Robertside
16966,Parker,North Donaldville
16967,Stephanie,New Robert
16968,Shawn,West Brenda
16969,Terrence,Amyfurt
16970,Savannah,Longfurt
16971,Tina,North Lisa
16972,David,Lorraineshire
16973,Pamela,Andersontown
16974,Kevin,Howardstad
16975,Jessica,Thompsonburgh
16976,Shannon,Garciastad
16977,Molly,New Jason
16978,Lisa,Taylormouth
16979,Patty,Jefferybury
16980,James,Port Michaelashire
16981,Ashlee,West Claire
16982,Taylor,East Nicholasborough
16983,Alexander,Stephensbury
16984,Rachel,North Katherineland
16985,Christopher,Joneschester
16986,Vanessa,Johnfurt
16987,Robert,Lake Christopherhaven
16988,John,South Brittanyborough
16989,Amanda,South Samanthaview
16990,Teresa,Bradleyhaven
16991,Sara,Lake Erinport
16992,Michael,Port Mary
16993,Ashley,Michelleport
16994,Larry,Gibbsside
16995,Kevin,Marcusside
16996,Danielle,South Rachelfort
16997,Robert,Hernandezmouth
16998,David,Mortonberg
16999,Scott,West Karen
17000,Alexander,Morrisonland
17001,Stephanie,New Stevenshire
17002,Maria,New Karenfurt
17003,Amanda,Port Phillip
17004,Phillip,New Kelly
17005,Paula,South Laceychester
17006,Daniel,Paulville
17007,Rachel,Larryfurt
17008,Anne,Carrside
17009,Darius,Campbellbury
17010,Donald,North Micheleland
17011,Donald,Port Phillipside
17012,Brenda,Loriside
17013,Richard,Meyerfort
17014,Alex,West Nicholas
17015,Jared,West Raymond
17016,Susan,East Johnview
17017,Jennifer,East Lorraine
17018,Lorraine,North David
17019,Matthew,Port Christopher
17020,Sara,Kennethstad
17021,Jennifer,North Kevin
17022,Kyle,East Johnton
17023,Brandi,Scottburgh
17024,Melissa,Angelamouth
17025,Donald,Riceshire
17026,Jesse,Melissashire
17027,Heather,Aprilhaven
17028,Lori,East Melissaberg
17029,Jack,Nathanport
17030,Michael,Port Chad
17031,Bobby,Jessicahaven
17032,Lauren,New Williammouth
17033,Stephen,Joshuaport
17034,Ashley,Younghaven
17035,Diana,Lake Adrienne
17036,Caleb,Jacobshire
17037,Austin,North Christophertown
17038,Erika,East Michael
17039,Michael,Lake Kristina
17040,Jeffrey,Jaredside
17041,Christian,Garciafort
17042,Stephen,Meltonburgh
17043,Susan,Anthonyfurt
17044,Matthew,Lake Veronica
17045,Mary,South Matthewview
17046,Travis,North Brianberg
17047,Brian,East Sarahburgh
17048,Luis,North Amy
17049,Christopher,South Shaun
17050,Douglas,Knightberg
17051,Lisa,Lake Heather
17052,Kristine,Nicolefort
17053,Denise,Bennettstad
17054,James,East Jose
17055,Benjamin,East Katherineland
17056,Isabel,New Kathryn
17057,Angela,West Jennifer
17058,Jose,Pollardland
17059,Corey,Seanshire
17060,Anna,West Erinshire
17061,Alyssa,Bobbyfort
17062,Angela,South David
17063,Denise,Eugeneside
17064,Benjamin,West Laurie
17065,Eric,Port Gregoryton
17066,Jeffery,Candicestad
17067,Ana,New Michael
17068,Ryan,Rhodesmouth
17069,Carlos,Lake John
17070,Nathan,Hoodview
17071,John,East Courtney
17072,Jennifer,East Edwin
17073,Michael,New Karen
17074,Sean,Andersonberg
17075,Michelle,North Crystal
17076,Benjamin,Odonnellville
17077,Mallory,North David
17078,Sabrina,Jameschester
17079,Kevin,Michaelfurt
17080,Brandon,Rossville
17081,Douglas,Andrewside
17082,Katie,Ryanmouth
17083,Thomas,Jodyville
17084,Benjamin,Keithfort
17085,John,New Mary
17086,Derek,Robinsonbury
17087,Jesus,Lake Brendanside
17088,Jessica,Campbellmouth
17089,Timothy,Lake Angela
17090,Pamela,Port Michael
17091,Erik,Lake Sydneyview
17092,Michael,Danielmouth
17093,Kelly,Jennifershire
17094,Gregory,Patrickview
17095,Richard,South Crystal
17096,Keith,Edwardtown
17097,Zachary,Jacquelineborough
17098,Angela,North Suzanne
17099,Alexander,Washingtonhaven
17100,Victoria,South Brian
17101,Donna,Wagnerhaven
17102,Gary,East Kimberlystad
17103,Renee,Mitchellshire
17104,Julie,Port Kelseyville
17105,Jessica,Scottview
17106,Rebekah,Hendersonland
17107,Kimberly,Yvonnemouth
17108,Jacqueline,Craneburgh
17109,Tyler,New Christopherhaven
17110,Jamie,Andersonland
17111,Russell,Mooreburgh
17112,Erin,Gabrielmouth
17113,Allison,Lake Carolyntown
17114,Wyatt,Jacobfort
17115,Cathy,Richardchester
17116,Karen,Port Sabrinamouth
17117,Eric,Port Timothyside
17118,Amy,Smithton
17119,Helen,Wiseside
17120,Katherine,East Timothy
17121,Steve,Garciatown
17122,Brenda,New Jared
17123,Amanda,North Gerald
17124,Sandra,West Kristina
17125,Rachael,Jefferyfurt
17126,Pamela,South Richard
17127,Brian,Shawnfurt
17128,James,Lake Kristenstad
17129,Donald,West William
17130,Betty,East Ryan
17131,Nicole,East Crystal
17132,Kimberly,Careyland
17133,Michael,South Kathyburgh
17134,Tina,West Melinda
17135,Matthew,Gilbertburgh
17136,Antonio,Evanstown
17137,Juan,Leeside
17138,Matthew,Robertchester
17139,Kelli,Butlerfurt
17140,Ronald,East Robertberg
17141,Nicole,Cooperview
17142,William,New Tabitha
17143,Antonio,Laurenfurt
17144,Julie,Lake Matthewton
17145,John,North Richardbury
17146,Ashley,Welchland
17147,Justin,Lake Matthew
17148,Dana,Robertside
17149,Lori,Youngfort
17150,Lisa,East Timothy
17151,Lindsey,Jeffreyborough
17152,Sharon,West Margaretfurt
17153,Beverly,Welchshire
17154,Stephanie,Erinbury
17155,Sandra,Angelafurt
17156,Anthony,West Calvinmouth
17157,Wesley,East Michaelview
17158,Donna,Christinaside
17159,Stephanie,West Whitneyborough
17160,William,Lewisbury
17161,Tammy,East Lindabury
17162,Kyle,Phillipland
17163,Jennifer,Wagnermouth
17164,Emily,Jimenezchester
17165,Wesley,Josephmouth
17166,Jake,Williamsburgh
17167,David,Johnsonstad
17168,Joshua,Ryanfurt
17169,Cynthia,Lake Keith
17170,Eric,West Andreafurt
17171,John,Lake Troy
17172,Nathaniel,New Raymond
17173,Michael,Lake Johnfort
17174,David,Lake Josephtown
17175,Shari,South Mariamouth
17176,Colton,Shelbymouth
17177,Megan,Palmermouth
17178,Sean,Victormouth
17179,Edward,Moralesville
17180,April,Stevenshire
17181,Melissa,South Nancyland
17182,Kristin,Port Colinshire
17183,Christopher,North Dawn
17184,Kathleen,Leeside
17185,David,Rachelborough
17186,Marie,Daltonmouth
17187,David,North Justinport
17188,Benjamin,South Richardtown
17189,Matthew,Howardhaven
17190,Kara,Baileyberg
17191,Derek,New Hollyville
17192,Kerri,Holtchester
17193,Michelle,Rebeccaburgh
17194,George,Port Loriland
17195,Amy,Port Regina
17196,Jenna,Nguyenfort
17197,Heather,South Christopherchester
17198,Jason,East Matthew
17199,Jessica,Andersonmouth
17200,Natalie,Martinshire
17201,Michael,West Jeremy
17202,Bethany,Brownfurt
17203,Meredith,Port Ruth
17204,Dana,Hallberg
17205,George,Brittanyfort
17206,Brian,North Ashley
17207,Jeremy,East Allisonhaven
17208,Shaun,New Mckenzie
17209,Matthew,South Briana
17210,Kelly,East Bonnie
17211,Robert,Kellytown
17212,Nicole,Phillipsfurt
17213,Alexander,Joelfurt
17214,Brandon,South Ashley
17215,James,East Steven
17216,Diana,Lake Robert
17217,Melissa,Garciamouth
17218,Chase,North Stephenstad
17219,Jennifer,New Donald
17220,Jeremiah,Howardbury
17221,Pamela,Hallmouth
17222,Andrew,North Jamesberg
17223,Lori,Jimmyborough
17224,Sharon,Newtonborough
17225,Danny,South Karen
17226,Justin,Louistown
17227,Ryan,South Robinbury
17228,Katherine,East Brandytown
17229,Mark,Brownland
17230,Clayton,Lake Christopherstad
17231,Amy,East Cynthiatown
17232,Michele,Mercadofort
17233,Ryan,North Jennifertown
17234,Misty,West Kimberly
17235,Maria,East Emily
17236,Courtney,Port Tylertown
17237,Mike,Rachelberg
17238,Jessica,Port Lesliefort
17239,Michelle,Davidfurt
17240,Nicole,West Connorville
17241,Alejandro,Matthewtown
17242,Evan,Mitchellborough
17243,Cody,Port Nicholas
17244,Jonathan,Stephenfort
17245,Annette,Frankland
17246,Brandy,Leonardberg
17247,Kristie,Lake Jordanfort
17248,Amy,Sweeneyland
17249,Patricia,New Andrewhaven
17250,Tammy,Nelsonstad
17251,Richard,North Courtney
17252,Ralph,Johnsonfort
17253,Andrew,South Paula
17254,Luis,Ellischester
17255,Anthony,Aaronshire
17256,Richard,Port Grant
17257,April,Alexanderstad
17258,Amanda,Lake Heather
17259,Erica,Martinezside
17260,Rachel,South Sara
17261,Julia,North Kelsey
17262,Samuel,South Mariaport
17263,Daniel,East Bryan
17264,Jay,East Christy
17265,Todd,Deannafort
17266,Shawn,West Christopherville
17267,Adriana,New Candicebury
17268,Raymond,Aaronmouth
17269,Mark,Port Roger
17270,Ian,Port Sandra
17271,Annette,Georgechester
17272,Kristin,East Jenniferburgh
17273,Julie,Juliaside
17274,Justin,Graveschester
17275,Michael,West Lynnburgh
17276,Jerome,East Joshua
17277,Frank,Mcmillanchester
17278,Kyle,Williamschester
17279,Kenneth,Port Mariafurt
17280,Mark,Matthewport
17281,Shaun,New Meganfurt
17282,Krista,North Amberland
17283,Gail,South Michaelmouth
17284,Marcus,Susantown
17285,Karen,Fergusonshire
17286,Mike,Christinachester
17287,Steven,East James
17288,John,Brittneyside
17289,Theresa,Sarahfurt
17290,Paula,West Matthewbury
17291,Louis,Terryburgh
17292,Michelle,Teresaburgh
17293,Margaret,Westborough
17294,Ian,East Pamelaberg
17295,Rodney,West Erikshire
17296,Molly,North Larry
17297,Scott,Reneemouth
17298,Eileen,South Kimberly
17299,Mark,South Darryl
17300,Michael,Lake Richardborough
17301,Steven,Amytown
17302,Scott,West Melissa
17303,Jacob,Theresamouth
17304,Jeffrey,Stephenmouth
17305,Joseph,Meyersstad
17306,David,Smithfurt
17307,Tina,Kristimouth
17308,Taylor,Dawsonborough
17309,Joanna,Bowentown
17310,Amy,Jimmouth
17311,Tonya,West Christina
17312,Curtis,Lake Eric
17313,Mary,East Kelly
17314,Ryan,Richardsonhaven
17315,Keith,East Danielleborough
17316,Cindy,Sherichester
17317,Katherine,East Marcus
17318,Timothy,Carrollmouth
17319,Mariah,Flowersstad
17320,Anthony,East James
17321,David,New Deborahland
17322,Darrell,West Eugeneport
17323,Phillip,Martinborough
17324,Roberta,Port Jose
17325,Amber,Phyllistown
17326,Joy,Goldenside
17327,Misty,Danielmouth
17328,Ashley,Houseborough
17329,Brandon,South Katherine
17330,Shawn,New Randy
17331,Diane,South Rachelbury
17332,Danielle,North Rachel
17333,Brittany,Bellmouth
17334,Debra,South Jennifer
17335,Glenn,Josephside
17336,Cameron,Port Amystad
17337,Steven,Hubbardburgh
17338,Alison,Anthonyview
17339,Joseph,Williamborough
17340,Brittany,Port Renee
17341,Margaret,Port Sabrinaton
17342,Franklin,Samuelville
17343,Jocelyn,North Jon
17344,Cathy,Meredithstad
17345,Crystal,Lopezshire
17346,Marc,Davidport
17347,Terrence,Port Tyler
17348,Linda,Lake Jacob
17349,Kevin,Robertfort
17350,Ashley,Lake Melissa
17351,Joshua,Lake Angelabury
17352,Danielle,Port Anita
17353,Tina,North Cody
17354,Mark,New Geoffreybury
17355,Tammy,South Chrisburgh
17356,Michael,Lake Cynthiaton
17357,Gina,Smithville
17358,Thomas,Lake Gregoryland
17359,Brooke,Josephstad
17360,Lynn,South Danielport
17361,Daniel,North Lesliebury
17362,Claudia,Brianaberg
17363,Stacy,North Kariside
17364,John,West Tarafurt
17365,Erica,Lake Stephaniestad
17366,Erin,Port Emily
17367,Robert,East Beckymouth
17368,John,Lake Brianmouth
17369,Brenda,Jamiemouth
17370,Bobby,Zacharyland
17371,John,North Paula
17372,Angela,Gardnerfurt
17373,Morgan,Briantown
17374,James,Jacquelinefurt
17375,Joshua,East Alexis
17376,Larry,Haleshire
17377,Jill,East David
17378,Nicole,South Cynthiaton
17379,Joseph,New Eric
17380,Jonathan,Kevinville
17381,James,North Michaelmouth
17382,Richard,Makaylaburgh
17383,Robert,Lake Theodoreshire
17384,Aimee,East Emilyfurt
17385,Lisa,Davidfort
17386,Jeremy,Cynthiabury
17387,Todd,North Christopherville
17388,Douglas,Tonimouth
17389,Janet,North Daniel
17390,Karla,Pamelatown
17391,Jonathan,New Susanport
17392,Jennifer,West Emilytown
17393,Michael,North Aaron
17394,Diana,South Hannah
17395,Beth,Shawnshire
17396,Susan,Nealbury
17397,Patrick,South Jennifershire
17398,Christopher,South Jeremyburgh
17399,Amy,Abbottport
17400,Angela,New John
17401,Jeffrey,Hardinshire
17402,Tracy,Port Dustinville
17403,Amber,Kimberlymouth
17404,Jared,Theresabury
17405,Kathy,Port Valeriemouth
17406,Todd,Mahoneyville
17407,Ronald,Archershire
17408,Kimberly,Cathychester
17409,William,North Josephfort
17410,Lori,New Taylorshire
17411,Kenneth,Jamestown
17412,Ian,Andersonborough
17413,Mary,East Andrea
17414,Victoria,South Steventown
17415,Dawn,South Katherine
17416,Emma,Jodibury
17417,Amanda,West Jorge
17418,Glenn,Wilcoxburgh
17419,Cynthia,East Lindafurt
17420,Allison,Nelsonstad
17421,Anthony,East Katherinebury
17422,Carl,Smithside
17423,Carmen,Stewartbury
17424,Daniel,Wheelertown
17425,Rebekah,East Danielland
17426,Alexander,Burgessville
17427,Kelly,Port Angela
17428,Joseph,East Rachel
17429,Miguel,Port Brianport
17430,Virginia,Carlfurt
17431,Jose,East Corey
17432,Kenneth,Kennethview
17433,Sandra,Meganborough
17434,Nancy,Maryfurt
17435,Stephen,Gabriellaside
17436,Michael,Port Amyfort
17437,Diana,Jessicashire
17438,Linda,East Ryan
17439,Jessica,Lake Edwardfort
17440,Tyler,New Michaelborough
17441,Christopher,Gonzalezshire
17442,Jill,South Tamaratown
17443,Michael,Thomasburgh
17444,Brian,Stephaniemouth
17445,Jared,New Angelastad
17446,Allison,Port Susan
17447,Mikayla,North Raymondborough
17448,Angela,Marthaport
17449,Alexander,Paultown
17450,Yvette,Edwardland
17451,Jonathan,Powellland
17452,Brittany,Stephaniefort
17453,Michele,Lake Joshuaton
17454,James,West Tammy
17455,Mary,New Robin
17456,Tim,North Tammy
17457,Kurt,Port Michelleside
17458,Martin,East Brendamouth
17459,William,Smithborough
17460,Michael,South Bradley
17461,Alison,Francisland
17462,Andrew,Joelmouth
17463,Amanda,New Tamara
17464,Jeremy,North Ericville
17465,Allison,South Johntown
17466,Kerry,Port Albert
17467,Henry,Chadside
17468,Robert,Anthonyport
17469,Kristen,North Lisabury
17470,Matthew,Lake Stephanie
17471,Brandy,Lisabury
17472,Joshua,South Jamieport
17473,David,East Margaret
17474,Alicia,Devinborough
17475,Scott,Markchester
17476,Katherine,Scottport
17477,Christian,West Jacob
17478,Jason,Markhaven
17479,Holly,Jessicaborough
17480,Eric,Port Morgan
17481,Cynthia,Jonesside
17482,Corey,Tonyaview
17483,Katherine,Ericaview
17484,Stephen,South Michael
17485,Cynthia,Port Lisa
17486,Carolyn,East Joshuaville
17487,Renee,Collierton
17488,Brian,Riceland
17489,Whitney,Kimberlyside
17490,Michael,Jenniferstad
17491,Krystal,Wilsonmouth
17492,Alison,Gillbury
17493,Robert,Alexandershire
17494,Jeremy,Danielstad
17495,Howard,North Robertside
17496,Leonard,East Angela
17497,Donna,West Amanda
17498,Kristen,Gregoryton
17499,Tina,Kevinhaven
17500,Kevin,Thomasville
17501,Anthony,South Melissa
17502,Daniel,Lake Rachelbury
17503,Michael,North Thomasmouth
17504,Stephanie,East Annamouth
17505,Shannon,New Andrewhaven
17506,John,Alvarezmouth
17507,Kristin,Port Emilymouth
17508,Erin,North Teresa
17509,Andrew,Stephensview
17510,Tina,East Douglas
17511,Katherine,Megantown
17512,Jason,Vincentland
17513,Sara,Edwardsberg
17514,Michael,Mcguireberg
17515,John,Lake Jasonside
17516,Deborah,East Dawn
17517,Elizabeth,Mariaville
17518,Michelle,North Richardmouth
17519,Ashley,Daltonfurt
17520,Phillip,Kellyton
17521,Cindy,North Marialand
17522,Christina,Port Elizabeth
17523,Sara,Port Crystal
17524,Gregory,North Jessicaberg
17525,Teresa,Markfort
17526,Paige,Danielmouth
17527,Sharon,West Johnshire
17528,Elizabeth,Gabrielleside
17529,Paul,Williamsfort
17530,Karen,East Shannonbury
17531,Monique,West Brandiview
17532,Jill,Clarkbury
17533,Ashley,Kevinchester
17534,Tamara,Port Derekmouth
17535,Thomas,Ramirezport
17536,Ashley,Robinsonside
17537,Steven,Port Lonniehaven
17538,Matthew,West Andrew
17539,Katherine,North Andrewland
17540,Debbie,Phillipsport
17541,Thomas,Roberttown
17542,Angela,Port Susanshire
17543,Kevin,Jasonchester
17544,Jason,Randallhaven
17545,Suzanne,Port Sean
17546,Jill,West Sharonhaven
17547,Diana,New Michael
17548,Penny,Lyonsborough
17549,Sean,South Shellyfurt
17550,Brianna,North Julieview
17551,Jared,East Olivialand
17552,Haley,Waltonmouth
17553,Stacy,West Kimberlybury
17554,Barbara,North Robertmouth
17555,Michael,North Joehaven
17556,Johnathan,Lake Lori
17557,Justin,East Kevin
17558,Pamela,Amyville
17559,Lindsay,Morrisbury
17560,Mark,Camposshire
17561,Robert,East Andrewtown
17562,Tricia,Lauraville
17563,Megan,Kaitlinton
17564,Erik,Rileybury
17565,Andrew,Ramirezfurt
17566,John,Jessicaberg
17567,Jeffery,Dickersonbury
17568,Christopher,East Roberthaven
17569,Danielle,West Shaunstad
17570,Jeremy,East Maria
17571,Kathryn,Rodriguezberg
17572,Jason,Lake Joseph
17573,Kimberly,North Zachary
17574,Damon,Port Selena
17575,Brandon,North Tina
17576,Ian,Vanceberg
17577,Steven,Jacquelinechester
17578,Devin,Matthewmouth
17579,Rachel,Sheriside
17580,Kayla,North Alantown
17581,Susan,New Jennifer
17582,Kathryn,Port Ray
17583,Jennifer,New Ann
17584,Sandra,Jonesfort
17585,Marilyn,Lake Danielview
17586,Willie,Lake Angelahaven
17587,Michelle,Amymouth
17588,Don,West Nancytown
17589,Grace,Kyleside
17590,Elizabeth,Lake Candicemouth
17591,Angela,Calderonland
17592,Harold,Gregoryton
17593,Heather,Guerraborough
17594,Jessica,Bakerburgh
17595,Mark,North Yeseniaport
17596,Nancy,West Alejandro
17597,Michael,Port Richard
17598,James,South Tanyamouth
17599,Megan,New Jeffrey
17600,Colleen,Christianfurt
17601,Cheryl,Knightmouth
17602,Dwayne,Bradshawtown
17603,Kimberly,Jenniferburgh
17604,Christina,East Sierramouth
17605,Eric,North Sarah
17606,Susan,Port Lindsay
17607,Laura,Perezmouth
17608,Gloria,Chelseamouth
17609,Calvin,East Markland
17610,Geoffrey,Lawrenceton
17611,Lee,Port Sabrina
17612,Cynthia,North Marcus
17613,Thomas,West Sharon
17614,Catherine,Hayeston
17615,Krystal,Joshualand
17616,Robert,Hansenburgh
17617,David,Joyceland
17618,Roger,North Donaldshire
17619,Cheryl,South Frances
17620,Debra,Wallton
17621,Michael,North Joshuaberg
17622,Dustin,Jenkinshaven
17623,Andrew,Millerberg
17624,Raymond,West Christopherchester
17625,Christine,New Melissaland
17626,Lauren,Mendozaport
17627,Paula,Rojasmouth
17628,Jeremy,Raymondport
17629,Kaylee,North Bailey
17630,Jason,Fowlerberg
17631,Timothy,Wendyborough
17632,Robert,Greenberg
17633,Derrick,West Amyshire
17634,Julia,Ericton
17635,Megan,Terryfurt
17636,Joshua,Chelseashire
17637,Jason,Smallchester
17638,Tracy,Rogerstown
17639,Mary,North Claudia
17640,Brian,Bennettborough
17641,Julie,New Samantha
17642,Mary,Blackport
17643,Wanda,Elizabethfort
17644,Heather,Huffchester
17645,Christine,Port Hannahhaven
17646,Tara,South Andrew
17647,Melinda,West Angela
17648,Daniel,Lake Edwardshire
17649,Lisa,North Andreaburgh
17650,Charlene,Joelport
17651,Pamela,East Bryce
17652,Brian,Osbornfort
17653,Gregory,Joseland
17654,Larry,Harrisonshire
17655,Laurie,Haashaven
17656,Raymond,Lake Heather
17657,Jeffrey,East Frankberg
17658,Travis,Flemingstad
17659,Brianna,East Cheryl
17660,Kevin,North Gregoryburgh
17661,Sarah,East Christopher
17662,Corey,Huntton
17663,Maurice,Bellside
17664,Daniel,Williamberg
17665,Carrie,Natalieburgh
17666,Michael,West Ronaldbury
17667,Joseph,Medinabury
17668,Kaitlyn,Shaunmouth
17669,Mary,Lake Gerald
17670,Douglas,Lake Nancyport
17671,Kayla,Port John
17672,William,North Kennethfort
17673,Amy,West Karen
17674,Benjamin,South Ashley
17675,Michael,West Jennifer
17676,Sonya,Kimberlyton
17677,Jennifer,Williamstown
17678,Alexis,North Cameron
17679,Edward,North Jason
17680,Benjamin,Parkermouth
17681,Mary,Morganfort
17682,Renee,Elizabethborough
17683,Christopher,Rodriguezland
17684,Bryan,West Kimberlytown
17685,Catherine,Russellville
17686,Jeffrey,Johnview
17687,Amanda,East Rebeccaton
17688,Adam,South Jessicaside
17689,Natasha,East Marcbury
17690,Larry,Jotown
17691,Carrie,North Natalie
17692,Jeff,Patriciahaven
17693,Christine,North Erinborough
17694,Pamela,Lake Caseyburgh
17695,Patricia,South Rebeccafort
17696,Vincent,Codymouth
17697,Willie,Danielsshire
17698,Jeremy,South Bobbybury
17699,Robin,Stricklandmouth
17700,Shawn,East Ashley
17701,Billy,North Tara
17702,Brent,East Debra
17703,Brooke,Jennifermouth
17704,Steven,East Brian
17705,Mark,Paulburgh
17706,Lauren,New Christine
17707,Jeremy,Parkville
17708,Erin,Port Christian
17709,Robert,Lisaborough
17710,Bradley,Vasquezhaven
17711,Karen,West Kevinfort
17712,Courtney,East Jessica
17713,Karen,New Erin
17714,George,Lake Michaeltown
17715,Candice,Lake Franklin
17716,Randy,South Linda
17717,Tammy,South Meganview
17718,Richard,East Deborah
17719,Kristen,South Tina
17720,Toni,Thomastown
17721,Susan,East Craig
17722,Lauren,Wilsonton
17723,Laura,Tylerhaven
17724,Frank,Harringtonmouth
17725,Robert,Millerville
17726,George,Lonniemouth
17727,Jessica,West Edward
17728,Timothy,Josephchester
17729,Rachel,East Leah
17730,Jennifer,New Marie
17731,Eugene,Bethanyberg
17732,Julia,West Michaelton
17733,Robert,Stephanieside
17734,Sean,Murilloborough
17735,Kimberly,Rosalesmouth
17736,Dylan,New Anthonybury
17737,Antonio,Tonyside
17738,Natalie,East Johntown
17739,Christine,South James
17740,Brian,Campbellburgh
17741,Danny,Jasonfurt
17742,Patty,Lake Todd
17743,Desiree,Andreahaven
17744,Jeffrey,Port Lisa
17745,James,Barnesmouth
17746,Mary,Richardberg
17747,Jonathon,Johnport
17748,Keith,South Stephen
17749,Brooke,Nicoleborough
17750,Christopher,New Michael
17751,Andrea,South Tracy
17752,Frank,Meyerstown
17753,Mark,South Adam
17754,Angelica,West Amber
17755,Dennis,Kinghaven
17756,Travis,Richardshire
17757,Maria,Santanaborough
17758,Cathy,Stephaniebury
17759,Erin,West Mark
17760,Pamela,West Maurice
17761,Mckenzie,New Katherinefort
17762,Whitney,Kyleville
17763,Keith,Port Timothyhaven
17764,Angela,Stephensview
17765,Sean,North Alejandraside
17766,Ralph,Davidfort
17767,Daniel,Jessicafurt
17768,Deborah,Ortizview
17769,Ray,West Anthony
17770,Jamie,New Jessetown
17771,Michelle,East Laurie
17772,Desiree,Lake Lisaport
17773,Christopher,Washingtonchester
17774,Vickie,Emilyland
17775,Jennifer,Moranchester
17776,Carrie,West David
17777,Michael,New Steven
17778,Susan,Jacksonberg
17779,Scott,Ashleyville
17780,Heather,Cindyberg
17781,Chelsea,Brandontown
17782,John,North Jamie
17783,Mary,Nicholasshire
17784,Bruce,East Andrewview
17785,Kenneth,Ernestside
17786,Jason,Saundershaven
17787,Barbara,New Russellfurt
17788,Amy,Johnstad
17789,Anthony,Pughstad
17790,David,Hullmouth
17791,Gabrielle,Jasonbury
17792,Michael,South Maryborough
17793,Wanda,Lake Michael
17794,Nicole,West Nathanielhaven
17795,Kristin,Williamsmouth
17796,Dillon,Jonathanview
17797,Blake,Port Douglasberg
17798,Michael,West Patrickborough
17799,Rebecca,East Anthonyborough
17800,Stephanie,New Christian
17801,Scott,Lake Laceyberg
17802,Amanda,Jasonville
17803,Jonathan,Christinefort
17804,Alice,New Jenniferland
17805,Patricia,East Daniel
17806,Alexandra,Lake Christinetown
17807,Eugene,South Brad
17808,Elaine,Riosfort
17809,Gary,Morenotown
17810,Christopher,New Mariamouth
17811,Anthony,Mitchellshire
17812,David,Garrisonhaven
17813,James,Nicholasville
17814,Summer,Lake Andrea
17815,Kathy,Lake Kevinstad
17816,Lori,Lake Kevinfort
17817,Kimberly,Lake Kevin
17818,Cynthia,Barrettchester
17819,Lee,Joycestad
17820,Daniel,Amyport
17821,Dean,Kaylatown
17822,Elizabeth,East Nicholas
17823,Bradley,West Michelleberg
17824,Edward,Kimmouth
17825,Kaitlyn,Jefferymouth
17826,Roy,Franklinfort
17827,Christopher,Lake Christopherfort
17828,Brendan,East Brandonville
17829,Riley,Elliottside
17830,Jenna,Richardland
17831,William,Port Veronica
17832,Jacqueline,Frankport
17833,Michelle,Lake Jason
17834,Jason,Collinsfort
17835,Kelly,Lewismouth
17836,Timothy,Caseyberg
17837,William,Charleshaven
17838,Maria,Port Joelside
17839,Elizabeth,North Jenniferside
17840,Dean,Farmerville
17841,Tina,East Graceport
17842,Emily,Wardhaven
17843,Jake,Josephmouth
17844,Amy,North Carrieshire
17845,Brandy,Port Matthewhaven
17846,Robert,South Jennifer
17847,Victoria,Elizabethfurt
17848,Christine,North Michaelborough
17849,Johnathan,East Cherylport
17850,James,Justinhaven
17851,Tracey,Garciabury
17852,David,Karenborough
17853,Kerry,North Becky
17854,Linda,North Matthewstad
17855,Danny,East Donald
17856,Lacey,Lake Johnside
17857,Benjamin,East Jesse
17858,Michelle,Port Joseph
17859,Deanna,Port Jeff
17860,Adriana,Bellview
17861,Francisco,Georgechester
17862,Steven,Lawrencebury
17863,Christine,Heatherland
17864,Cynthia,Galvanside
17865,William,Summertown
17866,Jeremiah,Lake Michael
17867,Keith,South Eric
17868,Kathryn,Nancyville
17869,Jennifer,East Toddville
17870,Robert,Lake Johnberg
17871,Chad,West Benjamin
17872,Kathy,New Williamside
17873,Lori,Port Teresa
17874,Kelsey,Lake Toni
17875,Tammy,New Meghan
17876,Hunter,Port Rebecca
17877,Nicholas,Lake Grantshire
17878,Brittany,Henryfort
17879,Julie,Joseton
17880,Ronald,West Paul
17881,Jessica,West Lacey
17882,Anthony,Mclaughlinbury
17883,Erik,Mooreberg
17884,Zachary,Lake Cheryl
17885,John,Port Janetmouth
17886,Aaron,Drakestad
17887,Alyssa,Dawnmouth
17888,Scott,Markport
17889,Veronica,Rosaleshaven
17890,Arthur,Lake Luis
17891,Brian,Davishaven
17892,Madison,Port Laura
17893,Brian,Henrytown
17894,David,Port Leslieville
17895,Savannah,Lake Jeremy
17896,Rachel,Darrellberg
17897,Alison,Port Brandonfurt
17898,William,Lake Sara
17899,Sarah,Ruizville
17900,Jacob,Angelaview
17901,Christine,Lewisville
17902,Ashley,West Lisamouth
17903,Jason,Amberhaven
17904,Nicole,South Tanyahaven
17905,Erica,West Carlstad
17906,Katrina,East Matthewmouth
17907,Tara,Gabrielside
17908,Lori,Lewisburgh
17909,Adriana,Johnsonview
17910,Sheila,New Curtiston
17911,Krystal,Bowmanstad
17912,Richard,Donnastad
17913,Mariah,Dianemouth
17914,Richard,Christophermouth
17915,Christina,Millerborough
17916,Michael,Gonzalezfurt
17917,Scott,Brandonville
17918,Brandon,New Todd
17919,Brian,East Donnabury
17920,Mariah,Armstrongmouth
17921,Alyssa,Valdezland
17922,Michael,West Andreaburgh
17923,Samuel,Lake Vincentborough
17924,Nicole,Port Connor
17925,Donna,Danielchester
17926,Laura,New Marissa
17927,John,Hoffmanburgh
17928,Christopher,North Nicolemouth
17929,Peter,New Jefferyfurt
17930,Amy,Thomastown
17931,Nathan,Warrenshire
17932,Beverly,New Karen
17933,Amber,Carrollville
17934,David,Jarvisberg
17935,Jeremy,Kellyville
17936,Nicole,Garciafurt
17937,Ricky,Jacksonchester
17938,Pam,Caitlinborough
17939,Raymond,Hollyland
17940,Mark,Ashleyland
17941,Kenneth,East Carolyn
17942,Andrea,Zacharyville
17943,Samantha,South Jaredfort
17944,Mackenzie,Sharonburgh
17945,Suzanne,Port Brentfort
17946,Janice,Port Samuelberg
17947,Ann,Woodwardshire
17948,Carl,Mcconnellfort
17949,Teresa,East Paulaborough
17950,Stephen,North Monicabury
17951,Christopher,West Joseph
17952,Bianca,Jamesport
17953,Edgar,Michaelborough
17954,Ronald,Angelamouth
17955,Gary,Annaland
17956,Kellie,South Charles
17957,Tiffany,North Tanner
17958,Samuel,Evanmouth
17959,Cody,North Timothyland
17960,Natalie,Thomasstad
17961,Tammy,East Mario
17962,Steven,Williamsview
17963,Ashley,South Bettyfort
17964,Joseph,Andrewstown
17965,Janet,West Patricia
17966,Jacob,New Ashleyside
17967,Alvin,North Gary
17968,Wayne,New Carol
17969,Meghan,New Sheilaport
17970,Rita,North Andrea
17971,Valerie,South Brent
17972,Anna,West Evelyn
17973,Patrick,Christopherbury
17974,Kenneth,Charleshaven
17975,Stephanie,Christopherfurt
17976,Robin,East Dominiquehaven
17977,Eric,Angelamouth
17978,William,Greenbury
17979,Steven,Port Dianaburgh
17980,John,Mcdanielville
17981,Ian,Port Gregoryfurt
17982,Donna,West Stevenbury
17983,Zachary,Taylormouth
17984,Todd,Hillbury
17985,Levi,East Meredith
17986,Andres,Douglasview
17987,Loretta,Keithburgh
17988,Bethany,Barryview
17989,Amanda,New Isaacmouth
17990,Herbert,West Alexismouth
17991,Anthony,New Stephanieview
17992,Theresa,New Anna
17993,Sherry,Manningfort
17994,Michael,Mauricefurt
17995,Ashley,Millerstad
17996,Jill,West Curtis
17997,Beth,Shellyport
17998,Valerie,Moralesstad
17999,Steven,Levinestad
18000,Andrea,New Matthewstad
18001,Brandy,North Adam
18002,Lawrence,Lake Andrestad
18003,Benjamin,South Robertmouth
18004,Pamela,West Caleb
18005,Donald,New Christopherbury
18006,Brittany,North Kimberly
18007,Theresa,Leeborough
18008,Rebecca,Richardville
18009,Kimberly,Michaelmouth
18010,Danielle,Amberfurt
18011,Jacqueline,Hansenfurt
18012,Darrell,Amyborough
18013,Jason,West Desireeshire
18014,Hannah,Graveschester
18015,Tiffany,Stewartfort
18016,Albert,New Sarahshire
18017,Dalton,Michaelchester
18018,Jason,Port Pamela
18019,Mitchell,Robertsfurt
18020,Johnathan,Nicoleburgh
18021,Jared,Dariusfurt
18022,Sean,West Tiffanyville
18023,Jessica,West Davidfort
18024,Christopher,North Wesleytown
18025,Amanda,New Christine
18026,Brenda,Michaelchester
18027,Dawn,Mariestad
18028,Timothy,Caseville
18029,Maria,Port John
18030,Sean,Lake Monicafurt
18031,Anna,Samanthashire
18032,Lisa,Lake Cindymouth
18033,Richard,West Mallory
18034,David,Markport
18035,Sarah,Lake Martha
18036,Rebecca,South Jennifer
18037,Dawn,Georgefort
18038,Alvin,Lake Colleenport
18039,Erin,Bradleyton
18040,Rebecca,Justinburgh
18041,Hailey,Jeremyview
18042,Cheryl,Lewisborough
18043,Keith,North Amberburgh
18044,Sandra,West Jodiborough
18045,Joyce,Susanstad
18046,Rachael,West Katherine
18047,Robert,Maynardland
18048,Brian,East Jerry
18049,Hannah,Johnsonbury
18050,Amber,West Carla
18051,Yvonne,Johnsonland
18052,Jared,New Elizabethshire
18053,Carolyn,New Joseph
18054,Lauren,Cabreraberg
18055,Adrian,Port Ericabury
18056,Andre,Christopherton
18057,Duane,Wellsfort
18058,Mackenzie,Noahside
18059,Shelby,Robertochester
18060,Joshua,Diazfurt
18061,Lindsey,Munozburgh
18062,Anthony,Huertafurt
18063,Jonathan,Troyside
18064,Lauren,Monicaburgh
18065,Michelle,Millerstad
18066,Chelsea,Williamsfort
18067,Robert,Bartonborough
18068,Jonathon,Port Paula
18069,Eric,East Doristown
18070,Vanessa,Levineside
18071,Christine,New Theresaville
18072,Sydney,Patrickhaven
18073,Jessica,Port Davidside
18074,Kristin,North Kimberly
18075,Danny,New Lisa
18076,Cody,Port Megan
18077,Ernest,Lake Erinhaven
18078,Carrie,Williamsview
18079,Daniel,Rachelhaven
18080,Darrell,Reedfurt
18081,Elizabeth,New Justinbury
18082,Carlos,Meganchester
18083,Gregory,Connorside
18084,Anna,South Jaredbury
18085,Brandy,West Michaelbury
18086,Joseph,Lake Marioshire
18087,David,Lake Mistyside
18088,Patrick,South Emily
18089,Christopher,Davismouth
18090,Ryan,Aliciaberg
18091,Kimberly,West Jacobland
18092,Caitlin,West Michael
18093,John,Port Cynthia
18094,Cassandra,South Pedromouth
18095,Shawn,Staceyhaven
18096,Elizabeth,East Jill
18097,Kimberly,Kathrynville
18098,Ryan,North Joshuaside
18099,Suzanne,Port Sarashire
18100,Megan,East Dianaborough
18101,Ross,Port Jason
18102,Keith,Robertsonborough
18103,Haley,East Danielside
18104,Tamara,New Wayne
18105,Michelle,Port Jacobberg
18106,Melissa,Kevinshire
18107,Jasmine,Tranmouth
18108,Sheila,New Danielhaven
18109,Diana,North Michaelbury
18110,Jeffrey,Jenniferbury
18111,Brian,Port Brittanyside
18112,Sarah,West Crystal
18113,Deanna,Lambhaven
18114,Michele,Port Edwardview
18115,Lauren,Dickersonfurt
18116,Deanna,Brownton
18117,Lisa,East Courtneyside
18118,Jessica,Gibsonburgh
18119,Dawn,Dwayneshire
18120,David,Hoodville
18121,Teresa,Katieside
18122,Michael,Jasminefort
18123,Sara,Rosalesview
18124,Jeremy,Frazierberg
18125,Judy,Kyleberg
18126,Sabrina,South Andrew
18127,Timothy,Willieborough
18128,Michael,East Lesliestad
18129,Sharon,Port Mary
18130,Lisa,Dennisbury
18131,Amanda,Reyestown
18132,Joshua,Garyshire
18133,Laura,West Clifford
18134,William,North Jeanettetown
18135,Kristen,Jonesview
18136,Amanda,Richardland
18137,Andrew,Nelsonmouth
18138,Melissa,Jenniferland
18139,Cynthia,East Fernando
18140,Michelle,Williamsborough
18141,Julie,Alecton
18142,Melissa,Maryborough
18143,Lisa,South Williamview
18144,Todd,Port Jessica
18145,Robert,Port Vincentton
18146,John,New Nicole
18147,Bryce,Howardfort
18148,Seth,Gregoryhaven
18149,Robert,Brownchester
18150,Sherri,Lake Kathleen
18151,Jessica,Lake Dustin
18152,Matthew,East Hollymouth
18153,Diane,Ericaview
18154,Alyssa,South Kevin
18155,Stephen,North Carrie
18156,Jason,Pearsonbury
18157,Brittany,Courtneyfort
18158,Ryan,East Alex
18159,Vanessa,Janicebury
18160,Carla,New Amy
18161,Alicia,Grayton
18162,William,Lake Nancyport
18163,Stephanie,Scottberg
18164,Kimberly,East Tammy
18165,Kimberly,West Brandon
18166,Stanley,Robertside
18167,Theresa,Walkerfort
18168,Heather,Hesterton
18169,Gabrielle,East Kevin
18170,Laura,Lake Aaron
18171,Faith,Annaport
18172,Karen,Timothytown
18173,Andrea,West David
18174,Vanessa,New Alicia
18175,Dustin,Haleyborough
18176,Christine,Jonesshire
18177,Sean,North Tracyport
18178,Sandra,Lake Deborahside
18179,Kirsten,Port Jennifer
18180,Lori,Port Michael
18181,David,Lake Lisa
18182,Angela,West Michael
18183,Shane,Andersonfort
18184,Travis,New Garychester
18185,John,Lake Brian
18186,Chris,New Bethburgh
18187,Melanie,Davidshire
18188,Elizabeth,South Crystal
18189,John,Port Joseph
18190,Susan,Jonesmouth
18191,Christopher,New Angela
18192,Michael,East Davidmouth
18193,Kristin,Josechester
18194,Joshua,East Alyssa
18195,Andrea,Port Franciscomouth
18196,Jasmine,Arianahaven
18197,Tamara,New Jenniferside
18198,Steven,Johnsonport
18199,Amy,Bautistaland
18200,Adam,Butlermouth
18201,Victoria,Michaelberg
18202,Yolanda,Jessicaside
18203,Daniel,East Michaelshire
18204,Angela,West Dylan
18205,Teresa,Barrshire
18206,Erica,East Matthewfort
18207,Tyler,Brownville
18208,Jennifer,Stokesborough
18209,Michael,North Sandra
18210,Jonathan,Lake Jeanetteberg
18211,Mitchell,Normanfort
18212,Marcus,Aaronville
18213,Daniel,New Donna
18214,Sarah,Robertsfurt
18215,Michael,South Tom
18216,Christopher,Port Terrance
18217,Pamela,Haynesbury
18218,Joseph,Hancockbury
18219,Theresa,West Cindy
18220,John,Port Christopher
18221,Teresa,East Lauraberg
18222,Jared,South Christopherland
18223,Amy,Stephaniemouth
18224,Brian,Lake Rodney
18225,Jon,Barnesport
18226,Vanessa,Johnstonfort
18227,Melissa,South Terrystad
18228,Brenda,Montgomerybury
18229,Samantha,New Cynthiastad
18230,Theresa,Lake Teresa
18231,Emily,South Elizabethstad
18232,Wendy,Douglashaven
18233,Stacey,Marcuston
18234,Susan,East Adam
18235,Christina,Watsonborough
18236,Monica,Lake Derek
18237,Clifford,New Ashley
18238,Antonio,West Shelly
18239,Joseph,Port Heidi
18240,Adam,Ronaldchester
18241,Katherine,Lindseyfurt
18242,Ashley,South Lisachester
18243,Angela,New James
18244,Kimberly,North Stephen
18245,Gary,Dominiquechester
18246,Anthony,East Stevenview
18247,Gregory,Lake James
18248,Jennifer,Hernandezberg
18249,Gregory,West Jimmyshire
18250,Wendy,Scottfort
18251,Taylor,Susanport
18252,Martha,East Roger
18253,Ethan,North Timothy
18254,Melissa,Port Davidhaven
18255,Nancy,Josephtown
18256,Jesus,New Robin
18257,Alyssa,North Thomasport
18258,Raymond,Catherinefurt
18259,Nicholas,Ronaldtown
18260,Andrew,Jacksonland
18261,Linda,New Jamie
18262,Mark,Danielton
18263,Sara,West Jacobfort
18264,Kimberly,East Kristopher
18265,Stacy,Timothyberg
18266,Andrea,Lopezport
18267,Daniel,East Stevenmouth
18268,Gail,South Davidberg
18269,Richard,Nelsonton
18270,Joe,New Reneechester
18271,Jonathan,Hendersonchester
18272,Richard,New Ronaldtown
18273,Bryan,Harringtonhaven
18274,David,Anthonymouth
18275,Jeanne,Millerside
18276,Andrew,Port Charles
18277,Peter,Timland
18278,Ronnie,Williamchester
18279,Scott,Benjaminberg
18280,Wendy,Port Angelaberg
18281,Jeffery,Ashleyfurt
18282,Brady,Port Lindaland
18283,Richard,Dianaport
18284,Sarah,Patelberg
18285,Linda,Coltonberg
18286,Jennifer,Michelleborough
18287,Kenneth,North Juan
18288,Maria,New Jennifer
18289,Brett,New Nicholas
18290,Kristine,Russellmouth
18291,Hannah,New Christopher
18292,Theresa,New Kimberlyfort
18293,Sarah,New Jacobchester
18294,Daniel,Williamville
18295,Blake,East Alexismouth
18296,Charles,East Derrickburgh
18297,Kelly,New Laura
18298,Melinda,Scottshire
18299,Valerie,East Moniqueland
18300,Wesley,Brownview
18301,Danny,Kylehaven
18302,Natasha,Robertton
18303,Chad,Kellyfort
18304,Seth,Mikaylatown
18305,Eric,Hutchinsonchester
18306,Donald,East Danielport
18307,George,Michaelburgh
18308,Jennifer,North Kylie
18309,Lawrence,Marytown
18310,Tamara,Nelsonstad
18311,Mary,New Stephentown
18312,Marissa,Emilyport
18313,Patricia,Carterview
18314,Hunter,North Kathleenmouth
18315,Amanda,Bennettside
18316,Phyllis,Rebeccaland
18317,Tracy,Piercebury
18318,Ashley,New Scottfurt
18319,Aaron,Rogerport
18320,Catherine,Camposland
18321,Eduardo,Lake Mary
18322,Olivia,Lake Christopherhaven
18323,Robin,Barnettfort
18324,David,Barbarachester
18325,Elizabeth,Lake Amy
18326,Marisa,South Regina
18327,Taylor,Ronaldshire
18328,Gerald,Johnsonton
18329,Mary,West Nicholasville
18330,Alexander,New Michaelmouth
18331,Michael,South Dylan
18332,Tina,Ballmouth
18333,Kenneth,Josephland
18334,Andrew,Moralesborough
18335,Carlos,Archermouth
18336,Stephanie,Taylorberg
18337,Allison,Gillespiehaven
18338,Amber,Allenbury
18339,Sarah,Avilahaven
18340,Debra,Port James
18341,John,Port Kellyside
18342,Dean,Tammyport
18343,Kaitlin,Jeffreyside
18344,Candace,Lake Troyhaven
18345,Kathleen,Shawnport
18346,Thomas,Thomasbury
18347,Nathaniel,Phillipsfort
18348,Todd,Simsborough
18349,Nancy,Ericberg
18350,Tiffany,Lake Cynthia
18351,Tara,Port Charleston
18352,Lisa,New Nicole
18353,Julia,South Rachael
18354,Joseph,Lake Christopher
18355,Abigail,East Sherrifurt
18356,Alexander,Jeffreyshire
18357,Maria,West Mason
18358,Aaron,Catherineport
18359,Susan,New Jasontown
18360,Deanna,Clarkview
18361,Cassandra,New Susan
18362,Christopher,North Michelle
18363,Dawn,Lake Anthony
18364,Nicholas,Melissaborough
18365,Adrian,South Leslie
18366,Amy,West Eric
18367,Linda,Maybury
18368,Adam,Brownstad
18369,Christopher,North Christopherbury
18370,Ashley,Jamesshire
18371,Kayla,Reyesmouth
18372,Timothy,East Jessica
18373,John,Ibarrastad
18374,Ronald,Lake Nicholasside
18375,William,West Sarahland
18376,Jason,South Christopher
18377,Eric,South Katieburgh
18378,Nicole,West Debratown
18379,Kimberly,Tranmouth
18380,Barbara,West Darleneville
18381,Samantha,East Vincentchester
18382,Christopher,Lake Elizabethtown
18383,Bonnie,Lake Tara
18384,Anna,Ericashire
18385,Heather,South Daniel
18386,Amber,West Steven
18387,Ray,Ravenstad
18388,Justin,East Lesliestad
18389,Tiffany,West Deborah
18390,Christopher,West Dawnland
18391,Cristian,Robbinsmouth
18392,Kathy,Barbaraville
18393,Kyle,Lake Joseph
18394,Robert,Lake Mathewbury
18395,Joshua,North Vincentstad
18396,Javier,North Charles
18397,Mark,South Paula
18398,Amber,West Joelmouth
18399,Jose,Cherylshire
18400,Anthony,Port Charlesbury
18401,Ryan,New Timothytown
18402,Elizabeth,South Roy
18403,Albert,Port Sherryton
18404,Javier,Lake Roy
18405,Eric,Lake Ronald
18406,Scott,South Mary
18407,Alexander,Port Robert
18408,Joseph,Jasminefort
18409,David,Carpentershire
18410,Victor,Beckville
18411,Cassandra,Cordovatown
18412,Anthony,Jamesshire
18413,Howard,West Tiffanyland
18414,Samuel,Lauraview
18415,Alicia,Vickieland
18416,Maxwell,Newmanside
18417,Andrew,Murphychester
18418,Wanda,East James
18419,Jennifer,Robinsonfurt
18420,Cesar,West Lawrencetown
18421,David,Scottshire
18422,Hailey,Whiteshire
18423,Maria,North Michelle
18424,Brandy,Lesliefurt
18425,Robert,Jessicashire
18426,Cindy,South Anthonyborough
18427,Jennifer,North Jessicaview
18428,Lisa,Port Christyland
18429,Jeremy,Port Kenneth
18430,Richard,Lake Sarahport
18431,Jordan,New Kimberlymouth
18432,Meagan,New Erik
18433,George,Keithville
18434,Paula,Heatherfurt
18435,Johnny,Lake Stacy
18436,Yesenia,Kristyhaven
18437,Ryan,Port Samuelfurt
18438,Brianna,Sarafort
18439,Ashlee,South Anthony
18440,Paula,North Stevenstad
18441,Tonya,Ryanville
18442,Stephanie,Espinozafort
18443,Amanda,South Tonyabury
18444,Karen,Hollandton
18445,Lance,North Kayla
18446,Lisa,Silvafort
18447,Mark,Allenborough
18448,Rebecca,Lindahaven
18449,Amanda,Amandastad
18450,Benjamin,East Nicholechester
18451,Jeremy,Glennfort
18452,Debra,Lake Victor
18453,Alexis,North Erica
18454,Sarah,West Mary
18455,Charles,West David
18456,Chad,Ericton
18457,Angela,South Blakeside
18458,Rachel,Williamtown
18459,Daniel,Frazierside
18460,Lori,Mendozaville
18461,John,East Jessica
18462,Brandi,Port Ashley
18463,James,East Kaylaside
18464,Lindsay,Shawnmouth
18465,Lindsay,Riveraview
18466,Anthony,South Nancyburgh
18467,John,Port David
18468,Samantha,East Elizabethhaven
18469,Michael,Port Nicole
18470,Micheal,East Michellechester
18471,David,Adamsville
18472,Carrie,Lake Robertshire
18473,George,Lake Marthahaven
18474,Monica,Samuelland
18475,Bryan,Port Dannyland
18476,Daniel,South Garyhaven
18477,Lisa,Wheelerport
18478,Rhonda,Cristinamouth
18479,Brittney,Rodneybury
18480,Andrea,Amandatown
18481,Andrew,Port Sharon
18482,Courtney,West Veronicaview
18483,Traci,West Christinachester
18484,Michelle,Alyssaport
18485,Diana,Christinestad
18486,Robin,South Christopher
18487,Shawn,South Jeremyborough
18488,Kristina,West Christina
18489,Charles,Colonside
18490,Alicia,Jameshaven
18491,Jonathan,East Alison
18492,Randy,Youngmouth
18493,Jennifer,New Charlesbury
18494,Stephanie,Lake Brittany
18495,Kathryn,Carpenterfort
18496,Stephen,Valentinefort
18497,Justin,West Stephen
18498,Bryan,Lake Raymond
18499,Erin,Dunlapbury
18500,Brenda,Lake John
18501,Lindsey,Port Marc
18502,Jennifer,New Larryshire
18503,Kristen,Jacksonside
18504,Mario,North Jessicafurt
18505,Thomas,Courtneystad
18506,Nancy,South Marioland
18507,Gina,Aliciamouth
18508,Lisa,Sarahfort
18509,Brianna,Liport
18510,Robert,New Kimberlyview
18511,Elaine,Michellemouth
18512,Dean,New Josephburgh
18513,Katie,New Christianville
18514,Joshua,Lake Kimberly
18515,Julie,Port Nicole
18516,Michelle,Georgemouth
18517,Megan,Gonzalezbury
18518,Brent,South Paul
18519,Anthony,New Ryanmouth
18520,Lisa,North Andrew
18521,Benjamin,Port Michelle
18522,Matthew,New Andrew
18523,Tommy,Catherinemouth
18524,Rachel,Jonathanstad
18525,Joshua,Port Anthonyborough
18526,Dawn,Davidsonberg
18527,John,Gouldborough
18528,Dakota,Lake Jameshaven
18529,Jack,Turnerville
18530,Michael,New Heathertown
18531,Susan,West Shelley
18532,Kenneth,Ochoamouth
18533,Brenda,Amandatown
18534,Paula,West Eriktown
18535,Jeffrey,Nealview
18536,Shawn,East Jenniferchester
18537,Molly,Davisshire
18538,Steve,Millerborough
18539,Robert,West Julieland
18540,Larry,Port Amy
18541,Michael,Ethanberg
18542,Joseph,South Amanda
18543,Steven,Thompsonbury
18544,John,New Jamesfurt
18545,Aaron,North Michelleview
18546,Julia,Kristentown
18547,Thomas,Lake Cole
18548,Andrew,Melvinview
18549,Becky,Lake Jessica
18550,Brittany,Brianmouth
18551,Victoria,Cochranfort
18552,Joshua,Lake Paulfort
18553,James,North Donnaborough
18554,Christopher,Codyton
18555,Suzanne,Port Susanberg
18556,Courtney,East Alexandria
18557,Brian,Harrismouth
18558,Kayla,Port Matthew
18559,Sara,Aguirreborough
18560,Ashley,North Rachelport
18561,Amy,Lake Shelby
18562,David,Brookston
18563,Brian,Williamsland
18564,Kerry,Haleyberg
18565,Kristen,Barryfort
18566,Shannon,Jenniferton
18567,Karen,Port Craig
18568,Brett,Middletontown
18569,April,Allenside
18570,Mary,Arthurmouth
18571,Joanne,Andreabury
18572,Jessica,West Amy
18573,David,Blakeshire
18574,Miranda,Norrismouth
18575,Mary,Woodland
18576,Alexandra,Huntmouth
18577,Charles,Stuartmouth
18578,Jaime,Lake Michaelberg
18579,Nathan,Jenkinsmouth
18580,Katherine,Amandaview
18581,Wendy,Davisberg
18582,Tammy,Millerland
18583,Angela,North Scottview
18584,Tammy,North Lauren
18585,Victoria,New Steven
18586,Michael,Port John
18587,Amber,Lake John
18588,Linda,Johnsonfort
18589,Megan,North Matthew
18590,Christopher,Lake Raymond
18591,Michelle,East Deanna
18592,Casey,Port Brian
18593,Tina,Jacksonchester
18594,Chelsea,Douglasfurt
18595,Hunter,Lake Joshua
18596,Marcus,Reneeburgh
18597,Joseph,East Joan
18598,Elizabeth,West Jennifer
18599,Joseph,New John
18600,Amanda,Dakotaberg
18601,Rachel,Lake Christopherbury
18602,Christopher,South Dustin
18603,Christy,Hawkinsshire
18604,Brittany,Port Rebeccaton
18605,Timothy,East Brittanybury
18606,Erica,Jadeton
18607,Michael,New Douglas
18608,Steven,Hayesfort
18609,Miranda,Harringtonberg
18610,Traci,Johnsonmouth
18611,Andrea,East Julie
18612,Angel,North Catherine
18613,Heather,West Seanside
18614,Christopher,Port Alyssa
18615,Crystal,Whitehaven
18616,Carlos,Brownburgh
18617,Marc,West Adam
18618,Ricky,South Renee
18619,Jessica,Erintown
18620,Matthew,New Claytonchester
18621,Kimberly,East Susanview
18622,James,New Anafort
18623,Stephanie,Port Yvonnefort
18624,Daniel,New Michael
18625,Jennifer,South Jody
18626,Christopher,Leetown
18627,Emily,Smithfort
18628,Charles,North Justinmouth
18629,Darrell,Port Henryfurt
18630,Mario,Myersfort
18631,Kathy,Richardschester
18632,Tanya,West Kimberlychester
18633,Thomas,Port Samuel
18634,Alexander,Tuckerberg
18635,Paul,Lake Rose
18636,Lance,West Patrick
18637,Rebecca,Stewarthaven
18638,Tara,South David
18639,Gregory,Lawsonhaven
18640,Eric,Melanieview
18641,Ryan,Castanedaview
18642,Calvin,Thomastown
18643,William,South Kristenmouth
18644,Douglas,Rayview
18645,Anna,Santosbury
18646,Melanie,Benjaminmouth
18647,Rhonda,New Scottfurt
18648,Patrick,Markfurt
18649,Calvin,Lake Dalton
18650,Emily,North Elizabeth
18651,Sheryl,South Annland
18652,Linda,East Todd
18653,Melissa,South Angelaburgh
18654,Steven,Dennisview
18655,Timothy,Hoport
18656,Michael,Brockland
18657,Manuel,Samuelfort
18658,Julie,Reneeshire
18659,Kimberly,East Sarah
18660,Margaret,Mooreside
18661,Donald,Thomasfurt
18662,Misty,South Joseph
18663,Theresa,Valenciaville
18664,Alyssa,West Darlene
18665,Beth,West Troybury
18666,Kimberly,East Margaret
18667,Tracy,Port Annetteland
18668,Terrance,Lake Lauren
18669,Susan,Lake Ashleyfort
18670,Jose,Donaldborough
18671,Kristi,Lisaton
18672,Tyler,Johnsonberg
18673,Jack,Reillyborough
18674,Christopher,North Joshuabury
18675,Michael,North Patrick
18676,Renee,Lake Suzannebury
18677,Jackie,Laurieton
18678,Brenda,South Joshua
18679,Lindsey,Amyport
18680,Linda,South Christopher
18681,Wendy,Davisland
18682,Jennifer,South Michael
18683,Antonio,Vincentburgh
18684,Mark,Port Terriland
18685,Wesley,South Marystad
18686,Dylan,New Kimberly
18687,Mark,West Sarahstad
18688,Richard,Carlberg
18689,Christopher,Port Natalie
18690,Robert,Browntown
18691,Johnny,South Michael
18692,Andrea,Ramirezview
18693,Melvin,Moraton
18694,Danielle,Littleside
18695,Kristin,Lake Marcusbury
18696,Amy,Briannamouth
18697,Kristine,West Walterfurt
18698,Paul,Gonzalezland
18699,Jessica,Port Derekburgh
18700,Jennifer,South Charles
18701,James,South Courtney
18702,Tasha,Kennethchester
18703,Olivia,Reedtown
18704,Teresa,Angelamouth
18705,David,Port Adamview
18706,Samantha,Smithside
18707,Katherine,Darryltown
18708,Charles,Morganborough
18709,Pamela,South Christopherberg
18710,Cynthia,North Juanville
18711,Anita,Stephensonstad
18712,Kimberly,Kaiserton
18713,Maurice,South Christy
18714,Laura,New Trevorview
18715,Clinton,Port Adam
18716,Lucas,Terrystad
18717,Kayla,Montoyaborough
18718,Tina,West Walterborough
18719,Kendra,Port Cynthia
18720,Jason,Reesebury
18721,Christopher,Woodsview
18722,Rachel,Dennistown
18723,Katherine,Samanthafurt
18724,Melanie,Arthurshire
18725,Carly,Lake Christopher
18726,Rachel,Danielstad
18727,Christopher,Farmerfort
18728,Kevin,North Emily
18729,Michael,Port Lauren
18730,Whitney,Kellyfurt
18731,Mercedes,North Crystal
18732,Katherine,Jonathanberg
18733,Keith,North Stephen
18734,Joel,Lake Barbaramouth
18735,Kenneth,Davidburgh
18736,Steven,Higginshaven
18737,Peter,South Ruthtown
18738,Courtney,Lake Brittanymouth
18739,Bianca,North Janice
18740,Angela,North Tony
18741,Courtney,Georgeborough
18742,Kenneth,Ryantown
18743,Mandy,East Josephborough
18744,Suzanne,Charlesview
18745,Angela,Melissastad
18746,Joseph,West Jennifer
18747,Katherine,Lake Kaylahaven
18748,Stephanie,North Omarchester
18749,Rebecca,Moyerburgh
18750,Jose,New Jonathan
18751,Joshua,North Jessicachester
18752,Maria,North Sara
18753,Walter,North Allisonview
18754,John,West Robert
18755,Brian,Samuelville
18756,Cesar,Port Kellyside
18757,Terri,Nealberg
18758,Jack,New Steven
18759,Monica,Ashleyhaven
18760,Lauren,North Meganshire
18761,David,East Jodi
18762,Brent,South Jerrytown
18763,Martin,Julieberg
18764,Rebekah,Georgetown
18765,Brian,Woodston
18766,Michael,Emilyview
18767,Suzanne,South Daniel
18768,Kevin,Port Paulstad
18769,Edgar,Stevensfort
18770,Jonathan,North Paulberg
18771,Stephen,Davidsonborough
18772,Christopher,Perezmouth
18773,Rachael,Fernandezborough
18774,Amanda,Jeffreyfort
18775,Edward,Lake Brittanytown
18776,Carl,Jonesstad
18777,Kayla,Ballshire
18778,Brittany,Collinsfort
18779,Sabrina,Josefort
18780,Scott,Barbarashire
18781,Evelyn,Villarrealside
18782,Kristin,Port Tammyland
18783,Tammy,Brittanyside
18784,Lisa,Christopherville
18785,Chase,Jenniferfort
18786,Rebecca,Davidchester
18787,Darrell,Christianhaven
18788,Terrence,East Christopherland
18789,Brianna,Sloanburgh
18790,Edward,Grayfurt
18791,Thomas,Lake Corey
18792,Robert,Cameronland
18793,Jessica,Vincentland
18794,Paul,East Laurenland
18795,Brad,West Matthew
18796,Jessica,West Linda
18797,Rebecca,Tomborough
18798,Kyle,Burtonmouth
18799,Levi,Thomasfurt
18800,Jeffrey,Lake Brooke
18801,Alicia,North Mariaton
18802,Heidi,Perezfort
18803,Mary,Lake Christinafort
18804,Jasmine,Kaylaberg
18805,Pamela,Port Kristen
18806,Michael,North Karenfort
18807,Patricia,New Crystal
18808,Kevin,New Valerie
18809,David,Port Rachel
18810,Victoria,Riceville
18811,Cody,Carterburgh
18812,Troy,Matthewtown
18813,Steven,East Anthonymouth
18814,Teresa,Rachelmouth
18815,Tina,Sandersville
18816,Mary,Keithfurt
18817,Tiffany,Ruizview
18818,Derek,New Hannahview
18819,Theresa,North Erikburgh
18820,Michael,East Carlos
18821,Kristin,West Michelle
18822,Rebecca,East George
18823,Brooke,North Raymond
18824,Melissa,Jimenezside
18825,Aaron,Karenhaven
18826,Paul,Elliotthaven
18827,Kevin,Gatesport
18828,Vanessa,Angelaburgh
18829,Tracy,Dianaville
18830,Reginald,Derekburgh
18831,Dennis,Port Matthew
18832,Jonathan,Bridgesmouth
18833,Howard,West Katelynberg
18834,Crystal,Port Jessicachester
18835,Daisy,Port Williamstad
18836,Michaela,New Mollyburgh
18837,Charles,Dianeborough
18838,Mark,Tuckerland
18839,Crystal,Port Sarah
18840,Katrina,Port Ryan
18841,Heather,Stephaniestad
18842,Sherri,South Scott
18843,Jacqueline,Caseystad
18844,Autumn,New Victoriachester
18845,Alexander,Lake Nicole
18846,Heidi,Kennethburgh
18847,David,Harrisbury
18848,Amy,East Katherine
18849,Dale,Atkinsonside
18850,Jeffrey,East Emma
18851,Thomas,South Maryland
18852,Alexander,Port Andrewland
18853,Thomas,Ortegaville
18854,Suzanne,Port Tiffanychester
18855,Kelli,Danieltown
18856,Sean,Shahberg
18857,Becky,Charlesshire
18858,April,Port Ricky
18859,James,Port Susanville
18860,Garrett,Vargasmouth
18861,Jason,Hayleyton
18862,Leslie,Nicolehaven
18863,Tonya,South Jamesshire
18864,Juan,Deniseside
18865,Robert,Smithland
18866,Robert,East Kevin
18867,David,Patrickbury
18868,Shannon,Port Erin
18869,Mark,South Gabrielmouth
18870,Gerald,North Ryan
18871,Katie,Carmenfort
18872,Kyle,Lake Christopherburgh
18873,Diane,East Kirstenshire
18874,Sierra,Port Seanberg
18875,Carlos,Thomasshire
18876,Anthony,North Timothy
18877,Joseph,Whiteside
18878,Frank,Jesusfurt
18879,Gail,Tommyville
18880,Joseph,Jacksonville
18881,Angela,Clarktown
18882,Jessica,Erikstad
18883,Daniel,Amberville
18884,Sarah,Cortezmouth
18885,Taylor,South Christopherbury
18886,Jacqueline,Port Colinmouth
18887,Renee,Gardnershire
18888,Daniel,West Laura
18889,Aaron,Michaelberg
18890,Christine,Brookeview
18891,Jeffrey,New Williammouth
18892,Crystal,North Joyceborough
18893,Paula,Brandonmouth
18894,Zachary,Scottland
18895,Dakota,North John
18896,Philip,Garciamouth
18897,Miguel,North Kelly
18898,Lisa,Eatonburgh
18899,Kenneth,Andreaview
18900,Jerry,Elliottfurt
18901,Matthew,Lindabury
18902,Krystal,Lake Martin
18903,Rebekah,Port Norman
18904,Nathaniel,East Brianmouth
18905,Holly,Joshuafurt
18906,Jamie,South Diana
18907,Kelly,Perezstad
18908,Paul,Mccoyburgh
18909,Lucas,New Rickside
18910,Caroline,South Vincentton
18911,Justin,Garciamouth
18912,Linda,Mcgeemouth
18913,Joel,Brianburgh
18914,Matthew,New Lukefort
18915,Jennifer,West Kelly
18916,Heather,Davidmouth
18917,Troy,North Juanborough
18918,Benjamin,Wyattland
18919,Devin,East Elizabeth
18920,Tammy,Andreaview
18921,Traci,West Jeremy
18922,Jessica,West Justin
18923,Mark,Carlachester
18924,Angel,Kevinborough
18925,Stephanie,Pamelaport
18926,Ashley,South Michaeltown
18927,Allison,Port Robert
18928,Kelsey,Johnburgh
18929,Vanessa,Elizabethchester
18930,Taylor,New Garyton
18931,Lisa,Lisamouth
18932,Jessica,Joshuaton
18933,Ann,Wilkinsonberg
18934,Stacey,Kyleshire
18935,Allison,Glennmouth
18936,Megan,Lake Allen
18937,Amy,Port Paulside
18938,Jonathan,South Larryville
18939,Nancy,New Shelbyfort
18940,Pamela,Anitaburgh
18941,Joseph,Jonesmouth
18942,Angelica,Sharonbury
18943,Shelley,East Valerie
18944,Michelle,Katherinestad
18945,Ruben,Jacksonland
18946,Daisy,Lake Kim
18947,Justin,Boydview
18948,Bridget,North Catherineview
18949,William,North Christopherport
18950,Stephanie,Jenkinsfort
18951,Robert,Lake Stephen
18952,Joseph,Susanfort
18953,Tara,Warrenview
18954,Mariah,Timothyview
18955,Marie,North Andrew
18956,Amanda,South Robin
18957,Colleen,East Steven
18958,Daniel,Kimberlymouth
18959,Tyler,Lake Jason
18960,Leonard,Kelliport
18961,Joy,West Ashley
18962,Alan,Smithbury
18963,Karen,North Matthewbury
18964,Norman,South Stevenfurt
18965,Jeffrey,Herrerastad
18966,Brenda,Port Raymondtown
18967,Holly,Emilyview
18968,Shawn,Timothyland
18969,Laurie,Heidiborough
18970,Amber,West Hannahberg
18971,Emily,Stewartborough
18972,Beth,Danielstad
18973,Natalie,Johnfort
18974,Jonathon,Younghaven
18975,William,Hayeston
18976,Joshua,Robertbury
18977,Audrey,Douglasville
18978,Morgan,North Linda
18979,Travis,West Zacharymouth
18980,Helen,Hickschester
18981,Sean,Brownmouth
18982,Joseph,East Christina
18983,Julia,East Tinaland
18984,Ryan,New Nicolasshire
18985,Lauren,Mitchellton
18986,Wendy,West Glennbury
18987,Ian,Ianville
18988,Hailey,West Judymouth
18989,Christopher,North Cheyenne
18990,John,Lake Jeanbury
18991,Debra,West Todd
18992,Donna,Coreyburgh
18993,Angela,North Amy
18994,Angela,East Paulberg
18995,Derek,West Jeffreymouth
18996,Becky,Lake Kristinview
18997,Michael,Normanland
18998,Erin,Lake Jacqueline
18999,James,New Marthaside
19000,Frank,Taylorview
19001,Veronica,Taylorburgh
19002,Krista,Matthewside
19003,Michael,East Jeffrey
19004,Laura,Mauriceberg
19005,Rachel,East Maryfurt
19006,Kelsey,Smithborough
19007,Taylor,East Cathybury
19008,Danielle,North Michelle
19009,Jacob,West Anitafurt
19010,Alyssa,Brownbury
19011,Timothy,Jonesmouth
19012,Gabriel,South Tinafort
19013,John,New Mackenzietown
19014,Lisa,Marissaside
19015,Kevin,Gregorychester
19016,Lauren,Chloeburgh
19017,Laurie,New Robertchester
19018,Leah,Pughfurt
19019,Shawn,Garzamouth
19020,Matthew,New Patriciaview
19021,Scott,West Erin
19022,Jason,West Courtneyville
19023,Kelly,Wallaceville
19024,Mary,Fosterfort
19025,Crystal,West Coryton
19026,Albert,North Shannon
19027,Douglas,Barkerhaven
19028,Keith,New James
19029,Victoria,East James
19030,Crystal,Ryanmouth
19031,Brian,Vasquezshire
19032,Lauren,West Jessica
19033,Jessica,Harrisview
19034,Julie,Lake Connorbury
19035,Diana,Weberville
19036,James,Francohaven
19037,Victor,Garretthaven
19038,Molly,Port Candace
19039,Mackenzie,West Michael
19040,Christopher,New David
19041,Sarah,North Erikhaven
19042,Laura,South Jennifer
19043,Kylie,Brooksfort
19044,Debra,Williamsland
19045,Lisa,Lake John
19046,Ronald,Jenniferstad
19047,Kimberly,West Craigside
19048,Kimberly,Jonesview
19049,Jessica,Port Christopher
19050,Michael,Lake Tracie
19051,Tammy,Brandonshire
19052,Theresa,East Melissa
19053,Sandy,East Ronald
19054,Jennifer,North Adamshire
19055,Molly,Port Brandonview
19056,Anita,Port Rachelhaven
19057,Carrie,New Henry
19058,Michael,Port Frank
19059,Jonathan,East Philip
19060,Vickie,Lake Williamport
19061,Paula,Port Misty
19062,Nathan,Johnsonport
19063,Ronald,Port Rachel
19064,Sarah,Meltonview
19065,Tiffany,East Cameron
19066,Stephanie,Port Shanemouth
19067,Gregory,Port Martin
19068,Laura,Sampsonborough
19069,Ashley,South Williefort
19070,Tamara,Brianside
19071,Melissa,North Michaelview
19072,Zachary,South Madelinemouth
19073,Dennis,Wilsonport
19074,Linda,Dixonstad
19075,Parker,Rodriguezfurt
19076,Paul,East Davidland
19077,Keith,Johnsonburgh
19078,Ryan,Victoriaville
19079,Casey,Justinhaven
19080,Jeffrey,Josebury
19081,Kendra,East Jill
19082,Laura,Rosalesmouth
19083,Andrew,Millerfurt
19084,Richard,Marcusshire
19085,Ashley,Lake Judychester
19086,Louis,Brianview
19087,Kathryn,East James
19088,Danielle,Nathanbury
19089,Stephanie,Sheriside
19090,Jessica,New Ronaldchester
19091,David,Adamsberg
19092,Adam,South Jaimeside
19093,Andrea,Snowborough
19094,Jaime,Edwinbury
19095,Sherry,Leachfort
19096,Teresa,Brownville
19097,Benjamin,New Joshuaville
19098,Robert,West Christina
19099,Alexander,New Alyssamouth
19100,Daniel,Garyland
19101,David,West Adamville
19102,James,Michellebury
19103,William,Brandtville
19104,Christopher,Brittanytown
19105,Erin,Matthewside
19106,Amy,Fosterside
19107,Stephen,Lake Donmouth
19108,Anna,Hayesmouth
19109,Ann,Hernandezmouth
19110,Brittany,Lake Tammystad
19111,Cody,Port Robert
19112,Tiffany,South Judithberg
19113,Michael,New Michelleshire
19114,Lisa,Pattersonville
19115,Jamie,Davisville
19116,Morgan,Chaseview
19117,Christopher,North Lauren
19118,Erica,Port Brianside
19119,Sabrina,Meghanburgh
19120,Jacqueline,South Melissa
19121,Katrina,New Courtney
19122,John,East Jessehaven
19123,Jennifer,South Tony
19124,Mariah,Port Tiffanyland
19125,Ruben,Lake Alicia
19126,Mary,Jonberg
19127,Jose,Moodyville
19128,Brendan,East Amyburgh
19129,Steven,Heathermouth
19130,Bobby,Barronside
19131,Sarah,North Christopher
19132,Sandra,New Garrett
19133,Patricia,Port Ryan
19134,Daniel,Rickyview
19135,Charles,Annamouth
19136,Darryl,Lake Michaelhaven
19137,Danielle,New Edwardfort
19138,Natalie,Travismouth
19139,Marie,Laurafurt
19140,Amber,Port Amyshire
19141,Eileen,East Paula
19142,Lauren,Gregorystad
19143,Jamie,New Hollyview
19144,Rachel,Samanthabury
19145,Michael,South Daltonborough
19146,April,East Brendabury
19147,Shirley,Murphymouth
19148,Jaime,Nelsonbury
19149,Lisa,Lisaborough
19150,Henry,East Charles
19151,Jeremy,Romerofort
19152,Kelly,East Jennastad
19153,Regina,Houstonport
19154,Mary,Patriciaton
19155,Thomas,New Taylor
19156,Joe,South Maryton
19157,James,Shellyhaven
19158,Matthew,Robertborough
19159,Jennifer,South Anthonyborough
19160,Jermaine,Sandraland
19161,Amy,Port Jefferybury
19162,Evan,Lake Melissahaven
19163,Maria,Michaelastad
19164,Eric,Lake Joshuafurt
19165,Mitchell,East Danielport
19166,Jesus,Lake Matthewberg
19167,Paul,Emilyland
19168,Aaron,Port Sierra
19169,Jose,South Christopher
19170,Charles,Port Jesseland
19171,Richard,Jamesfurt
19172,Kristin,Taylorfort
19173,Dana,South Hannahtown
19174,Sarah,Wendyhaven
19175,Virginia,South Shirleyborough
19176,Savannah,Lake Rodneyfurt
19177,Douglas,New John
19178,Debbie,Johnsonmouth
19179,Brandon,West Jeffreymouth
19180,Carla,Gomezside
19181,Matthew,North Kaitlyn
19182,Haley,Catherinemouth
19183,Lisa,Evansstad
19184,Carrie,West Danielfort
19185,April,West Patrick
19186,Mary,Port Chelseamouth
19187,Keith,Robertsonbury
19188,Beverly,Janicebury
19189,Daniel,Port Jessica
19190,Samantha,East Derrick
19191,Shawn,Marcberg
19192,Christopher,South Aaron
19193,Daniel,East Leah
19194,Tammy,Pacefort
19195,Kevin,Lozanofurt
19196,Deanna,East Alyssamouth
19197,Monica,Lake Danielleborough
19198,Arthur,Mollymouth
19199,Maria,New Patrick
19200,James,New Brandonton
19201,Carolyn,Sharonfort
19202,Julie,Hernandezville
19203,Karen,East Miguel
19204,Julie,Shelbymouth
19205,Jessica,Kimberlymouth
19206,Thomas,Joseview
19207,Brenda,South Victoriaton
19208,Joshua,Garzaberg
19209,Robert,East Scott
19210,Anita,Tanyamouth
19211,Kelly,North Matthewburgh
19212,Samuel,Frazierfurt
19213,Kim,Port Scottchester
19214,Michael,East Zachary
19215,Jeffrey,Port Jenniferborough
19216,Danielle,Lake Brian
19217,Brandi,Ramirezland
19218,Michael,Port Lisaland
19219,Laura,Milesberg
19220,Kristine,North Tomstad
19221,Kathleen,Chavezshire
19222,Lisa,West Matthew
19223,Jessica,New Paulaview
19224,Scott,West Crystal
19225,Jessica,Port Eddieport
19226,Chelsea,East Ashley
19227,Susan,Andreaborough
19228,Michael,North Jasmineland
19229,Robin,Kristabury
19230,Scott,Pennystad
19231,Caitlin,Haynesmouth
19232,Jamie,Russellport
19233,Alexis,East Janiceport
19234,Mark,Flemingburgh
19235,Susan,Ericport
19236,Dan,Richardsonbury
19237,Kelly,Lake Amyhaven
19238,John,Chavezside
19239,April,East Dylan
19240,Victoria,Port Jessica
19241,Blake,North Danielle
19242,Thomas,North Rebeccaville
19243,Lisa,Baileytown
19244,Shelby,Lake Melaniechester
19245,Alexandra,Lewisberg
19246,Kayla,South Michael
19247,Laurie,Kimfurt
19248,Andrew,Alexanderborough
19249,Wayne,Christopherland
19250,Laurie,West Richard
19251,Mary,Reynoldsfort
19252,Rebecca,Michellestad
19253,Lance,Jenniferside
19254,Lori,Port Tiffany
19255,Jessica,Christophershire
19256,Adrienne,Hawkinsville
19257,Adam,South Jennifer
19258,Michael,Hendricksland
19259,Brett,Smithburgh
19260,Katelyn,Jonesberg
19261,Natalie,Jessicaburgh
19262,Christina,Nicolemouth
19263,Anthony,Erinchester
19264,Stephanie,South Waynestad
19265,Susan,New Pattyview
19266,John,Nancybury
19267,Andrew,New Gail
19268,Andrew,Stephenport
19269,Matthew,South Paigeberg
19270,Andrea,South Albertville
19271,Lauren,Arnoldfurt
19272,William,New Travis
19273,Tara,Lake Jodi
19274,Samuel,Emmaville
19275,Michael,West Michaelburgh
19276,Michael,South Melissa
19277,Samantha,Smithtown
19278,Omar,East Josephfurt
19279,Sarah,Arnoldberg
19280,Tonya,Hesterborough
19281,Sergio,West Eric
19282,Thomas,New Hannahfort
19283,Natasha,Stephaniemouth
19284,Fernando,New Terry
19285,Heather,Welchburgh
19286,Ryan,Davidville
19287,Timothy,Keithton
19288,Amber,Jonesstad
19289,Kelli,Duranside
19290,Lisa,East Wayneborough
19291,Daniel,Jodyberg
19292,Jared,Port Rachaelfort
19293,James,Kellytown
19294,Tiffany,Port Judy
19295,Lisa,Smithport
19296,Bobby,East Tracifurt
19297,Ashlee,East Tracy
19298,Gabriel,Tonyahaven
19299,Timothy,Hillfurt
19300,Mary,Douglasburgh
19301,Jonathan,East Danny
19302,Tina,North Richardshire
19303,Craig,West Stephenton
19304,Jennifer,Howardchester
19305,Joshua,Jasmineburgh
19306,Paula,Vincentside
19307,Harold,South Rogerview
19308,Robert,South Gordonton
19309,Maria,West Sarahchester
19310,Rebecca,East Russellfort
19311,Kenneth,Port Justinton
19312,Michael,Joelshire
19313,Kristen,West Brittany
19314,Bobby,Dawnview
19315,Glenn,Dennisside
19316,Danielle,South Natalieville
19317,Samantha,West Samantha
19318,Alejandro,Goodwinchester
19319,Heather,North Amanda
19320,Angela,Lake Thomasmouth
19321,Paul,Bryanhaven
19322,Michael,Port Melissatown
19323,Heather,New Josephmouth
19324,Caroline,Port Christopherbury
19325,Alexis,Breannaview
19326,Angela,Stevefurt
19327,Michael,North Danielbury
19328,Jackie,North Jamesburgh
19329,Kathleen,Bradleystad
19330,Michael,Matthewmouth
19331,Seth,New Michele
19332,Nathaniel,East Samantha
19333,Kiara,Travisville
19334,Kimberly,East Vernon
19335,Ann,South Isaacport
19336,Megan,West Susan
19337,Patricia,Davidsonview
19338,Kathryn,Elliottshire
19339,Mark,Markville
19340,Zachary,South Gregorymouth
19341,Charles,South Diana
19342,Jacqueline,East Lorraine
19343,Nicholas,Brooksmouth
19344,Spencer,Boydbury
19345,Joy,Pearsonfurt
19346,Molly,Morrisonmouth
19347,Pedro,Lake Amber
19348,Cristina,Muellerberg
19349,Douglas,Victorland
19350,Richard,Perkinsview
19351,Amanda,West Katelyn
19352,Joe,South Joel
19353,Megan,Moyerport
19354,David,West Davidborough
19355,Casey,Stephanieberg
19356,Katherine,Port Victoriaside
19357,Tammy,Lake Christopherfurt
19358,Jennifer,West Jenniferburgh
19359,Brandy,Douglasbury
19360,Jennifer,West Erinside
19361,Christian,East William
19362,John,Hernandezshire
19363,Suzanne,Jonathanland
19364,Michael,East Shannonhaven
19365,Stacy,Howardhaven
19366,Jose,Port Kelseychester
19367,Robin,South Albertmouth
19368,Zachary,West Meghantown
19369,Craig,New Daisyfurt
19370,Gabrielle,Beckstad
19371,Dana,Alexistown
19372,Daniel,Cindyland
19373,Janice,Kathyburgh
19374,Steven,Perkinsburgh
19375,Mary,New Julia
19376,John,Beasleyburgh
19377,Juan,East Leonard
19378,Casey,Port Heather
19379,Susan,Castroberg
19380,Amanda,Ernestton
19381,Jennifer,Lake Amanda
19382,Dawn,North Claudiashire
19383,Joshua,Craigview
19384,Stacey,Port Katherinemouth
19385,Erin,North Kellybury
19386,Tracy,Kempview
19387,Shannon,Jimeneztown
19388,Morgan,Ginaside
19389,Gregory,Port Stephanieborough
19390,Monique,West Monica
19391,Christine,South Victor
19392,Lindsey,Collinsstad
19393,James,West Tamibury
19394,William,Munozberg
19395,Dana,West Barrychester
19396,Sandra,West Mariahaven
19397,Elizabeth,Jamesstad
19398,William,Dawsonbury
19399,Anna,Chadstad
19400,Juan,South Samuel
19401,Kenneth,North Briannaton
19402,Jared,Michaelberg
19403,Abigail,Hendersonfurt
19404,Stephanie,East Judithfurt
19405,Jeffrey,Martinezborough
19406,Lindsay,Buckleymouth
19407,Valerie,North Davidview
19408,Cory,Michaelborough
19409,Brittney,Danielborough
19410,Jeffrey,South April
19411,Kelsey,Camachoton
19412,Tiffany,New Jessebury
19413,Lisa,Adamsfort
19414,James,Dianeside
19415,Laura,South David
19416,Wayne,South Stevenville
19417,Tim,Bradburgh
19418,Lacey,Samanthatown
19419,David,Patrickborough
19420,Matthew,Port Shawn
19421,Alyssa,Williamsport
19422,Michael,East Patricia
19423,Rebecca,Danielshire
19424,Brandi,North Jennifer
19425,Mary,Frostport
19426,Elizabeth,Owenburgh
19427,Patricia,West Glenchester
19428,Linda,Andreshire
19429,Matthew,Whitemouth
19430,Jeffrey,West Kathrynchester
19431,Rebecca,East Gabrielaland
19432,Madeline,South Lindsey
19433,Kelly,Wheelerfort
19434,Anita,North Luis
19435,Timothy,Jessicaview
19436,Michael,Kelliberg
19437,Crystal,Lake Brittneymouth
19438,Donna,Blackstad
19439,Allison,Hooverfurt
19440,Danielle,Stephenhaven
19441,Barbara,South Michelle
19442,Erik,Kennethbury
19443,Christopher,Hardingburgh
19444,Nathan,Port Jessica
19445,Karen,West Jessicashire
19446,Michael,East Rebeccaland
19447,Sarah,Mercedesside
19448,Robert,West Karen
19449,Jose,Port Richardview
19450,Crystal,Port Albertport
19451,Michelle,East Chadbury
19452,Drew,East Renee
19453,Robert,West Christian
19454,Phillip,New Ernest
19455,Catherine,North Bruce
19456,Donald,Petermouth
19457,Randy,New Nicholas
19458,William,Lisafort
19459,Taylor,Port Robertland
19460,Victoria,West Michelleton
19461,Matthew,Maxwelltown
19462,Jesse,Scottshire
19463,Kayla,Leonfort
19464,Ashley,South Davidside
19465,Joseph,North Mary
19466,Timothy,Port Bailey
19467,Michael,Hillport
19468,Christopher,North Willie
19469,Francisco,Loritown
19470,Cynthia,Richardview
19471,Mark,Port Nicolehaven
19472,Sarah,West Derrick
19473,April,South Gary
19474,Alexander,Port Sethland
19475,Matthew,Port Megan
19476,Lisa,Karenport
19477,April,Johnsonstad
19478,Erik,South Michaelside
19479,James,Bishopborough
19480,Katherine,South Kyle
19481,Matthew,Tamaraside
19482,Ryan,Jeanland
19483,Justin,East Dean
19484,James,Reyeston
19485,Jeremy,Kimberlyshire
19486,Chelsea,Lake Sherrimouth
19487,Kristen,East Derek
19488,Sarah,Samanthamouth
19489,Linda,North Susan
19490,Eric,Johnnyville
19491,John,Sallyton
19492,Nicholas,Emmafurt
19493,Ryan,Fieldsfort
19494,Phillip,Lake Lorifort
19495,Ashlee,Khantown
19496,Kyle,Lake Shane
19497,Jeffrey,East Robinfort
19498,Melissa,Jimenezport
19499,Robert,Brianburgh
19500,Jessica,Franklinview
19501,Albert,East Lauren
19502,Andrew,Hoganbury
19503,Janet,Christopherfort
19504,Christopher,Gabriellehaven
19505,Jennifer,Liview
19506,Cindy,Holmesport
19507,Kyle,Matthewfort
19508,Laura,West Kristen
19509,Shannon,Howardborough
19510,Ronald,Paynestad
19511,Karen,Port Samuelborough
19512,Douglas,New Tracyberg
19513,Sandra,Melissatown
19514,Christopher,North Nicholas
19515,Benjamin,Marciaport
19516,Elizabeth,Port Nicholas
19517,William,East Kristen
19518,Lisa,Moniqueville
19519,Deborah,Brittanyport
19520,Melanie,South Annmouth
19521,Brandi,New Jenniferfort
19522,Mark,South Jasonside
19523,Jared,South Stephen
19524,Shelley,South Andrewmouth
19525,Bianca,Sarahland
19526,Jason,Brownton
19527,Sonya,Heidistad
19528,Richard,West Preston
19529,Kimberly,New Alyssaland
19530,Christopher,Beckertown
19531,Caleb,Lake Maria
19532,Megan,Darrenstad
19533,Dustin,East Amanda
19534,Rachel,Carrillomouth
19535,Brian,Grossport
19536,Elijah,Jenniferchester
19537,Virginia,South John
19538,John,East Misty
19539,Kenneth,Christinestad
19540,Lauren,East Michael
19541,Jasmine,South Adam
19542,Pamela,Mooremouth
19543,Debra,North Evan
19544,Stephanie,Jeremyshire
19545,Ronald,East Jacquelinebury
19546,Carolyn,North Crystalmouth
19547,Brandon,Port Joshua
19548,Sean,Kayleeton
19549,Erin,Fordmouth
19550,Erik,West Brianfort
19551,Angela,Stewartchester
19552,James,Knoxhaven
19553,George,West Brandonhaven
19554,Ryan,East David
19555,Kevin,Lake Darlenetown
19556,Travis,East Cynthia
19557,Stephanie,Macdonaldland
19558,Holly,South Seth
19559,Dakota,Lake Kevin
19560,Jeffrey,Lake Jacquelinebury
19561,Vincent,Nicholasmouth
19562,Juan,Anthonymouth
19563,Ryan,Port Jessicastad
19564,Christine,Jesseport
19565,Veronica,Conniemouth
19566,Barry,Hopkinsburgh
19567,Robert,Donnahaven
19568,Monica,South Tyler
19569,Katherine,Nathanielborough
19570,Paul,Kingbury
19571,Renee,East Timothy
19572,David,Danielport
19573,Sarah,Lake Joseph
19574,David,Matthewside
19575,Shaun,Cynthiaport
19576,Lisa,Michaelmouth
19577,Tracy,South Blake
19578,Jennifer,Danaside
19579,Briana,Alyssafurt
19580,Renee,East Michaelton
19581,Steven,South Brian
19582,Steve,Donaldside
19583,Christine,South William
19584,Robert,East Keithshire
19585,Brandy,New Ryan
19586,Kyle,South Lorraine
19587,Madison,Williamstown
19588,Keith,South Pamela
19589,Matthew,North Lindsayborough
19590,Amanda,Penningtonberg
19591,Mary,North Theresa
19592,Michelle,Nelsontown
19593,Allison,North Kendraport
19594,Stephanie,Michelleburgh
19595,Christopher,New Sara
19596,Crystal,Andersonmouth
19597,Mark,Sydneyhaven
19598,Corey,West Tonya
19599,Jose,Port Bruceshire
19600,Jason,Lake Michael
19601,Darren,New Justin
19602,Stephen,Cooperport
19603,Katherine,Port Maria
19604,Elizabeth,East Stephenshire
19605,Teresa,Jeffreyview
19606,Kristine,Stevenborough
19607,Chad,Lake Matthewport
19608,Jeanne,Josephmouth
19609,Brent,Curtisfort
19610,Spencer,Mooreview
19611,Danielle,Cristianmouth
19612,Stephen,East Ashleyville
19613,Jeffrey,Meganland
19614,Tammy,Swansonbury
19615,Garrett,West Shari
19616,Nicholas,Port Samanthaberg
19617,James,North Ashley
19618,Eric,West Courtneytown
19619,Douglas,Port Brandonland
19620,Michael,Kevinbury
19621,Jennifer,West Donnaberg
19622,Jennifer,Port Patriciaport
19623,Laurie,South Adam
19624,Troy,Michaeltown
19625,Ronald,Curryfurt
19626,Theresa,Port Luke
19627,Keith,Kristinmouth
19628,Mary,Lake Robertfort
19629,Keith,Hahnbury
19630,Cristian,Evansside
19631,Lisa,Brianborough
19632,Robert,North Wyattberg
19633,Troy,West Alexisfort
19634,Catherine,Watsonton
19635,Phillip,Port Jason
19636,Michele,Reyestown
19637,Michelle,New Juliaview
19638,Robert,Lindsaymouth
19639,Katherine,Robertfort
19640,Tammy,West David
19641,Nicole,Port Paul
19642,Derek,East Luis
19643,Frank,West Michaelmouth
19644,Andrea,Bentonville
19645,Anthony,Matthewville
19646,Keith,East Phillip
19647,Heather,Davidsonport
19648,Charlene,Lake Jameschester
19649,Kristy,Nicolemouth
19650,Deanna,Michaelville
19651,Kenneth,Valdezchester
19652,Travis,Brianshire
19653,Douglas,East Tammyland
19654,David,Hallfurt
19655,John,East Seanland
19656,Brandon,Crystalmouth
19657,Thomas,Hayesborough
19658,Matthew,Carolinefort
19659,Bryan,West Mollystad
19660,Susan,Brianland
19661,Greg,Marissamouth
19662,Dylan,Hawkinsburgh
19663,Michael,Lake Michelle
19664,Carla,Shelleyland
19665,Joseph,Gutierreztown
19666,Robert,Hernandezbury
19667,Heidi,Catherinestad
19668,Paula,Cooperland
19669,Dana,Williamsville
19670,Heather,Lake Maxwellfurt
19671,Stephen,Brownhaven
19672,Amy,East Stevenchester
19673,Justin,Castroshire
19674,Amy,Marioburgh
19675,Madison,Josephberg
19676,Hannah,West Peggyfort
19677,Daisy,Marcoberg
19678,Mary,North Dawn
19679,Michael,Jillburgh
19680,Katherine,South Jennifertown
19681,Paul,South Andreaport
19682,Katherine,South Katherine
19683,Angela,Morenomouth
19684,Katherine,South Williamside
19685,Diana,Lake Jacquelinefort
19686,Kimberly,East Nancy
19687,Brittany,Charlesburgh
19688,Carolyn,Sanfordmouth
19689,Theresa,South Christopherfurt
19690,Nicholas,West Jordanchester
19691,Brandon,Danieltown
19692,Jonathon,Stewartville
19693,Jessica,East Crystalmouth
19694,Edward,Michaelfurt
19695,Duane,Ashleyfort
19696,James,Elizabethburgh
19697,Jodi,North Amymouth
19698,Christine,Lake Peter
19699,Andrea,East Dawnmouth
19700,Jermaine,Nelsonport
19701,Kathleen,West Mark
19702,Carla,Rossbury
19703,Christopher,Theresamouth
19704,Vicki,South Jaimeborough
19705,Justin,Port Eric
19706,Angela,Whitneyfort
19707,Luke,East Dustinchester
19708,Brittney,North Johntown
19709,Sierra,Richardview
19710,George,Chadburgh
19711,Michael,East Sarah
19712,Katie,Beckerville
19713,Edward,West Amyberg
19714,Michael,South Brian
19715,Kayla,Cabreraburgh
19716,Barry,Kellyhaven
19717,Heather,Fordland
19718,Krystal,West Karenside
19719,Brenda,West Davidfort
19720,Sherry,Hunterland
19721,Carlos,Lake Calvinmouth
19722,Phillip,Lake Edwinmouth
19723,Sergio,Spencerhaven
19724,Elizabeth,East Gregoryhaven
19725,Kyle,New Cathyhaven
19726,Christian,Perezton
19727,Jose,West David
19728,Kristine,South Thomasmouth
19729,Kenneth,Davishaven
19730,Michael,Lake Amberburgh
19731,Aaron,Brianstad
19732,Kayla,Matthewshire
19733,Laura,North Ryan
19734,Lisa,Lake Linda
19735,Amanda,Daviston
19736,Jose,Lake Jasonside
19737,Susan,Leblancport
19738,Frank,Jacobbury
19739,Justin,South Christopherland
19740,Thomas,Brianberg
19741,John,Justinport
19742,Robin,West Melissashire
19743,Pamela,Chenville
19744,Daniel,Michaelland
19745,Amber,South Brianafurt
19746,Mary,Guzmanfurt
19747,Tamara,West Gabriela
19748,Emily,New Christopherborough
19749,Christopher,Curtistown
19750,Joshua,New Jessica
19751,Kelsey,Samanthachester
19752,Jared,Lake Leslieton
19753,Kristin,West Donnaport
19754,John,Port Charlesburgh
19755,Jason,Brendashire
19756,Michelle,Elizabethland
19757,Barry,Henrytown
19758,Deborah,East Amanda
19759,Tamara,Lake Stephen
19760,Allen,Thomasshire
19761,Tracy,South Regina
19762,Amy,West Anthonyland
19763,Sara,East Hollyfort
19764,Tony,Stephanieburgh
19765,Karina,North Steven
19766,Stephen,Leonardville
19767,Lisa,New Maurice
19768,Kayla,Briannaborough
19769,Timothy,New Joelburgh
19770,Patrick,Port Andrewstad
19771,David,Dennisberg
19772,Kristin,Evanbury
19773,Gavin,Evelyntown
19774,Megan,Carlosport
19775,Brandon,Johnbury
19776,Kent,Steventon
19777,Justin,Krausehaven
19778,Jordan,Davismouth
19779,Jamie,Port Aprilbury
19780,Nathaniel,East Kyle
19781,Kendra,New Donaldbury
19782,Erin,New Wesleychester
19783,Kimberly,Port Nicole
19784,Steven,Ashleytown
19785,Michele,Lifort
19786,Heather,Smithmouth
19787,Gabriella,Lake Danielleview
19788,Rachel,South Abigailchester
19789,John,South Patricialand
19790,Jon,Lake Michaelberg
19791,Julie,New Eric
19792,Benjamin,East Heatherberg
19793,Denise,South Janet
19794,Elizabeth,Troymouth
19795,Cynthia,North Monica
19796,Robert,Sheilafurt
19797,Tina,North Johnburgh
19798,Antonio,Hollyfurt
19799,Brian,South Brittanychester
19800,Jason,Patrickbury
19801,Michael,Port Megan
19802,Sheila,Cooperville
19803,Brandon,Davisport
19804,James,New Adamhaven
19805,Steve,East Janet
19806,Lisa,West Andrea
19807,Christopher,West Brian
19808,Steven,Martinezberg
19809,Joseph,Brendabury
19810,Richard,West Ronald
19811,Michael,East Tyler
19812,Kelly,New Michelle
19813,Tammy,Rebeccachester
19814,James,South Michael
19815,Joshua,North Jeffrey
19816,James,Meganhaven
19817,Travis,North Manuel
19818,Nicole,Brownchester
19819,Joshua,Velasquezside
19820,Rachel,West Casey
19821,Tim,New Dannyberg
19822,Rebecca,Englishmouth
19823,Douglas,Jenkinstown
19824,Clarence,East Ashleybury
19825,Jennifer,Port Brittanymouth
19826,Christopher,Brewerview
19827,Robert,South Ryan
19828,Regina,Jamesshire
19829,Lori,Rachelchester
19830,Samantha,South Williamview
19831,Vickie,West Michael
19832,Samantha,North Jennifermouth
19833,Brett,Chloeberg
19834,James,Lake Martinland
19835,Mark,Tiffanyview
19836,Michelle,Alicemouth
19837,Yesenia,Lake Shannon
19838,Richard,Port Nicole
19839,Deanna,Lyonsshire
19840,Andrea,South Cindy
19841,Jessica,Sandraview
19842,Jeffrey,Harrisville
19843,Jennifer,Lake Joshua
19844,Paige,Lake Cheryl
19845,Michael,Stevenview
19846,Ryan,Hallview
19847,Amber,North Patricktown
19848,Scott,Lake Dannystad
19849,Joseph,North Benjaminmouth
19850,Christina,Lake George
19851,Stacey,New Derrick
19852,Bethany,New Jerryport
19853,Haley,Port Bryan
19854,David,Lake Carlstad
19855,Tabitha,Powellfort
19856,Whitney,Evanschester
19857,Jill,Cameronchester
19858,Elizabeth,New Timothy
19859,Glenda,East Jenniferberg
19860,Lori,Lake Hailey
19861,Brandon,South Rebecca
19862,Patrick,Griffithport
19863,Joseph,Floresmouth
19864,William,Brendaport
19865,James,North Joel
19866,Tammy,New Stephanieland
19867,Katherine,Lake Laurieburgh
19868,Alice,New Zacharyside
19869,Wendy,Mcphersonhaven
19870,Bianca,West Matthew
19871,Vincent,Turnerbury
19872,Jessica,South Dillon
19873,Anthony,Lake Arthurtown
19874,Henry,West Christopherton
19875,Paul,East Kenneth
19876,Raymond,West Matthewmouth
19877,Tonya,Port Ricky
19878,Elizabeth,Lake Kenneth
19879,Gary,Brooksmouth
19880,Michael,Rangelmouth
19881,Jaime,Schroederfort
19882,Jorge,East Sandy
19883,Joseph,Harrisonfort
19884,Eddie,South Georgeview
19885,Laura,Kingtown
19886,Maria,East Aprilburgh
19887,Joann,Palmerborough
19888,Timothy,Obrienport
19889,James,South Marilynville
19890,Ryan,North Jacktown
19891,James,Port Crystalborough
19892,Cheryl,Taylormouth
19893,Nicholas,Coxstad
19894,Theresa,Lewisberg
19895,Michael,Hernandezmouth
19896,Julie,Farrellmouth
19897,Brian,Rogerbury
19898,Valerie,Port Linda
19899,Michael,Baldwinside
19900,Willie,Bassmouth
19901,Lynn,South Annette
19902,Sherri,Port Stacyland
19903,Teresa,East Michelle
19904,Cindy,East Ann
19905,Kimberly,Lake Kathryn
19906,Jeffrey,Murilloside
19907,Elizabeth,Johnstonstad
19908,Kimberly,Lawsonton
19909,Richard,New Steven
19910,Shawn,West Sarah
19911,Cheyenne,Port Kennethport
19912,Melissa,Russellberg
19913,Tyler,Newmanbury
19914,Phillip,Chadside
19915,Erica,Scottside
19916,Caitlin,East Holly
19917,Matthew,East Victoriaport
19918,Paula,Manueltown
19919,Alyssa,South Joan
19920,Troy,North Linda
19921,David,Jenniferchester
19922,Crystal,Laurenborough
19923,Melanie,Boydmouth
19924,Travis,New Stephen
19925,Steven,Joshuamouth
19926,Julie,Whitakerland
19927,Chelsea,Michaeltown
19928,Danielle,South Nicoleburgh
19929,Michael,Smithmouth
19930,Savannah,Davisfort
19931,Jeffrey,North Cherylport
19932,Heather,Daltonfort
19933,Cassandra,Port Joshuaberg
19934,Michael,Port Krystal
19935,Shane,Lynnton
19936,Joshua,Orrbury
19937,Adam,Lake Melissaport
19938,Luis,Shannonchester
19939,Christopher,Port Robertmouth
19940,Thomas,North Eileen
19941,Maria,Port Tonyabury
19942,Heather,North Brian
19943,Vanessa,East Jennifer
19944,Linda,South Zachary
19945,Elizabeth,New Maryshire
19946,Angela,West Kayleestad
19947,Leah,Lake Brandy
19948,Gary,North Kimberlyton
19949,Rhonda,Armstrongshire
19950,Colleen,West Dawn
19951,Aaron,North Patrickshire
19952,Megan,Goodwinland
19953,Matthew,New Kevin
19954,Derek,South Chadberg
19955,Janice,East Andrewmouth
19956,Christopher,Teresachester
19957,Albert,Port Jeffrey
19958,Douglas,North Keith
19959,Sarah,West Heiditon
19960,Joshua,West Aaron
19961,William,Benjaminville
19962,Derek,West Mckenzie
19963,Michelle,West Elizabethburgh
19964,Matthew,Devinstad
19965,Marvin,Reidberg
19966,Jeffrey,Hayesberg
19967,Mark,Knightfort
19968,Lindsey,Singletontown
19969,Adam,North Kristina
19970,Sheryl,Wheelershire
19971,Troy,Shannonbury
19972,Allison,Millerville
19973,Cody,Greershire
19974,Hayden,Lake Allisonland
19975,Gary,Port Joshua
19976,Michael,Genebury
19977,Mary,Hartshire
19978,Johnny,New Benjamin
19979,Stacey,Reidfurt
19980,Erica,Kimmouth
19981,Brittany,North Keithview
19982,Katherine,East Leslietown
19983,Brian,East Tammy
19984,Cassandra,Marcville
19985,Seth,East Scottshire
19986,Robert,Martinezside
19987,Kenneth,Lake Deannashire
19988,Jorge,Walkerview
19989,Pamela,Philipport
19990,Kathy,Gonzalesfort
19991,Aaron,Port Gilbertshire
19992,Jacqueline,North Sarachester
19993,Faith,Anthonyview
19994,Ashley,Cunninghamshire
19995,Cory,Waterschester
19996,Linda,Munozbury
19997,Jeremy,South Kirstenchester
19998,Rachel,Ashleymouth
19999,Ian,Matthewbury
